run_id,parent_id,condition,method,budget,tie_rule,noise_seed,state,C_nav,Q,J_nav,evaluation_execution,numerical_evaluation_recomputed
ablation_P00_nom_NC_b120_lexicographic,SEM_P00,nominal_relationship,shared_no_cross_future,120,lexicographic,230923,not_attempted,,,,,
ablation_P00_nom_NF_b120_lexicographic,SEM_P00,nominal_relationship,shared_no_feedback,120,lexicographic,230923,not_attempted,,,,,
ablation_P00_nom_NP_b120_lexicographic,SEM_P00,nominal_relationship,shared_no_future,120,lexicographic,230923,not_attempted,,,,,
ablation_P00_shift_NC_b120_lexicographic,SEM_P00,structure_relationship_shift,shared_no_cross_future,120,lexicographic,230923,reserved_or_running,,,,,
ablation_P00_shift_NF_b120_lexicographic,SEM_P00,structure_relationship_shift,shared_no_feedback,120,lexicographic,230923,not_attempted,,,,,
ablation_P00_shift_NP_b120_lexicographic,SEM_P00,structure_relationship_shift,shared_no_future,120,lexicographic,230923,not_attempted,,,,,
ablation_P04_nom_NC_b120_lexicographic,SEM_P04,nominal_relationship,shared_no_cross_future,120,lexicographic,230923,not_attempted,,,,,
ablation_P04_nom_NF_b120_lexicographic,SEM_P04,nominal_relationship,shared_no_feedback,120,lexicographic,230923,not_attempted,,,,,
ablation_P04_nom_NP_b120_lexicographic,SEM_P04,nominal_relationship,shared_no_future,120,lexicographic,230923,not_attempted,,,,,
ablation_P04_shift_NC_b120_lexicographic,SEM_P04,structure_relationship_shift,shared_no_cross_future,120,lexicographic,230923,not_attempted,,,,,
ablation_P04_shift_NF_b120_lexicographic,SEM_P04,structure_relationship_shift,shared_no_feedback,120,lexicographic,230923,not_attempted,,,,,
ablation_P04_shift_NP_b120_lexicographic,SEM_P04,structure_relationship_shift,shared_no_future,120,lexicographic,230923,not_attempted,,,,,
budget_P01_nom_B_b160_lexicographic,SEM_P01,nominal_relationship,bayes_semantic,160,lexicographic,230923,not_attempted,,,,,
budget_P01_nom_B_b80_lexicographic,SEM_P01,nominal_relationship,bayes_semantic,80,lexicographic,230923,not_attempted,,,,,
budget_P01_nom_G_b160_lexicographic,SEM_P01,nominal_relationship,G,160,lexicographic,230923,not_attempted,,,,,
budget_P01_nom_G_b80_lexicographic,SEM_P01,nominal_relationship,G,80,lexicographic,230923,not_attempted,,,,,
budget_P01_nom_S_b160_lexicographic,SEM_P01,nominal_relationship,shared_semantic,160,lexicographic,230923,not_attempted,,,,,
budget_P01_nom_S_b80_lexicographic,SEM_P01,nominal_relationship,shared_semantic,80,lexicographic,230923,not_attempted,,,,,
core_P00_nom_B_b120_lexicographic,SEM_P00,nominal_relationship,bayes_semantic,120,lexicographic,230923,complete_episode,0.9559834938101788,0.66087364406339,0.6317842952187841,reused,False
core_P00_nom_F_b120_lexicographic,SEM_P00,nominal_relationship,fixed_semantic,120,lexicographic,230923,complete_episode,0.9559834938101788,0.66087364406339,0.6317842952187841,reused,False
core_P00_nom_G_b120_lexicographic,SEM_P00,nominal_relationship,G,120,lexicographic,230923,complete_episode,0.9559834938101788,0.66087364406339,0.6317842952187841,recomputed,True
core_P00_nom_K_b120_lexicographic,SEM_P00,nominal_relationship,known_structure_reference,120,lexicographic,230923,complete_episode,0.968707015130674,0.6986929675329611,0.6768287790716476,recomputed,True
core_P00_nom_S_b120_lexicographic,SEM_P00,nominal_relationship,shared_semantic,120,lexicographic,230923,complete_episode,0.9559834938101788,0.66087364406339,0.6317842952187841,reused,False
core_P00_shift_B_b120_lexicographic,SEM_P00,structure_relationship_shift,bayes_semantic,120,lexicographic,230923,complete_episode,0.874828060522696,0.6937538564073034,0.6069153406809421,reused,False
core_P00_shift_F_b120_lexicographic,SEM_P00,structure_relationship_shift,fixed_semantic,120,lexicographic,230923,complete_episode,,,,,
core_P00_shift_G_b120_lexicographic,SEM_P00,structure_relationship_shift,G,120,lexicographic,230923,complete_episode,0.874828060522696,0.6937538564073034,0.6069153406809421,recomputed,True
core_P00_shift_K_b120_lexicographic,SEM_P00,structure_relationship_shift,known_structure_reference,120,lexicographic,230923,complete_episode,,,,,
core_P00_shift_S_b120_lexicographic,SEM_P00,structure_relationship_shift,shared_semantic,120,lexicographic,230923,complete_episode,0.874828060522696,0.6937538564073034,0.6069153406809421,reused,False
core_P01_nom_B_b120_lexicographic,SEM_P01,nominal_relationship,bayes_semantic,120,lexicographic,230923,complete_episode,0.6746071971616827,0.5247945777126036,0.3540301991563484,reused,False
core_P01_nom_F_b120_lexicographic,SEM_P01,nominal_relationship,fixed_semantic,120,lexicographic,230923,complete_episode,0.6746071971616827,0.5247945777126036,0.3540301991563484,reused,False
core_P01_nom_G_b120_lexicographic,SEM_P01,nominal_relationship,G,120,lexicographic,230923,complete_episode,0.6746071971616827,0.5247945777126036,0.3540301991563484,recomputed,True
core_P01_nom_K_b120_lexicographic,SEM_P01,nominal_relationship,known_structure_reference,120,lexicographic,230923,complete_episode,,,,,
core_P01_nom_S_b120_lexicographic,SEM_P01,nominal_relationship,shared_semantic,120,lexicographic,230923,complete_episode,0.6746071971616827,0.5247945777126036,0.3540301991563484,reused,False
core_P01_shift_B_b120_lexicographic,SEM_P01,structure_relationship_shift,bayes_semantic,120,lexicographic,230923,complete_episode,0.7065382665990877,0.49657486531408546,0.3508491445756894,reused,False
core_P01_shift_F_b120_lexicographic,SEM_P01,structure_relationship_shift,fixed_semantic,120,lexicographic,230923,complete_episode,,,,,
core_P01_shift_G_b120_lexicographic,SEM_P01,structure_relationship_shift,G,120,lexicographic,230923,complete_episode,0.7065382665990877,0.49657486531408546,0.3508491445756894,recomputed,True
core_P01_shift_K_b120_lexicographic,SEM_P01,structure_relationship_shift,known_structure_reference,120,lexicographic,230923,complete_episode,,,,,
core_P01_shift_S_b120_lexicographic,SEM_P01,structure_relationship_shift,shared_semantic,120,lexicographic,230923,complete_episode,0.7065382665990877,0.49657486531408546,0.3508491445756894,reused,False
core_P02_nom_B_b120_lexicographic,SEM_P02,nominal_relationship,bayes_semantic,120,lexicographic,230923,complete_episode,0.8770661157024794,0.6449713986554036,0.5656825593578902,recomputed,True
core_P02_nom_F_b120_lexicographic,SEM_P02,nominal_relationship,fixed_semantic,120,lexicographic,230923,complete_episode,,,,,
core_P02_nom_G_b120_lexicographic,SEM_P02,nominal_relationship,G,120,lexicographic,230923,complete_episode,0.87525826446281,0.6586522366160961,0.5764908135051523,recomputed,True
core_P02_nom_K_b120_lexicographic,SEM_P02,nominal_relationship,known_structure_reference,120,lexicographic,230923,reserved_or_running,,,,,
core_P02_nom_S_b120_lexicographic,SEM_P02,nominal_relationship,shared_semantic,120,lexicographic,230923,complete_episode,0.8770661157024794,0.6449713986554036,0.5656825593578902,reused,False
core_P02_shift_B_b120_lexicographic,SEM_P02,structure_relationship_shift,bayes_semantic,120,lexicographic,230923,complete_episode,0.8827479338842975,0.5910701182389723,0.5217659256562002,reused,False
core_P02_shift_F_b120_lexicographic,SEM_P02,structure_relationship_shift,fixed_semantic,120,lexicographic,230923,complete_episode,,,,,
core_P02_shift_G_b120_lexicographic,SEM_P02,structure_relationship_shift,G,120,lexicographic,230923,complete_episode,0.8827479338842975,0.5910701182389723,0.5217659256562002,recomputed,True
core_P02_shift_K_b120_lexicographic,SEM_P02,structure_relationship_shift,known_structure_reference,120,lexicographic,230923,complete_episode,,,,,
core_P02_shift_S_b120_lexicographic,SEM_P02,structure_relationship_shift,shared_semantic,120,lexicographic,230923,complete_episode,0.8827479338842975,0.5910701182389723,0.5217659256562002,reused,False
core_P03_nom_B_b120_lexicographic,SEM_P03,nominal_relationship,bayes_semantic,120,lexicographic,230923,reserved_or_running,,,,,
core_P03_nom_F_b120_lexicographic,SEM_P03,nominal_relationship,fixed_semantic,120,lexicographic,230923,complete_episode,,,,,
core_P03_nom_G_b120_lexicographic,SEM_P03,nominal_relationship,G,120,lexicographic,230923,complete_episode,0.8733823015040224,0.4980577973955843,0.43499486537137955,recomputed,True
core_P03_nom_K_b120_lexicographic,SEM_P03,nominal_relationship,known_structure_reference,120,lexicographic,230923,complete_episode,,,,,
core_P03_nom_S_b120_lexicographic,SEM_P03,nominal_relationship,shared_semantic,120,lexicographic,230923,complete_episode,0.8733823015040224,0.4980577973955843,0.43499486537137955,reused,False
core_P03_shift_B_b120_lexicographic,SEM_P03,structure_relationship_shift,bayes_semantic,120,lexicographic,230923,complete_episode,0.8338579923050018,0.5047931503151974,0.4209258028511475,reused,False
core_P03_shift_F_b120_lexicographic,SEM_P03,structure_relationship_shift,fixed_semantic,120,lexicographic,230923,complete_episode,,,,,
core_P03_shift_G_b120_lexicographic,SEM_P03,structure_relationship_shift,G,120,lexicographic,230923,complete_episode,0.8338579923050018,0.5047931503151974,0.4209258028511475,recomputed,True
core_P03_shift_K_b120_lexicographic,SEM_P03,structure_relationship_shift,known_structure_reference,120,lexicographic,230923,complete_episode,,,,,
core_P03_shift_S_b120_lexicographic,SEM_P03,structure_relationship_shift,shared_semantic,120,lexicographic,230923,complete_episode,0.8338579923050018,0.5047931503151974,0.4209258028511475,reused,False
core_P04_nom_B_b120_lexicographic,SEM_P04,nominal_relationship,bayes_semantic,120,lexicographic,230923,complete_episode,0.639751552795031,0.6054236989813694,0.3873207515222425,reused,False
core_P04_nom_F_b120_lexicographic,SEM_P04,nominal_relationship,fixed_semantic,120,lexicographic,230923,complete_episode,,,,,
core_P04_nom_G_b120_lexicographic,SEM_P04,nominal_relationship,G,120,lexicographic,230923,complete_episode,0.639751552795031,0.6054236989813694,0.3873207515222425,recomputed,True
core_P04_nom_K_b120_lexicographic,SEM_P04,nominal_relationship,known_structure_reference,120,lexicographic,230923,complete_episode,,,,,
core_P04_nom_S_b120_lexicographic,SEM_P04,nominal_relationship,shared_semantic,120,lexicographic,230923,complete_episode,0.639751552795031,0.6054236989813694,0.3873207515222425,reused,False
core_P04_shift_B_b120_lexicographic,SEM_P04,structure_relationship_shift,bayes_semantic,120,lexicographic,230923,complete_episode,0.5949945195469493,0.5981217726624402,0.3558791767558582,reused,False
core_P04_shift_F_b120_lexicographic,SEM_P04,structure_relationship_shift,fixed_semantic,120,lexicographic,230923,complete_episode,,,,,
core_P04_shift_G_b120_lexicographic,SEM_P04,structure_relationship_shift,G,120,lexicographic,230923,complete_episode,0.5949945195469493,0.5981217726624402,0.3558791767558582,recomputed,True
core_P04_shift_K_b120_lexicographic,SEM_P04,structure_relationship_shift,known_structure_reference,120,lexicographic,230923,reserved_or_running,,,,,
core_P04_shift_S_b120_lexicographic,SEM_P04,structure_relationship_shift,shared_semantic,120,lexicographic,230923,complete_episode,0.5949945195469493,0.5981217726624402,0.3558791767558582,reused,False
core_P05_nom_B_b120_lexicographic,SEM_P05,nominal_relationship,bayes_semantic,120,lexicographic,230923,complete_episode,0.9997829861111112,0.8901116981472741,0.8899185315461137,reused,False
core_P05_nom_F_b120_lexicographic,SEM_P05,nominal_relationship,fixed_semantic,120,lexicographic,230923,complete_episode,,,,,
core_P05_nom_G_b120_lexicographic,SEM_P05,nominal_relationship,G,120,lexicographic,230923,complete_episode,0.9997829861111112,0.8901116981472741,0.8899185315461137,recomputed,True
core_P05_nom_K_b120_lexicographic,SEM_P05,nominal_relationship,known_structure_reference,120,lexicographic,230923,reserved_or_running,,,,,
core_P05_nom_S_b120_lexicographic,SEM_P05,nominal_relationship,shared_semantic,120,lexicographic,230923,complete_episode,0.9997829861111112,0.8901116981472741,0.8899185315461137,reused,False
core_P05_shift_B_b120_lexicographic,SEM_P05,structure_relationship_shift,bayes_semantic,120,lexicographic,230923,complete_episode,0.9997829861111112,0.8722768202747462,0.8720875240897907,reused,False
core_P05_shift_F_b120_lexicographic,SEM_P05,structure_relationship_shift,fixed_semantic,120,lexicographic,230923,complete_episode,,,,,
core_P05_shift_G_b120_lexicographic,SEM_P05,structure_relationship_shift,G,120,lexicographic,230923,complete_episode,0.9997829861111112,0.8722768202747462,0.8720875240897907,recomputed,True
core_P05_shift_K_b120_lexicographic,SEM_P05,structure_relationship_shift,known_structure_reference,120,lexicographic,230923,complete_episode,,,,,
core_P05_shift_S_b120_lexicographic,SEM_P05,structure_relationship_shift,shared_semantic,120,lexicographic,230923,complete_episode,0.9997829861111112,0.8722768202747462,0.8720875240897907,reused,False
noinfo_P01_none_B_b120_lexicographic,SEM_P01,uninformative_relationship,bayes_semantic,120,lexicographic,230923,not_attempted,,,,,
noinfo_P01_none_G_b120_lexicographic,SEM_P01,uninformative_relationship,G,120,lexicographic,230923,not_attempted,,,,,
noinfo_P01_none_S_b120_lexicographic,SEM_P01,uninformative_relationship,shared_semantic,120,lexicographic,230923,not_attempted,,,,,
noinfo_P05_none_B_b120_lexicographic,SEM_P05,uninformative_relationship,bayes_semantic,120,lexicographic,230923,not_attempted,,,,,
noinfo_P05_none_G_b120_lexicographic,SEM_P05,uninformative_relationship,G,120,lexicographic,230923,not_attempted,,,,,
noinfo_P05_none_S_b120_lexicographic,SEM_P05,uninformative_relationship,shared_semantic,120,lexicographic,230923,not_attempted,,,,,
recognition_P00_wrong_B_b120_lexicographic,SEM_P00,persistent_recognition_error,bayes_semantic,120,lexicographic,230923,not_attempted,,,,,
recognition_P00_wrong_G_b120_lexicographic,SEM_P00,persistent_recognition_error,G,120,lexicographic,230923,not_attempted,,,,,
recognition_P00_wrong_S_b120_lexicographic,SEM_P00,persistent_recognition_error,shared_semantic,120,lexicographic,230923,not_attempted,,,,,
recognition_P04_wrong_B_b120_lexicographic,SEM_P04,persistent_recognition_error,bayes_semantic,120,lexicographic,230923,not_attempted,,,,,
recognition_P04_wrong_G_b120_lexicographic,SEM_P04,persistent_recognition_error,G,120,lexicographic,230923,not_attempted,,,,,
recognition_P04_wrong_S_b120_lexicographic,SEM_P04,persistent_recognition_error,shared_semantic,120,lexicographic,230923,not_attempted,,,,,
tie_P02_nom_B_b120_reverse,SEM_P02,nominal_relationship,bayes_semantic,120,reverse,230923,not_attempted,,,,,
tie_P02_nom_B_b120_seeded_random,SEM_P02,nominal_relationship,bayes_semantic,120,seeded_random,230923,not_attempted,,,,,
tie_P02_nom_G_b120_reverse,SEM_P02,nominal_relationship,G,120,reverse,230923,not_attempted,,,,,
tie_P02_nom_G_b120_seeded_random,SEM_P02,nominal_relationship,G,120,seeded_random,230923,not_attempted,,,,,
tie_P02_nom_S_b120_reverse,SEM_P02,nominal_relationship,shared_semantic,120,reverse,230923,not_attempted,,,,,
tie_P02_nom_S_b120_seeded_random,SEM_P02,nominal_relationship,shared_semantic,120,seeded_random,230923,not_attempted,,,,,
