action_id,assignment,candidate_count,coverage_evaluated_cells,coverage_proposal_status,geometric_proposal_queries,index,mode,plan_index,planning_seconds,scored_unique_poses,selected_group,selected_pose,selected_score,selected_sources,semantic_proposal_queries
0,A_complex_B_simple,12,931,available,32,0,G,0,0.2494721789844334,27,observed_geometry_revisit,"[41,47,2]",0.00782289789596415,"[""observed_surface_deficit""]",0
5,A_complex_B_simple,12,1012,available,152,0,G,1,0.3902580721769482,131,coverage_v20_0,"[19,45,0]",0.008471153846153847,"[""observed_frontier""]",0
10,A_complex_B_simple,12,1048,available,176,0,G,2,0.34805627004243433,82,coverage_v20_0,"[16,45,0]",0.0077083333333333335,"[""observed_frontier""]",0
15,A_complex_B_simple,12,1081,available,176,0,G,3,0.35092506115324795,79,coverage_v20_0,"[11,45,0]",0.0071354166666666675,"[""observed_frontier""]",0
20,A_complex_B_simple,12,1101,available,176,0,G,4,0.3433281220495701,68,coverage_v20_0,"[8,45,0]",0.007431818181818182,"[""observed_frontier""]",0
25,A_complex_B_simple,12,1100,available,158,0,G,5,0.33949674502946436,64,coverage_v20_0,"[21,64,0]",0.006564516129032257,"[""observed_frontier""]",0
30,A_complex_B_simple,12,1153,available,144,0,G,6,0.3548184400424361,69,coverage_v20_0,"[30,55,1]",0.008257499286101864,"[""observed_frontier""]",0
35,A_complex_B_simple,12,1304,available,142,0,G,7,0.41227696905843914,82,coverage_v20_3,"[30,57,1]",0.007369808563430688,"[""observed_frontier""]",0
39,A_complex_B_simple,12,1354,available,127,0,G,8,0.40866384701803327,73,coverage_v20_0,"[21,64,0]",0.005650174958275635,"[""observed_frontier""]",0
44,A_complex_B_simple,12,1395,available,107,0,G,9,0.3857532599940896,45,coverage_v20_0,"[15,66,0]",0.0046625,"[""observed_frontier""]",0
49,A_complex_B_simple,12,1404,available,118,0,G,10,0.40628428710624576,61,coverage_v20_0,"[29,21,0]",0.0037801724137931036,"[""observed_frontier""]",0
54,A_complex_B_simple,12,1404,available,106,0,G,11,0.37661370588466525,45,coverage_v20_0,"[29,21,0]",0.0041367924528301885,"[""observed_frontier""]",0
59,A_complex_B_simple,12,1377,available,126,0,G,12,0.40163978305645287,73,coverage_v20_0,"[29,21,0]",0.004567708333333333,"[""observed_frontier""]",0
64,A_complex_B_simple,12,1377,available,127,0,G,13,0.38302263407967985,49,coverage_v20_0,"[29,21,0]",0.005098837209302326,"[""observed_frontier""]",0
69,A_complex_B_simple,12,1377,available,132,0,G,14,0.391041147056967,63,coverage_v20_0,"[36,22,3]",0.005793103448275863,"[""observed_frontier""]",0
74,A_complex_B_simple,12,1377,available,142,0,G,15,0.3910769079811871,57,coverage_v20_0,"[36,23,3]",0.007032608695652174,"[""observed_frontier""]",0
79,A_complex_B_simple,12,1403,available,136,0,G,16,0.41670303395949304,78,coverage_v20_0,"[36,24,3]",0.007617647058823529,"[""observed_frontier""]",0
84,A_complex_B_simple,12,1533,available,144,0,G,17,0.42785966605879366,61,coverage_v20_0,"[36,24,3]",0.00800509386244804,"[""observed_frontier""]",0
89,A_complex_B_simple,12,1638,available,142,0,G,18,0.48332557803951204,96,coverage_v20_0,"[36,24,3]",0.00812684772562044,"[""observed_frontier""]",0
94,A_complex_B_simple,12,1791,available,146,0,G,19,0.5580416759476066,83,coverage_v20_0,"[36,24,3]",0.006767114359188715,"[""observed_frontier""]",0
96,A_complex_B_simple,12,1798,available,124,0,G,20,0.4731960641220212,53,coverage_v20_0,"[20,16,0]",0.00553,"[""observed_frontier""]",0
101,A_complex_B_simple,12,1838,available,106,0,G,21,0.504920223960653,32,coverage_v20_0,"[15,14,0]",0.004833333333333334,"[""observed_frontier""]",0
106,A_complex_B_simple,12,1863,available,90,0,G,22,0.48695726599544287,52,coverage_v20_0,"[13,14,0]",0.005458333333333333,"[""observed_frontier""]",0
111,A_complex_B_simple,12,1907,available,91,0,G,23,0.4794501441065222,52,coverage_v20_2,"[24,12,3]",0.003984073387802497,"[""observed_frontier""]",0
116,A_complex_B_simple,12,1922,available,124,0,G,24,0.47567805903963745,45,coverage_v20_0,"[12,35,0]",0.0015892857142857143,"[""observed_frontier""]",0
121,A_complex_B_simple,12,1915,available,115,0,G,25,0.48658506385982037,55,coverage_v20_0,"[12,35,0]",0.0017770270270270271,"[""observed_frontier""]",0
126,A_complex_B_simple,12,1911,available,88,0,G,26,0.47446943912655115,41,coverage_v20_0,"[12,35,0]",0.0020546875,"[""observed_frontier""]",0
131,A_complex_B_simple,12,1911,available,111,0,G,27,0.4949756911955774,64,coverage_v20_0,"[12,35,0]",0.002037037037037037,"[""observed_frontier""]",0
136,A_complex_B_simple,12,1905,available,119,0,G,28,0.47985459491610527,51,coverage_v20_0,"[12,35,0]",0.0025,"[""observed_frontier""]",0
141,A_complex_B_simple,12,1915,available,114,0,G,29,0.47984449705109,50,coverage_v20_0,"[8,31,3]",0.0016614352982638734,"[""observed_frontier""]",0
146,A_complex_B_simple,12,1911,available,86,0,G,30,0.4761499990709126,48,coverage_v20_0,"[8,32,3]",0.0020585590308742924,"[""observed_frontier""]",0
151,A_complex_B_simple,12,1908,available,107,0,G,31,0.47538027516566217,49,coverage_v20_1,"[12,66,3]",0.0010891720432275882,"[""observed_frontier""]",0
156,A_complex_B_simple,12,1895,available,115,0,G,32,0.4726806238759309,47,coverage_v20_1,"[12,66,3]",0.0011452715303566874,"[""observed_frontier""]",0
161,A_complex_B_simple,12,1890,available,114,0,G,33,0.4741856758482754,48,coverage_v20_1,"[12,66,3]",0.0012695005766416307,"[""observed_frontier""]",0
166,A_complex_B_simple,12,1890,available,103,0,G,34,0.4677105580922216,43,coverage_v20_1,"[12,66,3]",0.001299619305089467,"[""observed_frontier""]",0
171,A_complex_B_simple,12,1890,available,101,0,G,35,0.46888474095612764,45,coverage_v20_0,"[12,67,0]",0.0014136363636363637,"[""observed_frontier""]",0
176,A_complex_B_simple,12,1890,available,96,0,G,36,0.4715275939088315,46,coverage_v20_1,"[12,66,3]",0.0015840964075459032,"[""observed_frontier""]",0
181,A_complex_B_simple,12,1890,available,128,0,G,37,0.5310943380463868,48,coverage_v20_0,"[12,67,0]",0.0017277777777777777,"[""observed_frontier""]",0
186,A_complex_B_simple,12,1890,available,113,0,G,38,0.48916718317195773,58,coverage_v20_0,"[12,67,0]",0.00194375,"[""observed_frontier""]",0
191,A_complex_B_simple,12,1880,available,98,0,G,39,0.5299288230016828,47,coverage_v20_0,"[15,67,0]",0.002234375,"[""observed_frontier""]",0
196,A_complex_B_simple,12,1880,available,131,0,G,40,0.47061109310016036,47,coverage_v20_1,"[12,66,3]",0.0026699357586330696,"[""observed_frontier""]",0
201,A_complex_B_simple,12,1880,available,105,0,G,41,0.5398680961225182,53,coverage_v20_0,"[12,67,0]",0.0028100000000000004,"[""observed_frontier""]",0
206,A_complex_B_simple,12,1874,available,119,0,G,42,0.4672196919564158,45,coverage_v20_0,"[9,67,0]",0.0023804347826086956,"[""observed_frontier""]",0
211,A_complex_B_simple,12,1878,available,113,0,G,43,0.46493934001773596,46,coverage_v20_0,"[9,67,0]",0.0018194444444444445,"[""observed_frontier""]",0
216,A_complex_B_simple,12,1870,available,106,0,G,44,0.4652144401334226,47,coverage_v20_0,"[9,67,0]",0.0025,"[""observed_frontier""]",0
221,A_complex_B_simple,12,1846,available,105,0,G,45,0.4555878699757159,48,coverage_v20_0,"[9,67,0]",0.0029375,"[""observed_frontier""]",0
226,A_complex_B_simple,12,1804,available,106,0,G,46,0.4360825091134757,35,coverage_v20_0,"[9,67,0]",0.0042499999999999994,"[""observed_frontier""]",0
229,A_complex_B_simple,12,1771,available,90,0,G,47,0.42959185992367566,36,coverage_v20_0,"[4,74,0]",0.0019821428571428572,"[""observed_frontier""]",0
234,A_complex_B_simple,12,1728,available,99,0,G,48,0.4059946129564196,28,coverage_v20_0,"[4,74,0]",0.0030555555555555557,"[""observed_frontier""]",0
239,A_complex_B_simple,12,1677,available,101,0,G,49,0.39931814279407263,33,coverage_v20_0,"[4,74,0]",0.0060625,"[""observed_frontier""]",0
243,A_complex_B_simple,12,1625,available,98,0,G,50,0.3841834228951484,32,observed_geometry_revisit,"[24,75,2]",0.00039332097160024824,"[""observed_surface_deficit""]",0
248,A_complex_B_simple,11,1610,available,103,0,G,51,0.36702519305981696,20,observed_geometry_revisit,"[24,75,2]",0.00045285899644998567,"[""observed_surface_deficit""]",0
253,A_complex_B_simple,11,1610,available,99,0,G,52,0.37203009612858295,23,observed_geometry_revisit,"[33,52,0]",0.00010048697254008958,"[""observed_surface_deficit""]",0
258,A_complex_B_simple,11,1610,available,124,0,G,53,0.3742464978713542,25,observed_geometry_revisit,"[38,75,2]",0.00019566846857664534,"[""observed_surface_deficit""]",0
263,A_complex_B_simple,11,1610,available,112,0,G,54,0.3649511351250112,21,observed_geometry_revisit,"[24,75,2]",0.001790830798987824,"[""observed_surface_deficit""]",0
266,A_complex_B_simple,11,1604,available,111,0,G,55,0.3745154859498143,27,observed_geometry_revisit,"[26,13,3]",0.00011899632257700471,"[""observed_surface_deficit""]",0
271,A_complex_B_simple,11,1597,available,140,0,G,56,0.4576548819895834,40,observed_geometry_revisit,"[21,75,0]",0.00027409398118802877,"[""observed_surface_deficit""]",0
276,A_complex_B_simple,10,1494,available,116,0,G,57,0.3363127240445465,20,observed_geometry_revisit,"[27,55,3]",0.00014789811078104695,"[""observed_surface_deficit""]",0
281,A_complex_B_simple,10,1493,available,110,0,G,58,0.3254764329176396,11,coverage_v20_0,"[9,35,0]",0.00011513157894736843,"[""observed_frontier""]",0
286,A_complex_B_simple,9,1488,available,121,0,G,59,0.32620571996085346,11,coverage_v20_0,"[9,35,0]",0.0001425742745560035,"[""observed_frontier""]",0
291,A_complex_B_simple,9,1475,available,136,0,G,60,0.34069052897393703,25,observed_geometry_revisit,"[27,51,3]",0.0002237436866736196,"[""observed_surface_deficit""]",0
296,A_complex_B_simple,9,1457,available,121,0,G,61,0.3240733190905303,14,coverage_v20_0,"[9,35,0]",0.00017033436682532108,"[""observed_frontier""]",0
301,A_complex_B_simple,9,1431,available,116,0,G,62,0.326607831986621,23,coverage_v20_0,"[9,35,0]",0.00018045796686695062,"[""observed_frontier""]",0
306,A_complex_B_simple,9,1385,available,129,0,G,63,0.3013788480311632,10,observed_geometry_revisit,"[9,35,2]",0.00021104290806180586,"[""observed_surface_deficit""]",0
311,A_complex_B_simple,7,1340,available,113,0,G,64,0.3079399501439184,7,coverage_v20_0,"[9,35,0]",0.00019021739130434785,"[""observed_frontier""]",0
316,A_complex_B_simple,9,1288,available,99,0,G,65,0.28732495405711234,12,coverage_v20_0,"[9,35,0]",0.0002134146341463415,"[""observed_frontier""]",0
321,A_complex_B_simple,9,1221,available,96,0,G,66,0.276684925891459,17,observed_geometry_revisit,"[36,36,0]",0.0007280079473187313,"[""observed_surface_deficit""]",0
326,A_complex_B_simple,5,1105,available,115,0,G,67,0.23907720111310482,5,coverage_v20_0,"[9,35,0]",0.00028225806451612906,"[""observed_frontier""]",0
331,A_complex_B_simple,9,975,available,120,0,G,68,0.23020532494410872,17,observed_geometry_revisit,"[32,35,1]",0.0005451392588988153,"[""observed_surface_deficit""]",0
335,A_complex_B_simple,3,856,available,97,0,G,69,0.1888403040356934,3,coverage_v20_0,"[11,35,0]",0.00020454545454545454,"[""observed_frontier""]",0
340,A_complex_B_simple,5,697,available,131,0,G,70,0.15415194095112383,5,observed_geometry_revisit,"[27,35,0]",0.000664270132087274,"[""observed_surface_deficit""]",0
341,A_complex_B_simple,1,635,available,133,0,G,71,0.13664261484518647,1,coverage_v20_0,"[11,35,0]",0.0003130370444542728,"[""observed_frontier""]",0
346,A_complex_B_simple,1,438,available,105,0,G,72,0.09565807390026748,1,coverage_v20_0,"[11,35,0]",0.0004887738874727185,"[""observed_frontier""]",0
351,A_complex_B_simple,1,268,available,108,0,G,73,0.06049220287241042,1,coverage_v20_0,"[10,35,0]",0.0002775507311712024,"[""observed_frontier""]",0
356,A_complex_B_simple,3,120,no_unknown_gain,105,0,G,74,0.03386146714910865,3,observed_geometry_revisit,"[39,36,0]",0.00015113852334500656,"[""observed_surface_deficit""]",0
361,A_complex_B_simple,2,115,no_unknown_gain,109,0,G,75,0.03210827405564487,2,observed_geometry_revisit,"[27,36,1]",6.800672788743511e-05,"[""observed_surface_deficit""]",0
366,A_complex_B_simple,2,110,no_unknown_gain,109,0,G,76,0.03150451020337641,2,observed_geometry_revisit,"[27,36,1]",0.00010578824338045462,"[""observed_surface_deficit""]",0
371,A_complex_B_simple,0,105,no_unknown_gain,126,0,G,77,0.027200364042073488,0,,,,[],0
372,A_complex_B_simple,0,104,no_unknown_gain,114,0,G,78,0.026951812906190753,0,,,,[],0
373,A_complex_B_simple,0,103,no_unknown_gain,126,0,G,79,0.027520786970853806,0,,,,[],0
374,A_complex_B_simple,0,101,no_unknown_gain,124,0,G,80,0.02635905402712524,0,,,,[],0
375,A_complex_B_simple,0,98,no_unknown_gain,124,0,G,81,0.025756202172487974,0,,,,[],0
376,A_complex_B_simple,0,95,no_unknown_gain,138,0,G,82,0.025353483855724335,0,,,,[],0
377,A_complex_B_simple,0,91,no_unknown_gain,111,0,G,83,0.024217941099777818,0,,,,[],0
378,A_complex_B_simple,0,87,no_unknown_gain,125,0,G,84,0.023910502204671502,0,,,,[],0
379,A_complex_B_simple,0,83,no_unknown_gain,141,0,G,85,0.022679731948301196,0,,,,[],0
380,A_complex_B_simple,1,79,no_unknown_gain,131,0,G,86,0.02402561390772462,1,observed_geometry_revisit,"[42,40,2]",5.763901624758294e-05,"[""observed_surface_deficit""]",0
385,A_complex_B_simple,0,52,no_unknown_gain,114,0,G,87,0.01645791996270418,0,,,,[],0
386,A_complex_B_simple,0,44,no_unknown_gain,114,0,G,88,0.01491846889257431,0,,,,[],0
387,A_complex_B_simple,0,36,no_unknown_gain,114,0,G,89,0.013082615099847317,0,,,,[],0
388,A_complex_B_simple,0,27,no_unknown_gain,139,0,G,90,0.011493277968838811,0,,,,[],0
389,A_complex_B_simple,0,23,no_unknown_gain,117,0,G,91,0.010528104146942496,0,,,,[],0
390,A_complex_B_simple,0,19,no_unknown_gain,123,0,G,92,0.00959536712616682,0,,,,[],0
391,A_complex_B_simple,0,15,no_unknown_gain,131,0,G,93,0.008874241961166263,0,,,,[],0
392,A_complex_B_simple,0,11,no_unknown_gain,131,0,G,94,0.00830001593567431,0,,,,[],0
393,A_complex_B_simple,0,7,no_unknown_gain,131,0,G,95,0.007420897949486971,0,,,,[],0
394,A_complex_B_simple,0,3,no_unknown_gain,131,0,G,96,0.006565141957253218,0,,,,[],0
395,A_complex_B_simple,0,2,no_unknown_gain,131,0,G,97,0.00618151412345469,0,,,,[],0
396,A_complex_B_simple,0,1,no_unknown_gain,131,0,G,98,0.006090931128710508,0,,,,[],0
0,A_complex_B_simple,12,931,available,32,1,S,0,0.25159626291133463,27,observed_geometry_revisit,"[41,47,2]",0.00782289789596415,"[""observed_surface_deficit""]",0
5,A_complex_B_simple,12,1012,available,152,1,S,1,0.39389487309381366,131,coverage_v20_0,"[19,45,0]",0.008471153846153847,"[""observed_frontier""]",0
10,A_complex_B_simple,12,1048,available,176,1,S,2,0.3574409419670701,83,coverage_v20_0,"[16,45,0]",0.0077083333333333335,"[""observed_frontier""]",8
15,A_complex_B_simple,12,1081,available,176,1,S,3,0.36389120714738965,81,coverage_v20_0,"[11,45,0]",0.0071354166666666675,"[""observed_frontier""]",8
20,A_complex_B_simple,12,1101,available,176,1,S,4,0.3517210071440786,69,coverage_v20_0,"[8,45,0]",0.007431818181818182,"[""observed_frontier""]",8
25,A_complex_B_simple,12,1100,available,158,1,S,5,0.34874056093394756,66,semantic_direction_hypothesis,"[29,60,0]",0.006668621655745576,"[""visible_class_direction_hypothesis""]",8
30,A_complex_B_simple,12,1153,available,144,1,S,6,0.359718601917848,71,coverage_v20_0,"[30,55,1]",0.008257499286101864,"[""observed_frontier""]",8
35,A_complex_B_simple,12,1304,available,142,1,S,7,0.4123430720064789,84,semantic_direction_hypothesis,"[29,60,0]",0.007594844445061115,"[""visible_class_direction_hypothesis""]",8
40,A_complex_B_simple,12,1364,available,125,1,S,8,0.40123602584935725,70,semantic_direction_hypothesis,"[29,60,0]",0.0070576811550688845,"[""visible_class_direction_hypothesis""]",8
44,A_complex_B_simple,12,1381,available,119,1,S,9,0.40241654799319804,65,observed_geometry_revisit,"[19,68,3]",0.003900318629302136,"[""observed_surface_deficit""]",8
49,A_complex_B_simple,12,1395,available,133,1,S,10,0.4112074109725654,72,coverage_v20_2,"[24,66,1]",0.004714260658800537,"[""observed_frontier""]",8
54,A_complex_B_simple,12,1411,available,109,1,S,11,0.41305695893242955,69,observed_geometry_revisit,"[14,66,3]",0.0036947525279211286,"[""observed_surface_deficit""]",8
59,A_complex_B_simple,12,1380,available,125,1,S,12,0.39858574396930635,64,coverage_v20_0,"[29,21,0]",0.00342578125,"[""observed_frontier""]",8
64,A_complex_B_simple,12,1378,available,134,1,S,13,0.4102813610807061,73,coverage_v20_0,"[29,21,0]",0.003716101694915254,"[""observed_frontier""]",8
69,A_complex_B_simple,12,1378,available,125,1,S,14,0.3860494550317526,51,coverage_v20_0,"[29,21,0]",0.004060185185185185,"[""observed_frontier""]",8
74,A_complex_B_simple,12,1350,available,112,1,S,15,0.42058576084673405,53,coverage_v20_0,"[29,21,0]",0.004474489795918368,"[""observed_frontier""]",8
79,A_complex_B_simple,12,1350,available,142,1,S,16,0.4054905669763684,80,coverage_v20_0,"[29,21,0]",0.004982954545454546,"[""observed_frontier""]",8
84,A_complex_B_simple,12,1350,available,118,1,S,17,0.41863977699540555,56,coverage_v20_0,"[29,21,0]",0.005621794871794872,"[""observed_frontier""]",8
89,A_complex_B_simple,12,1350,available,124,1,S,18,0.4194719351362437,94,coverage_v20_0,"[36,23,3]",0.0067395833333333335,"[""observed_frontier""]",8
94,A_complex_B_simple,12,1365,available,144,1,S,19,0.39973314688540995,67,coverage_v20_0,"[36,24,3]",0.007361111111111112,"[""observed_frontier""]",16
99,A_complex_B_simple,12,1485,available,143,1,S,20,0.43845558795146644,75,coverage_v20_0,"[36,24,3]",0.008240561220191088,"[""observed_frontier""]",16
104,A_complex_B_simple,12,1585,available,125,1,S,21,0.4398819929920137,57,coverage_v20_0,"[36,24,3]",0.008041096367768664,"[""observed_frontier""]",16
109,A_complex_B_simple,12,1733,available,117,1,S,22,0.4941295210737735,77,coverage_v20_0,"[36,24,3]",0.007744817485037657,"[""observed_frontier""]",16
112,A_complex_B_simple,12,1781,available,126,1,S,23,0.558951421873644,83,coverage_v20_0,"[20,16,0]",0.005520000000000001,"[""observed_frontier""]",16
117,A_complex_B_simple,12,1816,available,97,1,S,24,0.4867618659045547,51,coverage_v20_0,"[15,14,0]",0.004833333333333334,"[""observed_frontier""]",16
122,A_complex_B_simple,12,1838,available,110,1,S,25,0.4786481219343841,54,coverage_v20_0,"[13,14,0]",0.0054687500000000005,"[""observed_frontier""]",16
127,A_complex_B_simple,12,1882,available,90,1,S,26,0.47617106698453426,49,coverage_v20_2,"[24,12,3]",0.0038965547369380115,"[""observed_frontier""]",16
132,A_complex_B_simple,12,1898,available,98,1,S,27,0.5459444441366941,62,semantic_direction_hypothesis,"[25,15,1]",0.0051192796866160704,"[""visible_class_direction_hypothesis""]",16
136,A_complex_B_simple,12,1898,available,120,1,S,28,0.4777513360604644,55,coverage_v20_0,"[12,35,0]",0.0015416666666666667,"[""observed_frontier""]",16
141,A_complex_B_simple,12,1896,available,89,1,S,29,0.4857291439548135,51,coverage_v20_0,"[12,35,0]",0.00175,"[""observed_frontier""]",16
146,A_complex_B_simple,12,1888,available,115,1,S,30,0.49208235391415656,62,coverage_v20_0,"[12,35,0]",0.0020234375,"[""observed_frontier""]",16
151,A_complex_B_simple,12,1872,available,89,1,S,31,0.4834623970091343,58,coverage_v20_0,"[12,35,0]",0.0018796296296296297,"[""observed_frontier""]",16
156,A_complex_B_simple,12,1871,available,104,1,S,32,0.48671864718198776,58,coverage_v20_0,"[12,35,0]",0.002306818181818182,"[""observed_frontier""]",16
161,A_complex_B_simple,12,1880,available,114,1,S,33,0.53545714286156,54,coverage_v20_0,"[8,32,3]",0.0017317873532384919,"[""observed_frontier""]",16
166,A_complex_B_simple,12,1875,available,105,1,S,34,0.4721113061532378,50,coverage_v20_0,"[9,34,3]",0.00091,"[""observed_frontier""]",16
171,A_complex_B_simple,12,1873,available,88,1,S,35,0.47617056407034397,46,coverage_v20_0,"[9,34,3]",0.0011375,"[""observed_frontier""]",16
176,A_complex_B_simple,12,1872,available,102,1,S,36,0.47283949004486203,54,coverage_v20_0,"[9,35,0]",0.0009285714285714286,"[""observed_frontier""]",16
181,A_complex_B_simple,12,1872,available,113,1,S,37,0.47668190603144467,53,coverage_v20_0,"[9,35,0]",0.00121875,"[""observed_frontier""]",16
186,A_complex_B_simple,12,1872,available,114,1,S,38,0.4801962648052722,48,coverage_v20_0,"[9,35,0]",0.0012272727272727272,"[""observed_frontier""]",16
191,A_complex_B_simple,12,1872,available,115,1,S,39,0.47064025700092316,50,coverage_v20_0,"[9,35,0]",0.00225,"[""observed_frontier""]",16
196,A_complex_B_simple,12,1872,available,91,1,S,40,0.47800379199907184,52,coverage_v20_0,"[3,6,0]",0.00037828947368421053,"[""observed_frontier""]",16
201,A_complex_B_simple,12,1872,available,119,1,S,41,0.4667138559743762,37,observed_geometry_revisit,"[19,35,2]",0.0006373269221087323,"[""observed_surface_deficit""]",16
206,A_complex_B_simple,12,1872,available,106,1,S,42,0.4709645120892674,42,semantic_direction_hypothesis,"[29,61,0]",0.00044137114728241193,"[""visible_class_direction_hypothesis""]",16
211,A_complex_B_simple,12,1872,available,106,1,S,43,0.48023594194091856,51,semantic_direction_hypothesis,"[29,54,0]",0.0005116508282154819,"[""visible_class_direction_hypothesis""]",16
216,A_complex_B_simple,12,1870,available,98,1,S,44,0.5420454440172762,54,semantic_direction_hypothesis,"[29,61,0]",0.0005202989612021103,"[""visible_class_direction_hypothesis""]",16
221,A_complex_B_simple,12,1870,available,108,1,S,45,0.48102323594503105,61,semantic_direction_hypothesis,"[29,61,0]",0.0007239514884691495,"[""visible_class_direction_hypothesis""]",16
226,A_complex_B_simple,12,1870,available,104,1,S,46,0.48663099692203104,61,semantic_direction_hypothesis,"[29,61,0]",0.00047992781818229796,"[""visible_class_direction_hypothesis""]",16
231,A_complex_B_simple,12,1870,available,108,1,S,47,0.4893528448883444,61,observed_geometry_revisit,"[36,41,0]",0.0012211579634533135,"[""observed_surface_deficit""]",16
232,A_complex_B_simple,12,1870,available,105,1,S,48,0.4755053990520537,52,semantic_direction_hypothesis,"[29,61,0]",0.0008528573350512338,"[""visible_class_direction_hypothesis""]",16
237,A_complex_B_simple,12,1870,available,104,1,S,49,0.46583853801712394,34,semantic_direction_hypothesis,"[29,61,0]",0.0013243212233630065,"[""visible_class_direction_hypothesis""]",16
242,A_complex_B_simple,12,1865,available,119,1,S,50,0.47041159006766975,32,semantic_direction_hypothesis,"[25,65,3]",0.0010356166747327502,"[""visible_class_direction_hypothesis""]",16
247,A_complex_B_simple,12,1835,available,112,1,S,51,0.4872524531092495,61,semantic_direction_hypothesis,"[29,61,0]",0.0018062982953703985,"[""visible_class_direction_hypothesis""]",16
252,A_complex_B_simple,12,1806,available,96,1,S,52,0.4553486870136112,39,semantic_direction_hypothesis,"[29,61,0]",0.0025936637063323216,"[""visible_class_direction_hypothesis""]",16
257,A_complex_B_simple,12,1761,available,101,1,S,53,0.4455659950617701,47,semantic_direction_hypothesis,"[29,61,0]",0.002693709513876852,"[""visible_class_direction_hypothesis""]",16
261,A_complex_B_simple,12,1721,available,114,1,S,54,0.41750185983255506,36,semantic_direction_hypothesis,"[25,65,3]",0.002408394778994533,"[""visible_class_direction_hypothesis""]",16
266,A_complex_B_simple,12,1674,available,112,1,S,55,0.4142053739633411,37,semantic_direction_hypothesis,"[25,65,3]",0.00453490348633231,"[""visible_class_direction_hypothesis""]",16
271,A_complex_B_simple,12,1610,available,105,1,S,56,0.41145083005540073,51,semantic_direction_hypothesis,"[25,65,3]",0.02585949826875472,"[""visible_class_direction_hypothesis""]",16
272,A_complex_B_simple,12,1609,available,99,1,S,57,0.3914946198929101,40,coverage_v20_0,"[9,68,0]",0.001,"[""observed_frontier""]",16
277,A_complex_B_simple,12,1526,available,96,1,S,58,0.3499321020208299,18,semantic_direction_hypothesis,"[25,65,3]",0.004621697644238995,"[""visible_class_direction_hypothesis""]",16
282,A_complex_B_simple,12,1522,available,138,1,S,59,0.37520570680499077,38,semantic_direction_hypothesis,"[25,65,3]",0.008661362739328892,"[""visible_class_direction_hypothesis""]",16
284,A_complex_B_simple,12,1497,available,108,1,S,60,0.3398258949164301,19,semantic_direction_hypothesis,"[29,61,0]",0.001019219842173402,"[""visible_class_direction_hypothesis""]",16
289,A_complex_B_simple,12,1494,available,114,1,S,61,0.34419228485785425,20,semantic_direction_hypothesis,"[25,65,3]",0.0031694395443920866,"[""visible_class_direction_hypothesis""]",16
294,A_complex_B_simple,12,1377,available,95,1,S,62,0.32961567188613117,30,semantic_direction_hypothesis,"[25,65,3]",0.007310329568712647,"[""visible_class_direction_hypothesis""]",16
296,A_complex_B_simple,12,1351,available,115,1,S,63,0.3015185808762908,12,coverage_v20_0,"[9,67,0]",0.000875344823864747,"[""observed_frontier""]",16
301,A_complex_B_simple,12,1266,available,120,1,S,64,0.2982663940638304,21,semantic_direction_hypothesis,"[25,65,3]",0.005289064183688879,"[""visible_class_direction_hypothesis""]",16
306,A_complex_B_simple,12,1225,available,96,1,S,65,0.2948048389516771,27,coverage_v20_0,"[9,67,0]",0.0008318926187810369,"[""observed_frontier""]",16
311,A_complex_B_simple,11,1142,available,109,1,S,66,0.2607151281554252,11,semantic_direction_hypothesis,"[25,65,3]",0.0036246921597287256,"[""visible_class_direction_hypothesis""]",16
316,A_complex_B_simple,11,1087,available,102,1,S,67,0.27822185680270195,31,semantic_direction_hypothesis,"[29,55,0]",0.0008157023338814079,"[""visible_class_direction_hypothesis""]",16
321,A_complex_B_simple,9,1042,available,110,1,S,68,0.25668346998281777,20,semantic_direction_hypothesis,"[25,65,3]",0.0020715684065509147,"[""visible_class_direction_hypothesis""]",16
326,A_complex_B_simple,7,963,available,90,1,S,69,0.21967172320000827,7,semantic_direction_hypothesis,"[25,65,3]",0.004473168415884608,"[""visible_class_direction_hypothesis""]",16
330,A_complex_B_simple,6,894,available,110,1,S,70,0.19994536880403757,6,semantic_direction_hypothesis,"[29,55,0]",0.0008069332307509498,"[""visible_class_direction_hypothesis""]",16
335,A_complex_B_simple,5,766,no_unknown_gain,107,1,S,71,0.172187042189762,5,semantic_direction_hypothesis,"[25,65,3]",0.0018092955428790772,"[""visible_class_direction_hypothesis""]",16
340,A_complex_B_simple,4,701,no_unknown_gain,111,1,S,72,0.15937115508131683,4,semantic_direction_hypothesis,"[25,65,3]",0.003350817100735206,"[""visible_class_direction_hypothesis""]",16
344,A_complex_B_simple,5,618,no_unknown_gain,101,1,S,73,0.14783290307968855,5,semantic_direction_hypothesis,"[29,61,0]",0.000621034949986928,"[""visible_class_direction_hypothesis""]",16
349,A_complex_B_simple,7,539,no_unknown_gain,112,1,S,74,0.12631068099290133,7,semantic_direction_hypothesis,"[29,55,0]",0.0007330703140879676,"[""visible_class_direction_hypothesis""]",16
354,A_complex_B_simple,3,466,no_unknown_gain,123,1,S,75,0.10940916300751269,3,semantic_direction_hypothesis,"[29,61,0]",0.002690501759051663,"[""visible_class_direction_hypothesis""]",16
355,A_complex_B_simple,1,454,no_unknown_gain,117,1,S,76,0.10313873388804495,1,semantic_direction_hypothesis,"[29,55,0]",0.0019033062693994943,"[""visible_class_direction_hypothesis""]",16
360,A_complex_B_simple,1,351,no_unknown_gain,106,1,S,77,0.07976938504725695,1,semantic_direction_hypothesis,"[29,55,0]",0.001028525785137274,"[""visible_class_direction_hypothesis""]",16
363,A_complex_B_simple,0,285,no_unknown_gain,99,1,S,78,0.06382113811559975,0,,,,[],16
364,A_complex_B_simple,4,264,no_unknown_gain,105,1,S,79,0.06709471810609102,4,semantic_direction_hypothesis,"[29,55,0]",0.010428595096630076,"[""visible_class_direction_hypothesis""]",16
365,A_complex_B_simple,6,240,no_unknown_gain,100,1,S,80,0.06220016488805413,6,observed_geometry_revisit,"[41,46,2]",0.00013733032478411514,"[""observed_surface_deficit""]",16
370,A_complex_B_simple,0,153,no_unknown_gain,107,1,S,81,0.038613903103396297,0,,,,[],16
371,A_complex_B_simple,0,138,no_unknown_gain,117,1,S,82,0.03555520507507026,0,,,,[],16
372,A_complex_B_simple,0,123,no_unknown_gain,109,1,S,83,0.03292877203784883,0,,,,[],16
373,A_complex_B_simple,2,108,no_unknown_gain,113,1,S,84,0.030325126834213734,2,observed_geometry_revisit,"[29,45,0]",0.0002857063211619776,"[""observed_surface_deficit""]",16
377,A_complex_B_simple,0,62,no_unknown_gain,101,1,S,85,0.018624129006639123,0,,,,[],16
378,A_complex_B_simple,0,62,no_unknown_gain,101,1,S,86,0.018527028150856495,0,,,,[],16
379,A_complex_B_simple,0,47,no_unknown_gain,101,1,S,87,0.015491478145122528,0,,,,[],16
380,A_complex_B_simple,0,46,no_unknown_gain,108,1,S,88,0.015622817911207676,0,,,,[],16
381,A_complex_B_simple,0,45,no_unknown_gain,113,1,S,89,0.015404552919790149,0,,,,[],16
382,A_complex_B_simple,0,44,no_unknown_gain,105,1,S,90,0.015398651827126741,0,,,,[],16
383,A_complex_B_simple,1,43,no_unknown_gain,90,1,S,91,0.01592779392376542,1,observed_geometry_revisit,"[42,40,2]",3.7313055697901843e-06,"[""observed_surface_deficit""]",16
388,A_complex_B_simple,0,35,no_unknown_gain,91,1,S,92,0.013221326051279902,0,,,,[],16
389,A_complex_B_simple,0,30,no_unknown_gain,83,1,S,93,0.012024263152852654,0,,,,[],16
390,A_complex_B_simple,0,25,no_unknown_gain,83,1,S,94,0.010910483077168465,0,,,,[],16
391,A_complex_B_simple,0,20,no_unknown_gain,83,1,S,95,0.00997003703378141,0,,,,[],16
392,A_complex_B_simple,0,15,no_unknown_gain,83,1,S,96,0.008773678913712502,0,,,,[],16
393,A_complex_B_simple,0,10,no_unknown_gain,83,1,S,97,0.00784167810343206,0,,,,[],16
394,A_complex_B_simple,0,5,no_unknown_gain,83,1,S,98,0.006774951936677098,0,,,,[],16
395,A_complex_B_simple,0,4,no_unknown_gain,99,1,S,99,0.0067908731289207935,0,,,,[],16
396,A_complex_B_simple,0,3,no_unknown_gain,99,1,S,100,0.00668446091003716,0,,,,[],16
397,A_complex_B_simple,0,2,no_unknown_gain,93,1,S,101,0.006420409074053168,0,,,,[],16
398,A_complex_B_simple,0,1,no_unknown_gain,104,1,S,102,0.0062845170032233,0,,,,[],16
399,A_complex_B_simple,0,1,no_unknown_gain,118,1,S,103,0.00605396693572402,0,,,,[],16
0,A_simple_B_complex,12,931,available,32,2,G,0,0.3074635970406234,27,observed_geometry_revisit,"[41,47,2]",0.00782289789596415,"[""observed_surface_deficit""]",0
5,A_simple_B_complex,12,1012,available,152,2,G,1,0.3961812620982528,131,coverage_v20_0,"[19,45,0]",0.008471153846153847,"[""observed_frontier""]",0
10,A_simple_B_complex,12,1048,available,176,2,G,2,0.35462273587472737,82,coverage_v20_0,"[16,45,0]",0.0077083333333333335,"[""observed_frontier""]",0
15,A_simple_B_complex,12,1081,available,176,2,G,3,0.3554882030002773,79,coverage_v20_0,"[11,45,0]",0.0071354166666666675,"[""observed_frontier""]",0
20,A_simple_B_complex,12,1101,available,176,2,G,4,0.34975155512802303,68,coverage_v20_0,"[8,45,0]",0.007431818181818182,"[""observed_frontier""]",0
25,A_simple_B_complex,12,1100,available,158,2,G,5,0.350069030886516,64,coverage_v20_0,"[21,64,0]",0.006564516129032257,"[""observed_frontier""]",0
30,A_simple_B_complex,12,1153,available,144,2,G,6,0.40379664301872253,69,coverage_v20_0,"[30,55,1]",0.008257499286101864,"[""observed_frontier""]",0
35,A_simple_B_complex,12,1304,available,142,2,G,7,0.424555161036551,82,coverage_v20_3,"[30,57,1]",0.007369808563430688,"[""observed_frontier""]",0
39,A_simple_B_complex,12,1354,available,127,2,G,8,0.41813039197586477,73,coverage_v20_0,"[21,64,0]",0.005650174958275635,"[""observed_frontier""]",0
44,A_simple_B_complex,12,1395,available,107,2,G,9,0.3925339770503342,45,coverage_v20_0,"[15,66,0]",0.0046625,"[""observed_frontier""]",0
49,A_simple_B_complex,12,1404,available,118,2,G,10,0.42066746205091476,61,coverage_v20_0,"[29,21,0]",0.0037801724137931036,"[""observed_frontier""]",0
54,A_simple_B_complex,12,1404,available,106,2,G,11,0.38563197012990713,45,coverage_v20_0,"[29,21,0]",0.0041367924528301885,"[""observed_frontier""]",0
59,A_simple_B_complex,12,1377,available,126,2,G,12,0.41287546092644334,73,coverage_v20_0,"[29,21,0]",0.004567708333333333,"[""observed_frontier""]",0
64,A_simple_B_complex,12,1377,available,127,2,G,13,0.4465468099806458,49,coverage_v20_0,"[29,21,0]",0.005098837209302326,"[""observed_frontier""]",0
69,A_simple_B_complex,12,1377,available,132,2,G,14,0.4038978507742286,63,coverage_v20_0,"[36,22,3]",0.005793103448275863,"[""observed_frontier""]",0
74,A_simple_B_complex,12,1377,available,142,2,G,15,0.40040738321840763,57,coverage_v20_0,"[36,23,3]",0.007032608695652174,"[""observed_frontier""]",0
79,A_simple_B_complex,12,1403,available,136,2,G,16,0.43835186096839607,78,coverage_v20_0,"[36,24,3]",0.007617647058823529,"[""observed_frontier""]",0
84,A_simple_B_complex,12,1533,available,144,2,G,17,0.43930322700180113,61,coverage_v20_0,"[36,24,3]",0.00800509386244804,"[""observed_frontier""]",0
89,A_simple_B_complex,12,1638,available,142,2,G,18,0.49485216895118356,96,coverage_v20_0,"[36,24,3]",0.00812684772562044,"[""observed_frontier""]",0
94,A_simple_B_complex,12,1791,available,146,2,G,19,0.5716122558806092,83,coverage_v20_0,"[36,24,3]",0.006767114359188715,"[""observed_frontier""]",0
96,A_simple_B_complex,12,1798,available,124,2,G,20,0.47994843008928,53,coverage_v20_0,"[20,16,0]",0.00553,"[""observed_frontier""]",0
101,A_simple_B_complex,12,1838,available,106,2,G,21,0.5184965699445456,32,coverage_v20_0,"[15,14,0]",0.004833333333333334,"[""observed_frontier""]",0
106,A_simple_B_complex,12,1863,available,90,2,G,22,0.4878284400328994,52,coverage_v20_0,"[13,14,0]",0.005458333333333333,"[""observed_frontier""]",0
111,A_simple_B_complex,12,1907,available,91,2,G,23,0.49092705408111215,52,coverage_v20_2,"[24,12,3]",0.003984073387802497,"[""observed_frontier""]",0
116,A_simple_B_complex,12,1922,available,124,2,G,24,0.489033916965127,45,coverage_v20_0,"[12,35,0]",0.0015892857142857143,"[""observed_frontier""]",0
121,A_simple_B_complex,12,1915,available,115,2,G,25,0.49990650988183916,55,coverage_v20_0,"[12,35,0]",0.0017770270270270271,"[""observed_frontier""]",0
126,A_simple_B_complex,12,1911,available,88,2,G,26,0.48650417500175536,41,coverage_v20_0,"[12,35,0]",0.0020546875,"[""observed_frontier""]",0
131,A_simple_B_complex,12,1911,available,111,2,G,27,0.5067457219120115,64,coverage_v20_0,"[12,35,0]",0.002037037037037037,"[""observed_frontier""]",0
136,A_simple_B_complex,12,1905,available,119,2,G,28,0.498583221109584,51,coverage_v20_0,"[12,35,0]",0.0025,"[""observed_frontier""]",0
141,A_simple_B_complex,12,1915,available,114,2,G,29,0.5004927208647132,50,coverage_v20_0,"[8,31,3]",0.0016614352982638734,"[""observed_frontier""]",0
146,A_simple_B_complex,12,1911,available,86,2,G,30,0.48627288290299475,48,coverage_v20_0,"[8,32,3]",0.0020585590308742924,"[""observed_frontier""]",0
151,A_simple_B_complex,12,1908,available,107,2,G,31,0.49186868290416896,49,coverage_v20_1,"[12,66,3]",0.0010891720432275882,"[""observed_frontier""]",0
156,A_simple_B_complex,12,1895,available,115,2,G,32,0.48635193589143455,47,coverage_v20_1,"[12,66,3]",0.0011452715303566874,"[""observed_frontier""]",0
161,A_simple_B_complex,12,1890,available,114,2,G,33,0.48988445289433,48,coverage_v20_1,"[12,66,3]",0.0012695005766416307,"[""observed_frontier""]",0
166,A_simple_B_complex,12,1890,available,103,2,G,34,0.4794933390803635,43,coverage_v20_1,"[12,66,3]",0.001299619305089467,"[""observed_frontier""]",0
171,A_simple_B_complex,12,1890,available,101,2,G,35,0.4787761040497571,45,coverage_v20_0,"[12,67,0]",0.0014136363636363637,"[""observed_frontier""]",0
176,A_simple_B_complex,12,1890,available,96,2,G,36,0.5412412711884826,46,coverage_v20_1,"[12,66,3]",0.0015840964075459032,"[""observed_frontier""]",0
181,A_simple_B_complex,12,1890,available,128,2,G,37,0.5560390909668058,48,coverage_v20_0,"[12,67,0]",0.0017277777777777777,"[""observed_frontier""]",0
186,A_simple_B_complex,12,1890,available,113,2,G,38,0.5057409971486777,58,coverage_v20_0,"[12,67,0]",0.00194375,"[""observed_frontier""]",0
191,A_simple_B_complex,12,1880,available,98,2,G,39,0.5771497339010239,47,coverage_v20_0,"[15,67,0]",0.002234375,"[""observed_frontier""]",0
196,A_simple_B_complex,12,1880,available,131,2,G,40,0.49127193493768573,47,coverage_v20_1,"[12,66,3]",0.0026699357586330696,"[""observed_frontier""]",0
201,A_simple_B_complex,12,1880,available,105,2,G,41,0.5563448641914874,53,coverage_v20_0,"[12,67,0]",0.0028100000000000004,"[""observed_frontier""]",0
206,A_simple_B_complex,12,1874,available,119,2,G,42,0.47939520701766014,45,coverage_v20_0,"[9,67,0]",0.0023804347826086956,"[""observed_frontier""]",0
211,A_simple_B_complex,12,1878,available,113,2,G,43,0.47899277601391077,46,coverage_v20_0,"[9,67,0]",0.0018194444444444445,"[""observed_frontier""]",0
216,A_simple_B_complex,12,1870,available,106,2,G,44,0.47682830411940813,47,coverage_v20_0,"[9,67,0]",0.0025,"[""observed_frontier""]",0
221,A_simple_B_complex,12,1846,available,105,2,G,45,0.5130835678428411,48,coverage_v20_0,"[9,67,0]",0.0029375,"[""observed_frontier""]",0
226,A_simple_B_complex,12,1804,available,106,2,G,46,0.4528222410008311,35,coverage_v20_0,"[9,67,0]",0.0042499999999999994,"[""observed_frontier""]",0
229,A_simple_B_complex,12,1771,available,90,2,G,47,0.45562604907900095,36,coverage_v20_0,"[4,74,0]",0.0019821428571428572,"[""observed_frontier""]",0
234,A_simple_B_complex,12,1728,available,99,2,G,48,0.4232511380687356,28,coverage_v20_0,"[4,74,0]",0.0030555555555555557,"[""observed_frontier""]",0
239,A_simple_B_complex,12,1677,available,101,2,G,49,0.4093269049189985,33,coverage_v20_0,"[4,74,0]",0.0060625,"[""observed_frontier""]",0
243,A_simple_B_complex,12,1625,available,98,2,G,50,0.39609923399984837,32,observed_geometry_revisit,"[24,75,2]",0.00039332097160024824,"[""observed_surface_deficit""]",0
248,A_simple_B_complex,11,1610,available,103,2,G,51,0.37606966495513916,20,observed_geometry_revisit,"[24,75,2]",0.00045285899644998567,"[""observed_surface_deficit""]",0
253,A_simple_B_complex,11,1610,available,99,2,G,52,0.38360549602657557,23,observed_geometry_revisit,"[33,52,0]",0.00010048697254008958,"[""observed_surface_deficit""]",0
258,A_simple_B_complex,11,1610,available,124,2,G,53,0.380464687012136,25,observed_geometry_revisit,"[38,75,2]",0.00019566846857664534,"[""observed_surface_deficit""]",0
263,A_simple_B_complex,11,1610,available,112,2,G,54,0.37562756100669503,21,observed_geometry_revisit,"[24,75,2]",0.001790830798987824,"[""observed_surface_deficit""]",0
266,A_simple_B_complex,11,1604,available,111,2,G,55,0.38606847100891173,27,observed_geometry_revisit,"[26,13,3]",0.00011899632257700471,"[""observed_surface_deficit""]",0
271,A_simple_B_complex,11,1597,available,140,2,G,56,0.46850482816807926,40,observed_geometry_revisit,"[21,75,0]",0.00027409398118802877,"[""observed_surface_deficit""]",0
276,A_simple_B_complex,10,1494,available,116,2,G,57,0.34913134505040944,20,observed_geometry_revisit,"[27,55,3]",0.00014789811078104695,"[""observed_surface_deficit""]",0
281,A_simple_B_complex,10,1493,available,110,2,G,58,0.3435680731199682,11,coverage_v20_0,"[9,35,0]",0.00011513157894736843,"[""observed_frontier""]",0
286,A_simple_B_complex,9,1488,available,121,2,G,59,0.342268202919513,11,coverage_v20_0,"[9,35,0]",0.0001425742745560035,"[""observed_frontier""]",0
291,A_simple_B_complex,9,1475,available,136,2,G,60,0.3561143099796027,25,observed_geometry_revisit,"[27,51,3]",0.0002237436866736196,"[""observed_surface_deficit""]",0
296,A_simple_B_complex,9,1457,available,121,2,G,61,0.33553329203277826,14,coverage_v20_0,"[9,35,0]",0.00017033436682532108,"[""observed_frontier""]",0
301,A_simple_B_complex,9,1431,available,116,2,G,62,0.33821678697131574,23,coverage_v20_0,"[9,35,0]",0.00018045796686695062,"[""observed_frontier""]",0
306,A_simple_B_complex,9,1385,available,129,2,G,63,0.3145669570658356,10,observed_geometry_revisit,"[9,35,2]",0.00021104290806180586,"[""observed_surface_deficit""]",0
311,A_simple_B_complex,7,1340,available,113,2,G,64,0.29901340999640524,7,coverage_v20_0,"[9,35,0]",0.00019021739130434785,"[""observed_frontier""]",0
316,A_simple_B_complex,9,1288,available,99,2,G,65,0.3029927690513432,12,coverage_v20_0,"[9,35,0]",0.0002134146341463415,"[""observed_frontier""]",0
321,A_simple_B_complex,9,1221,available,96,2,G,66,0.28821327188052237,17,observed_geometry_revisit,"[36,36,0]",0.0007280079473187313,"[""observed_surface_deficit""]",0
326,A_simple_B_complex,5,1105,available,115,2,G,67,0.2455953429453075,5,coverage_v20_0,"[9,35,0]",0.00028225806451612906,"[""observed_frontier""]",0
331,A_simple_B_complex,9,975,available,120,2,G,68,0.23379029287025332,17,observed_geometry_revisit,"[32,35,1]",0.0005451392588988153,"[""observed_surface_deficit""]",0
335,A_simple_B_complex,3,856,available,97,2,G,69,0.19300950597971678,3,coverage_v20_0,"[11,35,0]",0.00020454545454545454,"[""observed_frontier""]",0
340,A_simple_B_complex,5,697,available,131,2,G,70,0.15808270499110222,5,observed_geometry_revisit,"[27,35,0]",0.000664270132087274,"[""observed_surface_deficit""]",0
341,A_simple_B_complex,1,635,available,133,2,G,71,0.1396587179042399,1,coverage_v20_0,"[11,35,0]",0.0003130370444542728,"[""observed_frontier""]",0
346,A_simple_B_complex,1,438,available,105,2,G,72,0.09850688092410564,1,coverage_v20_0,"[11,35,0]",0.0004887738874727185,"[""observed_frontier""]",0
351,A_simple_B_complex,1,268,available,108,2,G,73,0.0630863078404218,1,coverage_v20_0,"[10,35,0]",0.0002775507311712024,"[""observed_frontier""]",0
356,A_simple_B_complex,3,120,no_unknown_gain,105,2,G,74,0.034645001171156764,3,observed_geometry_revisit,"[39,36,0]",0.00015113852334500656,"[""observed_surface_deficit""]",0
361,A_simple_B_complex,2,115,no_unknown_gain,109,2,G,75,0.033117018872871995,2,observed_geometry_revisit,"[27,36,1]",6.800672788743511e-05,"[""observed_surface_deficit""]",0
366,A_simple_B_complex,2,110,no_unknown_gain,109,2,G,76,0.03193308087065816,2,observed_geometry_revisit,"[27,36,1]",0.00010578824338045462,"[""observed_surface_deficit""]",0
371,A_simple_B_complex,0,105,no_unknown_gain,126,2,G,77,0.028078689938411117,0,,,,[],0
372,A_simple_B_complex,0,104,no_unknown_gain,114,2,G,78,0.027830654988065362,0,,,,[],0
373,A_simple_B_complex,0,103,no_unknown_gain,126,2,G,79,0.028765207855030894,0,,,,[],0
374,A_simple_B_complex,0,101,no_unknown_gain,124,2,G,80,0.027168875094503164,0,,,,[],0
375,A_simple_B_complex,0,98,no_unknown_gain,124,2,G,81,0.026464323978871107,0,,,,[],0
376,A_simple_B_complex,0,95,no_unknown_gain,138,2,G,82,0.025921538937836885,0,,,,[],0
377,A_simple_B_complex,0,91,no_unknown_gain,111,2,G,83,0.026510471012443304,0,,,,[],0
378,A_simple_B_complex,0,87,no_unknown_gain,125,2,G,84,0.024247797904536128,0,,,,[],0
379,A_simple_B_complex,0,83,no_unknown_gain,141,2,G,85,0.0234539860393852,0,,,,[],0
380,A_simple_B_complex,1,79,no_unknown_gain,131,2,G,86,0.02453459007665515,1,observed_geometry_revisit,"[42,40,2]",5.763901624758294e-05,"[""observed_surface_deficit""]",0
385,A_simple_B_complex,0,52,no_unknown_gain,114,2,G,87,0.016892705112695694,0,,,,[],0
386,A_simple_B_complex,0,44,no_unknown_gain,114,2,G,88,0.01500021107494831,0,,,,[],0
387,A_simple_B_complex,0,36,no_unknown_gain,114,2,G,89,0.013482662849128246,0,,,,[],0
388,A_simple_B_complex,0,27,no_unknown_gain,139,2,G,90,0.011868767905980349,0,,,,[],0
389,A_simple_B_complex,0,23,no_unknown_gain,117,2,G,91,0.010742109036073089,0,,,,[],0
390,A_simple_B_complex,0,19,no_unknown_gain,123,2,G,92,0.010089878924190998,0,,,,[],0
391,A_simple_B_complex,0,15,no_unknown_gain,131,2,G,93,0.008979561040177941,0,,,,[],0
392,A_simple_B_complex,0,11,no_unknown_gain,131,2,G,94,0.008271625032648444,0,,,,[],0
393,A_simple_B_complex,0,7,no_unknown_gain,131,2,G,95,0.007477114908397198,0,,,,[],0
394,A_simple_B_complex,0,3,no_unknown_gain,131,2,G,96,0.0066903200931847095,0,,,,[],0
395,A_simple_B_complex,0,2,no_unknown_gain,131,2,G,97,0.006287432042881846,0,,,,[],0
396,A_simple_B_complex,0,1,no_unknown_gain,131,2,G,98,0.006229825085029006,0,,,,[],0
0,A_simple_B_complex,12,931,available,32,3,S,0,0.2511786031536758,27,observed_geometry_revisit,"[41,47,2]",0.00782289789596415,"[""observed_surface_deficit""]",0
5,A_simple_B_complex,12,1012,available,152,3,S,1,0.39437454496510327,131,coverage_v20_0,"[19,45,0]",0.008471153846153847,"[""observed_frontier""]",0
10,A_simple_B_complex,12,1048,available,176,3,S,2,0.37032807408832014,83,coverage_v20_0,"[16,45,0]",0.0077083333333333335,"[""observed_frontier""]",8
15,A_simple_B_complex,12,1081,available,176,3,S,3,0.3710863220039755,81,coverage_v20_0,"[11,45,0]",0.0071354166666666675,"[""observed_frontier""]",8
20,A_simple_B_complex,12,1101,available,176,3,S,4,0.3508279789239168,69,coverage_v20_0,"[8,45,0]",0.007431818181818182,"[""observed_frontier""]",8
25,A_simple_B_complex,12,1100,available,158,3,S,5,0.36120584001764655,66,coverage_v20_0,"[21,64,0]",0.006564516129032257,"[""observed_frontier""]",8
30,A_simple_B_complex,12,1153,available,144,3,S,6,0.36365625192411244,71,coverage_v20_0,"[30,55,1]",0.008257499286101864,"[""observed_frontier""]",8
35,A_simple_B_complex,12,1304,available,142,3,S,7,0.4317918219603598,84,coverage_v20_3,"[30,57,1]",0.007369808563430688,"[""observed_frontier""]",8
39,A_simple_B_complex,12,1354,available,127,3,S,8,0.442433780990541,75,coverage_v20_0,"[21,64,0]",0.005650174958275635,"[""observed_frontier""]",8
44,A_simple_B_complex,12,1395,available,107,3,S,9,0.40161358192563057,47,coverage_v20_0,"[15,66,0]",0.0046625,"[""observed_frontier""]",8
49,A_simple_B_complex,12,1404,available,118,3,S,10,0.4033579151146114,63,observed_geometry_revisit,"[14,67,3]",0.003856460557200409,"[""observed_surface_deficit""]",8
54,A_simple_B_complex,12,1399,available,142,3,S,11,0.4115892369300127,72,coverage_v20_0,"[29,21,0]",0.00348015873015873,"[""observed_frontier""]",8
59,A_simple_B_complex,12,1389,available,116,3,S,12,0.4463412950281054,58,coverage_v20_0,"[29,21,0]",0.0037801724137931036,"[""observed_frontier""]",8
64,A_simple_B_complex,12,1366,available,134,3,S,13,0.3913020258769393,61,coverage_v20_0,"[29,21,0]",0.0041367924528301885,"[""observed_frontier""]",8
69,A_simple_B_complex,12,1363,available,127,3,S,14,0.39053036621771753,53,coverage_v20_0,"[29,21,0]",0.004567708333333333,"[""observed_frontier""]",8
74,A_simple_B_complex,12,1363,available,130,3,S,15,0.4467659431975335,71,coverage_v20_0,"[29,21,0]",0.005098837209302326,"[""observed_frontier""]",8
79,A_simple_B_complex,12,1363,available,130,3,S,16,0.3944331528618932,68,coverage_v20_0,"[36,22,3]",0.005793103448275863,"[""observed_frontier""]",8
84,A_simple_B_complex,12,1363,available,132,3,S,17,0.6721855611540377,59,coverage_v20_0,"[36,23,3]",0.007032608695652174,"[""observed_frontier""]",8
89,A_simple_B_complex,12,1389,available,150,3,S,18,0.4175842101685703,79,observed_geometry_revisit,"[36,22,2]",0.007632116845143699,"[""observed_surface_deficit""]",16
94,A_simple_B_complex,12,1521,available,136,3,S,19,0.45626965910196304,75,coverage_v20_0,"[36,24,3]",0.007989510147504488,"[""observed_frontier""]",16
99,A_simple_B_complex,12,1626,available,116,3,S,20,0.47077829809859395,71,coverage_v20_0,"[36,24,3]",0.008130344060878246,"[""observed_frontier""]",16
104,A_simple_B_complex,12,1779,available,147,3,S,21,0.5640745430719107,108,observed_geometry_revisit,"[32,23,0]",0.007083824786370558,"[""observed_surface_deficit""]",16
109,A_simple_B_complex,12,1811,available,103,3,S,22,0.5335405028890818,53,semantic_direction_hypothesis,"[25,15,1]",0.004974007345171501,"[""visible_class_direction_hypothesis""]",16
114,A_simple_B_complex,12,1854,available,104,3,S,23,0.49033991107717156,52,semantic_direction_hypothesis,"[25,15,1]",0.005130630101593097,"[""visible_class_direction_hypothesis""]",16
119,A_simple_B_complex,12,1880,available,102,3,S,24,0.49488981417380273,61,semantic_direction_hypothesis,"[25,15,1]",0.006645794069692074,"[""visible_class_direction_hypothesis""]",16
124,A_simple_B_complex,12,1912,available,111,3,S,25,0.4891952008474618,53,semantic_direction_hypothesis,"[25,15,1]",0.006812516892787398,"[""visible_class_direction_hypothesis""]",16
129,A_simple_B_complex,12,1921,available,96,3,S,26,0.4965875179041177,59,semantic_direction_hypothesis,"[25,15,1]",0.03886453269272627,"[""visible_class_direction_hypothesis""]",16
130,A_simple_B_complex,12,1920,available,92,3,S,27,0.5030688000842929,64,coverage_v20_0,"[9,14,1]",0.0018576369556306288,"[""observed_frontier""]",16
135,A_simple_B_complex,12,1913,available,109,3,S,28,0.5700427009724081,67,observed_geometry_revisit,"[24,16,1]",0.005015664991237708,"[""observed_surface_deficit""]",16
140,A_simple_B_complex,12,1888,available,111,3,S,29,0.4691576447803527,47,semantic_direction_hypothesis,"[25,15,1]",0.00376049234046949,"[""visible_class_direction_hypothesis""]",16
145,A_simple_B_complex,12,1881,available,90,3,S,30,0.4908045558258891,61,semantic_direction_hypothesis,"[25,15,1]",0.022074209873813252,"[""visible_class_direction_hypothesis""]",16
146,A_simple_B_complex,12,1881,available,105,3,S,31,0.4666549658868462,44,coverage_v20_0,"[12,35,0]",0.0010595238095238095,"[""observed_frontier""]",16
151,A_simple_B_complex,12,1881,available,107,3,S,32,0.4854540200904012,63,semantic_direction_hypothesis,"[25,15,1]",0.0025591583358577246,"[""visible_class_direction_hypothesis""]",16
156,A_simple_B_complex,12,1877,available,107,3,S,33,0.4769623940810561,46,semantic_direction_hypothesis,"[25,15,1]",0.006229128105566419,"[""visible_class_direction_hypothesis""]",16
160,A_simple_B_complex,12,1876,available,121,3,S,34,0.48544584191404283,59,semantic_direction_hypothesis,"[29,25,0]",0.0012238827448203139,"[""visible_class_direction_hypothesis""]",16
165,A_simple_B_complex,12,1876,available,106,3,S,35,0.5463514931034297,56,semantic_direction_hypothesis,"[25,15,1]",0.0015886105873735069,"[""visible_class_direction_hypothesis""]",16
170,A_simple_B_complex,12,1875,available,88,3,S,36,0.49203533004038036,69,semantic_direction_hypothesis,"[25,15,1]",0.004289520151254637,"[""visible_class_direction_hypothesis""]",16
174,A_simple_B_complex,12,1875,available,101,3,S,37,0.46967514883726835,50,coverage_v20_0,"[12,35,0]",0.0010595238095238095,"[""observed_frontier""]",16
179,A_simple_B_complex,12,1875,available,121,3,S,38,0.4779134599957615,53,semantic_direction_hypothesis,"[25,15,1]",0.00198639444062817,"[""visible_class_direction_hypothesis""]",16
184,A_simple_B_complex,12,1873,available,88,3,S,39,0.4679888009559363,44,semantic_direction_hypothesis,"[25,15,1]",0.004522428816169231,"[""visible_class_direction_hypothesis""]",16
188,A_simple_B_complex,12,1872,available,108,3,S,40,0.46142337191849947,44,coverage_v20_0,"[12,35,0]",0.0010595238095238095,"[""observed_frontier""]",16
193,A_simple_B_complex,12,1869,available,80,3,S,41,0.4707636199891567,45,semantic_direction_hypothesis,"[25,15,1]",0.0020572945786807534,"[""visible_class_direction_hypothesis""]",16
198,A_simple_B_complex,12,1869,available,108,3,S,42,0.48474431317299604,46,semantic_direction_hypothesis,"[25,15,1]",0.00328270249470804,"[""visible_class_direction_hypothesis""]",16
202,A_simple_B_complex,12,1869,available,97,3,S,43,0.47806981299072504,54,semantic_direction_hypothesis,"[29,25,0]",0.001290391918282652,"[""visible_class_direction_hypothesis""]",16
207,A_simple_B_complex,12,1869,available,110,3,S,44,0.4827622331213206,47,semantic_direction_hypothesis,"[25,15,1]",0.002831328668042009,"[""visible_class_direction_hypothesis""]",16
212,A_simple_B_complex,12,1869,available,96,3,S,45,0.5264490970876068,48,semantic_direction_hypothesis,"[25,15,1]",0.004794960477668591,"[""visible_class_direction_hypothesis""]",16
216,A_simple_B_complex,12,1869,available,113,3,S,46,0.4646528488956392,46,semantic_direction_hypothesis,"[29,19,0]",0.0016379406978357534,"[""visible_class_direction_hypothesis""]",16
221,A_simple_B_complex,12,1869,available,95,3,S,47,0.48871876089833677,55,semantic_direction_hypothesis,"[25,15,1]",0.0030528067777793265,"[""visible_class_direction_hypothesis""]",16
226,A_simple_B_complex,12,1865,available,115,3,S,48,0.5047818019520491,46,semantic_direction_hypothesis,"[25,15,1]",0.005811811583560984,"[""visible_class_direction_hypothesis""]",16
228,A_simple_B_complex,12,1860,available,100,3,S,49,0.47249323781579733,57,coverage_v20_0,"[12,35,0]",0.0010595238095238095,"[""observed_frontier""]",16
233,A_simple_B_complex,12,1860,available,87,3,S,50,0.4758678439538926,50,semantic_direction_hypothesis,"[25,15,1]",0.0019156258218754108,"[""visible_class_direction_hypothesis""]",16
238,A_simple_B_complex,12,1842,available,102,3,S,51,0.46662620385177433,50,semantic_direction_hypothesis,"[25,15,1]",0.0058613581687324695,"[""visible_class_direction_hypothesis""]",16
242,A_simple_B_complex,12,1818,available,110,3,S,52,0.46801997907459736,59,coverage_v20_0,"[12,35,0]",0.0010595238095238095,"[""observed_frontier""]",16
247,A_simple_B_complex,12,1818,available,127,3,S,53,0.4513713759370148,38,semantic_direction_hypothesis,"[25,15,1]",0.0026359784994817058,"[""visible_class_direction_hypothesis""]",16
252,A_simple_B_complex,12,1780,available,91,3,S,54,0.44426287105306983,30,semantic_direction_hypothesis,"[25,15,1]",0.003557129587053764,"[""visible_class_direction_hypothesis""]",16
256,A_simple_B_complex,12,1750,available,112,3,S,55,0.4309895019978285,34,coverage_v20_0,"[12,35,0]",0.0010595238095238095,"[""observed_frontier""]",16
261,A_simple_B_complex,12,1750,available,100,3,S,56,0.49684220901690423,42,semantic_direction_hypothesis,"[29,19,0]",0.0023209725536231436,"[""visible_class_direction_hypothesis""]",16
266,A_simple_B_complex,12,1750,available,93,3,S,57,0.4712552360724658,55,semantic_direction_hypothesis,"[29,19,0]",0.0031859121519051707,"[""visible_class_direction_hypothesis""]",16
269,A_simple_B_complex,12,1719,available,107,3,S,58,0.45563620305620134,53,semantic_direction_hypothesis,"[25,15,1]",0.002031762330413341,"[""visible_class_direction_hypothesis""]",16
274,A_simple_B_complex,12,1673,available,94,3,S,59,0.43823716789484024,56,coverage_v20_0,"[12,35,0]",0.0011710526315789472,"[""observed_frontier""]",16
279,A_simple_B_complex,12,1658,available,104,3,S,60,0.4612628831528127,44,semantic_direction_hypothesis,"[29,19,0]",0.0015305352504184611,"[""visible_class_direction_hypothesis""]",16
283,A_simple_B_complex,12,1627,available,120,3,S,61,0.41580692399293184,38,coverage_v20_0,"[12,35,0]",0.0012714285714285714,"[""observed_frontier""]",16
288,A_simple_B_complex,12,1608,available,89,3,S,62,0.3931125761009753,35,coverage_v20_0,"[12,35,0]",0.0014833333333333332,"[""observed_frontier""]",16
293,A_simple_B_complex,12,1576,available,104,3,S,63,0.3800403969362378,29,coverage_v20_0,"[12,35,0]",0.00154,"[""observed_frontier""]",16
298,A_simple_B_complex,12,1535,available,97,3,S,64,0.36668208986520767,27,coverage_v20_0,"[8,35,0]",0.00125,"[""observed_frontier""]",16
303,A_simple_B_complex,11,1446,available,90,3,S,65,0.4200532240793109,27,coverage_v20_0,"[8,33,3]",0.0007813743920844669,"[""observed_frontier""]",16
308,A_simple_B_complex,12,1407,available,97,3,S,66,0.33767350600101054,26,coverage_v20_1,"[8,34,3]",0.00044995015348738595,"[""observed_frontier""]",16
313,A_simple_B_complex,10,1323,available,108,3,S,67,0.3084905210416764,17,coverage_v20_0,"[8,35,0]",0.00034782608695652176,"[""observed_frontier""]",16
318,A_simple_B_complex,9,1102,available,113,3,S,68,0.2593368368688971,19,coverage_v20_0,"[8,35,0]",0.00044444444444444447,"[""observed_frontier""]",16
323,A_simple_B_complex,6,881,available,106,3,S,69,0.19735402101650834,6,coverage_v20_0,"[8,35,0]",0.0006153846153846154,"[""observed_frontier""]",16
328,A_simple_B_complex,8,673,available,108,3,S,70,0.15637591108679771,8,coverage_v20_0,"[8,35,0]",0.0009375,"[""observed_frontier""]",16
333,A_simple_B_complex,1,471,available,116,3,S,71,0.10501971002668142,1,coverage_v20_0,"[8,35,0]",0.002416666666666667,"[""observed_frontier""]",16
336,A_simple_B_complex,0,362,no_unknown_gain,116,3,S,72,0.08043885696679354,0,,,,[],16
337,A_simple_B_complex,0,362,no_unknown_gain,116,3,S,73,0.08097971114329994,0,,,,[],16
338,A_simple_B_complex,6,362,no_unknown_gain,116,3,S,74,0.08767887111753225,6,observed_geometry_revisit,"[40,41,2]",8.23082434923155e-05,"[""observed_surface_deficit""]",16
343,A_simple_B_complex,4,362,no_unknown_gain,119,3,S,75,0.08404499292373657,4,observed_geometry_revisit,"[43,31,3]",0.0001530905429415341,"[""observed_surface_deficit""]",16
348,A_simple_B_complex,4,360,no_unknown_gain,116,3,S,76,0.08703764202073216,4,observed_geometry_revisit,"[35,38,0]",0.00012667850078505963,"[""observed_surface_deficit""]",16
353,A_simple_B_complex,4,355,no_unknown_gain,116,3,S,77,0.08506069309078157,4,observed_geometry_revisit,"[35,38,0]",0.00016237572964909126,"[""observed_surface_deficit""]",16
358,A_simple_B_complex,0,348,no_unknown_gain,95,3,S,78,0.07641448802314699,0,,,,[],16
359,A_simple_B_complex,0,343,no_unknown_gain,107,3,S,79,0.07605770602822304,0,,,,[],16
360,A_simple_B_complex,0,338,no_unknown_gain,92,3,S,80,0.07521957298740745,0,,,,[],16
361,A_simple_B_complex,4,333,no_unknown_gain,105,3,S,81,0.08090574410744011,4,observed_geometry_revisit,"[32,36,0]",0.0006928889293017289,"[""observed_surface_deficit""]",16
365,A_simple_B_complex,0,264,no_unknown_gain,83,3,S,82,0.05972720286808908,0,,,,[],16
366,A_simple_B_complex,0,260,no_unknown_gain,87,3,S,83,0.06151872803457081,0,,,,[],16
367,A_simple_B_complex,0,243,no_unknown_gain,115,3,S,84,0.055349832167848945,0,,,,[],16
368,A_simple_B_complex,0,236,no_unknown_gain,111,3,S,85,0.053724061930552125,0,,,,[],16
369,A_simple_B_complex,0,228,no_unknown_gain,107,3,S,86,0.052469165064394474,0,,,,[],16
370,A_simple_B_complex,1,220,no_unknown_gain,113,3,S,87,0.0536062098108232,1,observed_geometry_revisit,"[42,38,2]",3.961107782001738e-05,"[""observed_surface_deficit""]",16
375,A_simple_B_complex,0,169,no_unknown_gain,123,3,S,88,0.040285986848175526,0,,,,[],16
376,A_simple_B_complex,0,157,no_unknown_gain,121,3,S,89,0.038129410007968545,0,,,,[],16
377,A_simple_B_complex,0,145,no_unknown_gain,104,3,S,90,0.035258407006040215,0,,,,[],16
378,A_simple_B_complex,0,134,no_unknown_gain,100,3,S,91,0.036526469979435205,0,,,,[],16
379,A_simple_B_complex,0,123,no_unknown_gain,123,3,S,92,0.031202881131321192,0,,,,[],16
380,A_simple_B_complex,3,112,no_unknown_gain,106,3,S,93,0.03359114704653621,3,observed_geometry_revisit,"[45,37,3]",0.0008944762870954055,"[""observed_surface_deficit""]",16
385,A_simple_B_complex,2,50,no_unknown_gain,106,3,S,94,0.019970461959019303,2,observed_geometry_revisit,"[45,37,3]",0.002385270098921081,"[""observed_surface_deficit""]",16
388,A_simple_B_complex,0,30,no_unknown_gain,111,3,S,95,0.012222519144415855,0,,,,[],16
389,A_simple_B_complex,0,26,no_unknown_gain,100,3,S,96,0.01126229390501976,0,,,,[],16
390,A_simple_B_complex,0,20,no_unknown_gain,109,3,S,97,0.009878700133413076,0,,,,[],16
391,A_simple_B_complex,0,14,no_unknown_gain,123,3,S,98,0.00893829483538866,0,,,,[],16
392,A_simple_B_complex,0,9,no_unknown_gain,89,3,S,99,0.007789341965690255,0,,,,[],16
393,A_simple_B_complex,0,7,no_unknown_gain,96,3,S,100,0.007196650840342045,0,,,,[],16
394,A_simple_B_complex,0,5,no_unknown_gain,98,3,S,101,0.006841652095317841,0,,,,[],16
395,A_simple_B_complex,0,3,no_unknown_gain,106,3,S,102,0.006441222038120031,0,,,,[],16
396,A_simple_B_complex,0,1,no_unknown_gain,106,3,S,103,0.006120783044025302,0,,,,[],16
