kind,stage,action_id,plane,threshold,precision,recall,boundary_F1,projection_IoU,projection_quality,quality_limiter,boundary_symmetric_mean_m,hausdorff_lower_m,hausdorff_upper_m,missing_projection,predicted_area_m2,reference_area_m2,predicted_components,reference_components
simple,initial,0,xy,02cm,0.0819187039038238,0.14375,0.10436372862045881,0.03178132010621969,0.03178132010621969,projection_IoU,0.2099322968376678,0.773442940308907,0.778442940308907,False,0.1295331745537212,1.2799999999999994,17,1
simple,initial,0,xy,05cm,0.5713993958883822,0.3895833333333333,0.46329174197570705,0.03178132010621969,0.03178132010621969,projection_IoU,0.2099322968376678,0.773442940308907,0.778442940308907,False,0.1295331745537212,1.2799999999999994,17,1
simple,initial,0,xy,10cm,0.656642578194871,0.4125,0.5066958683147949,0.03178132010621969,0.03178132010621969,projection_IoU,0.2099322968376678,0.773442940308907,0.778442940308907,False,0.1295331745537212,1.2799999999999994,17,1
simple,initial,0,xz,02cm,0.7407322624096883,0.8432601880877743,0.7886780353354682,0.9553270624083116,0.7886780353354682,boundary_F1,0.027281037827380686,0.40000000000000036,0.40500000000000036,False,2.5038659855794783,2.5439999999999996,8,1
simple,initial,0,xz,05cm,0.8896315736766931,1.0,0.9415926216195886,0.9553270624083116,0.9415926216195886,boundary_F1,0.027281037827380686,0.40000000000000036,0.40500000000000036,False,2.5038659855794783,2.5439999999999996,8,1
simple,initial,0,xz,10cm,0.9119710972498616,1.0,0.9539590829187966,0.9553270624083116,0.9539590829187966,boundary_F1,0.027281037827380686,0.40000000000000036,0.40500000000000036,False,2.5038659855794783,2.5439999999999996,8,1
simple,initial,0,yz,02cm,0.26134823938376206,0.2618462343096234,0.26159699984213836,0.050669411914221495,0.050669411914221495,projection_IoU,0.14766840318982277,0.7708360742654702,0.7758360742654702,False,0.10916214666887497,1.2719999999999998,7,1
simple,initial,0,yz,05cm,0.8523673580865933,0.4980256276150628,0.6287070400459768,0.050669411914221495,0.050669411914221495,projection_IoU,0.14766840318982277,0.7708360742654702,0.7758360742654702,False,0.10916214666887497,1.2719999999999998,7,1
simple,initial,0,yz,10cm,0.9999439701142575,0.5460251046025105,0.706345967468097,0.050669411914221495,0.050669411914221495,projection_IoU,0.14766840318982277,0.7708360742654702,0.7758360742654702,False,0.10916214666887497,1.2719999999999998,7,1
simple,front,3,xy,02cm,0.7204416579559179,0.3604166666666667,0.4804684850421019,0.011762708756902291,0.011762708756902291,projection_IoU,0.18823677606161984,0.7923478752670178,0.7973478752670178,False,0.04184598569358605,1.2799999999999994,10,1
simple,front,3,xy,05cm,0.7853223898672816,0.38749999999999996,0.5189403420376517,0.011762708756902291,0.011762708756902291,projection_IoU,0.18823677606161984,0.7923478752670178,0.7973478752670178,False,0.04184598569358605,1.2799999999999994,10,1
simple,front,3,xy,10cm,0.8176724176587701,0.41875000000000007,0.5538565461195095,0.011762708756902291,0.011762708756902291,projection_IoU,0.18823677606161984,0.7923478752670178,0.7973478752670178,False,0.04184598569358605,1.2799999999999994,10,1
simple,front,3,xz,02cm,0.7389182180599203,0.8275862068965517,0.780742799763187,0.9540865954438651,0.780742799763187,boundary_F1,0.028378623196345258,0.40000000000000036,0.40500000000000036,False,2.5189597847876284,2.5439999999999996,4,1
simple,front,3,xz,05cm,0.8856131251461186,0.9858934169278997,0.9330666288335854,0.9540865954438651,0.9330666288335854,boundary_F1,0.028378623196345258,0.40000000000000036,0.40500000000000036,False,2.5189597847876284,2.5439999999999996,4,1
simple,front,3,xz,10cm,0.9233593436502467,1.0,0.9601527106191707,0.9540865954438651,0.9540865954438651,projection_IoU,0.028378623196345258,0.40000000000000036,0.40500000000000036,False,2.5189597847876284,2.5439999999999996,4,1
simple,front,3,yz,02cm,0.7864055770727612,0.40438023012552304,0.534112627655336,0.04861785295895512,0.04861785295895512,projection_IoU,0.15063268138429628,0.7909303557230063,0.7959303557230063,False,0.07949028681499996,1.2719999999999998,6,1
simple,front,3,yz,05cm,0.8272938686623309,0.4584989539748954,0.5900069851588257,0.04861785295895512,0.04861785295895512,projection_IoU,0.15063268138429628,0.7909303557230063,0.7959303557230063,False,0.07949028681499996,1.2719999999999998,6,1
simple,front,3,yz,10cm,0.9740608884350348,0.5063938284518829,0.6663607023078388,0.04861785295895512,0.04861785295895512,projection_IoU,0.15063268138429628,0.7909303557230063,0.7959303557230063,False,0.07949028681499996,1.2719999999999998,6,1
simple,coarse,23,xy,02cm,0.6214869354342788,0.5208333333333334,0.5667256741484006,0.013340194291094959,0.013340194291094959,projection_IoU,0.1514994734425385,0.7199999999999998,0.7249976611775628,False,0.06936431777853128,1.2799999999999994,19,1
simple,coarse,23,xy,05cm,0.6707819533903263,0.5416666666666667,0.5993494796274569,0.013340194291094959,0.013340194291094959,projection_IoU,0.1514994734425385,0.7199999999999998,0.7249976611775628,False,0.06936431777853128,1.2799999999999994,19,1
simple,coarse,23,xy,10cm,0.701763559576711,0.5729166666666667,0.6308280791735751,0.013340194291094959,0.013340194291094959,projection_IoU,0.1514994734425385,0.7199999999999998,0.7249976611775628,False,0.06936431777853128,1.2799999999999994,19,1
simple,coarse,23,xz,02cm,0.6185878336930317,0.6786833855799372,0.6472436588620675,0.949209551933601,0.6472436588620675,boundary_F1,0.0298183878968675,0.40000000000000036,0.40500000000000036,False,2.5722482563302567,2.5439999999999996,3,1
simple,coarse,23,xz,05cm,0.9066858546188398,0.9905956112852665,0.9467852235322992,0.949209551933601,0.9467852235322992,boundary_F1,0.0298183878968675,0.40000000000000036,0.40500000000000036,False,2.5722482563302567,2.5439999999999996,3,1
simple,coarse,23,xz,10cm,0.9272411072335645,1.0,0.9622471249220724,0.949209551933601,0.949209551933601,projection_IoU,0.0298183878968675,0.40000000000000036,0.40500000000000036,False,2.5722482563302567,2.5439999999999996,3,1
simple,coarse,23,yz,02cm,0.6863369989199711,0.8514644351464435,0.7600351152751749,0.9265298632450756,0.7600351152751749,boundary_F1,0.054358380696994786,0.7199999999999998,0.7249999999999998,False,1.2918496848446093,1.2719999999999998,5,1
simple,coarse,23,yz,05cm,0.7123068434046268,0.893305439330544,0.792604272560458,0.9265298632450756,0.792604272560458,boundary_F1,0.054358380696994786,0.7199999999999998,0.7249999999999998,False,1.2918496848446093,1.2719999999999998,5,1
simple,coarse,23,yz,10cm,0.8396276973183424,1.0,0.9128235006923221,0.9265298632450756,0.9128235006923221,boundary_F1,0.054358380696994786,0.7199999999999998,0.7249999999999998,False,1.2918496848446093,1.2719999999999998,5,1
simple,rear,48,xy,02cm,0.5848224324967812,0.8208333333333332,0.6830146588428085,0.03353066565016843,0.03353066565016843,projection_IoU,0.04244088857347756,0.6630038755109187,0.6680015366884826,False,0.13651266038777082,1.2799999999999994,18,1
simple,rear,48,xy,05cm,0.7542472265694277,0.8875,0.8154658680059101,0.03353066565016843,0.03353066565016843,projection_IoU,0.04244088857347756,0.6630038755109187,0.6680015366884826,False,0.13651266038777082,1.2799999999999994,18,1
simple,rear,48,xy,10cm,0.7827870643550946,0.9125,0.8426811142993633,0.03353066565016843,0.03353066565016843,projection_IoU,0.04244088857347756,0.6630038755109187,0.6680015366884826,False,0.13651266038777082,1.2799999999999994,18,1
simple,rear,48,xz,02cm,0.5039525804914575,0.6003134796238244,0.5479286887231672,0.9302692866899733,0.5479286887231672,boundary_F1,0.034106442138425085,0.35588882972405234,0.36088882972405234,False,2.656360840611717,2.5439999999999996,7,1
simple,rear,48,xz,05cm,0.7107426346342305,0.8730407523510972,0.783575948034386,0.9302692866899733,0.783575948034386,boundary_F1,0.034106442138425085,0.35588882972405234,0.36088882972405234,False,2.656360840611717,2.5439999999999996,7,1
simple,rear,48,xz,10cm,0.9018725940876371,1.0,0.9484048478234492,0.9302692866899733,0.9302692866899733,projection_IoU,0.034106442138425085,0.35588882972405234,0.36088882972405234,False,2.656360840611717,2.5439999999999996,7,1
simple,rear,48,yz,02cm,0.5696444198319467,0.6589958158995816,0.6110711309992051,0.9053021982983683,0.6110711309992051,boundary_F1,0.039271459701906083,0.6630038755109187,0.6680038755109187,False,1.3636245288796582,1.2719999999999998,5,1
simple,rear,48,yz,05cm,0.61174767778318,0.7175732217573222,0.66044813137471,0.9053021982983683,0.66044813137471,boundary_F1,0.039271459701906083,0.6630038755109187,0.6680038755109187,False,1.3636245288796582,1.2719999999999998,5,1
simple,rear,48,yz,10cm,0.8978439361206942,1.0,0.9461725688108377,0.9053021982983683,0.9053021982983683,projection_IoU,0.039271459701906083,0.6630038755109187,0.6680038755109187,False,1.3636245288796582,1.2719999999999998,5,1
simple,extra,73,xy,02cm,0.5158811444863663,0.7916666666666666,0.6246898240632023,0.9253689827316066,0.6246898240632023,boundary_F1,0.04277928534980496,0.4794083173994262,0.48440706459240096,False,1.3827472319114702,1.2799999999999994,11,1
simple,extra,73,xy,05cm,0.6981810757055691,0.9895833333333334,0.8187260644516224,0.9253689827316066,0.8187260644516224,boundary_F1,0.04277928534980496,0.4794083173994262,0.48440706459240096,False,1.3827472319114702,1.2799999999999994,11,1
simple,extra,73,xy,10cm,0.7536488418904828,1.0,0.8595208161264807,0.9253689827316066,0.8595208161264807,boundary_F1,0.04277928534980496,0.4794083173994262,0.48440706459240096,False,1.3827472319114702,1.2799999999999994,11,1
simple,extra,73,xz,02cm,0.5070478390712011,0.525078369905956,0.515905614038595,0.9423294155826939,0.515905614038595,boundary_F1,0.023571025322313567,0.08425473262385541,0.08923339368717438,False,2.633486572819611,2.5439999999999996,2,1
simple,extra,73,xz,05cm,0.9404707277452707,0.981191222570533,0.9603995364497198,0.9423294155826939,0.9423294155826939,projection_IoU,0.023571025322313567,0.08425473262385541,0.08923339368717438,False,2.633486572819611,2.5439999999999996,2,1
simple,extra,73,xz,10cm,1.0,1.0,1.0,0.9423294155826939,0.9423294155826939,projection_IoU,0.023571025322313567,0.08425473262385541,0.08923339368717438,False,2.633486572819611,2.5439999999999996,2,1
simple,extra,73,yz,02cm,0.42499472452111714,0.5209205020920502,0.4680936706700247,0.893536432039714,0.4680936706700247,boundary_F1,0.04174008229594073,0.47940831739942613,0.48440831739942614,False,1.3856496282132897,1.2719999999999998,4,1
simple,extra,73,yz,05cm,0.6195741035917381,0.7175732217573222,0.6649824999884271,0.893536432039714,0.6649824999884271,boundary_F1,0.04174008229594073,0.47940831739942613,0.48440831739942614,False,1.3856496282132897,1.2719999999999998,4,1
simple,extra,73,yz,10cm,0.9024354755965718,1.0,0.9487159876616401,0.893536432039714,0.893536432039714,projection_IoU,0.04174008229594073,0.47940831739942613,0.48440831739942614,False,1.3856496282132897,1.2719999999999998,4,1
simple,returned,96,xy,02cm,0.49529295768320464,0.7687499999999999,0.6024422807858227,0.9205731386917209,0.6024422807858227,boundary_F1,0.04370067258831088,0.4794083173994262,0.4844046952094795,False,1.3901346351044093,1.2799999999999994,11,1
simple,returned,96,xy,05cm,0.6825988016317698,0.9791666666666667,0.8044191626497408,0.9205731386917209,0.8044191626497408,boundary_F1,0.04370067258831088,0.4794083173994262,0.4844046952094795,False,1.3901346351044093,1.2799999999999994,11,1
simple,returned,96,xy,10cm,0.7576303091404621,1.0,0.862104283478097,0.9205731386917209,0.862104283478097,boundary_F1,0.04370067258831088,0.4794083173994262,0.4844046952094795,False,1.3901346351044093,1.2799999999999994,11,1
simple,returned,96,xz,02cm,0.49553315304666395,0.525078369905956,0.5098781159816083,0.9337933533678305,0.5098781159816083,boundary_F1,0.027577362615594507,0.10000000000000009,0.10497866106331906,False,2.65800389848785,2.5439999999999996,3,1
simple,returned,96,xz,05cm,0.7990208799483636,0.8526645768025078,0.8249716042154397,0.9337933533678305,0.8249716042154397,boundary_F1,0.027577362615594507,0.10000000000000009,0.10497866106331906,False,2.65800389848785,2.5439999999999996,3,1
simple,returned,96,xz,10cm,1.0,1.0,1.0,0.9337933533678305,0.9337933533678305,projection_IoU,0.027577362615594507,0.10000000000000009,0.10497866106331906,False,2.65800389848785,2.5439999999999996,3,1
simple,returned,96,yz,02cm,0.44596487281991376,0.5334728033472804,0.48580963686971856,0.8959150231962811,0.48580963686971856,boundary_F1,0.041113925289688,0.47940831739942613,0.48440831739942614,False,1.3819533049736863,1.2719999999999998,4,1
simple,returned,96,yz,05cm,0.6166285304987272,0.7175732217573222,0.663282176791113,0.8959150231962811,0.663282176791113,boundary_F1,0.041113925289688,0.47940831739942613,0.48440831739942614,False,1.3819533049736863,1.2719999999999998,4,1
simple,returned,96,yz,10cm,0.9017893341577001,1.0,0.9483588092128,0.8959150231962811,0.8959150231962811,projection_IoU,0.041113925289688,0.47940831739942613,0.48440831739942614,False,1.3819533049736863,1.2719999999999998,4,1
complex,initial,0,xy,02cm,0.0819187039038238,0.10518292682926829,0.09210447824429814,0.02362036537246125,0.02362036537246125,projection_IoU,0.2423861688741928,1.0662082348209467,1.0712082348209466,False,0.1295331745537212,1.7519999999999993,17,1
complex,initial,0,xy,05cm,0.5713993958883822,0.285060975609756,0.38036475399287406,0.02362036537246125,0.02362036537246125,projection_IoU,0.2423861688741928,1.0662082348209467,1.0712082348209466,False,0.1295331745537212,1.7519999999999993,17,1
complex,initial,0,xy,10cm,0.6613315157474824,0.30629089827483635,0.4186753450113513,0.02362036537246125,0.02362036537246125,projection_IoU,0.2423861688741928,1.0662082348209467,1.0712082348209466,False,0.1295331745537212,1.7519999999999993,17,1
complex,initial,0,xz,02cm,0.6773153767899238,0.7033190897346714,0.6900723483549206,0.9061846650874356,0.6900723483549206,boundary_F1,0.046572192557214655,0.4000000000000004,0.4050000000000004,False,2.5038659855794783,2.6839999999999997,8,1
complex,initial,0,xz,05cm,0.8388980651808815,0.8556096591473714,0.8471714555250504,0.9061846650874356,0.8471714555250504,boundary_F1,0.046572192557214655,0.4000000000000004,0.4050000000000004,False,2.5038659855794783,2.6839999999999997,8,1
complex,initial,0,xz,10cm,0.8739209658780028,0.8695220113286295,0.871715939009386,0.9061846650874356,0.871715939009386,boundary_F1,0.046572192557214655,0.4000000000000004,0.4050000000000004,False,2.5038659855794783,2.6839999999999997,8,1
complex,initial,0,yz,02cm,0.26134823938376206,0.1834817012858556,0.2155997841242925,0.03745047044095518,0.03745047044095518,projection_IoU,0.2442992314542471,1.181158204465573,1.186158204465573,False,0.10916214666887497,1.7359999999999998,7,1
complex,initial,0,yz,05cm,0.8523673580865933,0.3534336583298008,0.4996766622485923,0.03745047044095518,0.03745047044095518,projection_IoU,0.2442992314542471,1.181158204465573,1.186158204465573,False,0.10916214666887497,1.7359999999999998,7,1
complex,initial,0,yz,10cm,0.9999439701142575,0.38724035608308605,0.5582800378254754,0.03745047044095518,0.03745047044095518,projection_IoU,0.2442992314542471,1.181158204465573,1.186158204465573,False,0.10916214666887497,1.7359999999999998,7,1
complex,front,3,xy,02cm,0.7204416579559179,0.2637195121951219,0.3861044884996244,0.008640939629525524,0.008640939629525524,projection_IoU,0.22049098744970766,1.0662082348209467,1.0712082348209466,False,0.04184598569358605,1.7519999999999993,10,1
complex,front,3,xy,05cm,0.7853223898672816,0.2835365853658536,0.4166454770813021,0.008640939629525524,0.008640939629525524,projection_IoU,0.22049098744970766,1.0662082348209467,1.0712082348209466,False,0.04184598569358605,1.7519999999999993,10,1
complex,front,3,xy,10cm,0.825423916961249,0.3108640690065436,0.4516366284790874,0.008640939629525524,0.008640939629525524,projection_IoU,0.22049098744970766,1.0662082348209467,1.0712082348209466,False,0.04184598569358605,1.7519999999999993,10,1
complex,front,3,xz,02cm,0.6710818381640341,0.6888601808605783,0.6798548025473717,0.9051762731073066,0.6798548025473717,boundary_F1,0.04786134250894897,0.4000000000000004,0.4050000000000004,False,2.5189597847876284,2.6839999999999997,4,1
complex,front,3,xz,05cm,0.8313440212294095,0.8426413594355558,0.8369545687777732,0.9051762731073066,0.8369545687777732,boundary_F1,0.04786134250894897,0.4000000000000004,0.4050000000000004,False,2.5189597847876284,2.6839999999999997,4,1
complex,front,3,xz,10cm,0.882657515712715,0.8695220113286295,0.8760405272772503,0.9051762731073066,0.8760405272772503,boundary_F1,0.04786134250894897,0.4000000000000004,0.4050000000000004,False,2.5189597847876284,2.6839999999999997,4,1
complex,front,3,yz,02cm,0.7864055770727612,0.28642079977391555,0.4199056234875525,0.03574798990192821,0.03574798990192821,projection_IoU,0.2334334265077365,1.207792504819838,1.2127925048198378,False,0.07949028681499996,1.7359999999999998,6,1
complex,front,3,yz,05cm,0.8272938686623309,0.32425462766709057,0.4659011169906162,0.03574798990192821,0.03574798990192821,projection_IoU,0.2334334265077365,1.207792504819838,1.2127925048198378,False,0.07949028681499996,1.7359999999999998,6,1
complex,front,3,yz,10cm,0.9740608884350348,0.35792002260844996,0.52348482222249,0.03574798990192821,0.03574798990192821,projection_IoU,0.2334334265077365,1.207792504819838,1.2127925048198378,False,0.07949028681499996,1.7359999999999998,6,1
complex,coarse,23,xy,02cm,0.6214869354342788,0.3810975609756097,0.47247320524170405,0.009849082109383674,0.009849082109383674,projection_IoU,0.13764564020807815,0.5966573556070521,0.6016573556070521,False,0.06936431777853128,1.7519999999999993,19,1
complex,coarse,23,xy,05cm,0.6707819533903263,0.39634146341463405,0.49827170288296685,0.009849082109383674,0.009849082109383674,projection_IoU,0.13764564020807815,0.5966573556070521,0.6016573556070521,False,0.06936431777853128,1.7519999999999993,19,1
complex,coarse,23,xy,10cm,0.7188845165835716,0.4389128494943485,0.5450481420594759,0.009849082109383674,0.009849082109383674,projection_IoU,0.13764564020807815,0.5966573556070521,0.6016573556070521,False,0.06936431777853128,1.7519999999999993,19,1
complex,coarse,23,xz,02cm,0.5502228452951994,0.551972572791414,0.5510963202032422,0.9011445023669037,0.5510963202032422,boundary_F1,0.04924802926043549,0.4000000000000004,0.4050000000000004,False,2.5722482563302567,2.6839999999999997,3,1
complex,coarse,23,xz,05cm,0.8519938639005739,0.8469641260061611,0.8494715497241633,0.9011445023669037,0.8494715497241633,boundary_F1,0.04924802926043549,0.4000000000000004,0.4050000000000004,False,2.5722482563302567,2.6839999999999997,3,1
complex,coarse,23,xz,10cm,0.8862221141948651,0.8695220113286295,0.8777926396181102,0.9011445023669037,0.8777926396181102,boundary_F1,0.04924802926043549,0.4000000000000004,0.4050000000000004,False,2.5722482563302567,2.6839999999999997,3,1
complex,coarse,23,yz,02cm,0.636434099673512,0.5593914699499535,0.5954309986108447,0.7001438930879417,0.5954309986108447,boundary_F1,0.10610661411272579,0.6135486604227203,0.6185486604227203,False,1.2918496848446093,1.7359999999999998,5,1
complex,coarse,23,yz,05cm,0.6735034519914317,0.6542664833176521,0.6637456133304549,0.7001438930879417,0.6637456133304549,boundary_F1,0.10610661411272579,0.6135486604227203,0.6185486604227203,False,1.2918496848446093,1.7359999999999998,5,1
complex,coarse,23,yz,10cm,0.770390476272742,0.7238184844756459,0.7463786948659668,0.7001438930879417,0.7001438930879417,projection_IoU,0.10610661411272579,0.6135486604227203,0.6185486604227203,False,1.2918496848446093,1.7359999999999998,5,1
complex,rear,48,xy,02cm,0.49235660931322855,0.7648938952593899,0.5990859631944553,0.1176477064761693,0.1176477064761693,projection_IoU,0.04988479910676523,0.47940831739942613,0.4844059785769897,False,0.30779329633754515,1.7519999999999993,18,1
complex,rear,48,xy,05cm,0.615195738031707,0.8421890705450366,0.7110148586249768,0.1176477064761693,0.1176477064761693,projection_IoU,0.04988479910676523,0.47940831739942613,0.4844059785769897,False,0.30779329633754515,1.7519999999999993,18,1
complex,rear,48,xy,10cm,0.7456832172911115,0.8870515292621386,0.810247273342534,0.1176477064761693,0.1176477064761693,projection_IoU,0.04988479910676523,0.47940831739942613,0.4844059785769897,False,0.30779329633754515,1.7519999999999993,18,1
complex,rear,48,xz,02cm,0.4572291699353813,0.5339722493389684,0.49262981990587434,0.9233367302979203,0.49262981990587434,boundary_F1,0.03700026503161604,0.375636965438499,0.380636965438499,False,2.781880573859051,2.6839999999999997,7,1
complex,rear,48,xz,05cm,0.712167957370465,0.8527862700282338,0.7761595136352293,0.9233367302979203,0.7761595136352293,boundary_F1,0.03700026503161604,0.375636965438499,0.380636965438499,False,2.781880573859051,2.6839999999999997,7,1
complex,rear,48,xz,10cm,0.8996257896462616,1.0,0.9471610614570412,0.9233367302979203,0.9233367302979203,projection_IoU,0.03700026503161604,0.375636965438499,0.380636965438499,False,2.781880573859051,2.6839999999999997,7,1
complex,rear,48,yz,02cm,0.7194328401470744,0.7147554548312213,0.7170865202014793,0.9386738011756536,0.7170865202014793,boundary_F1,0.03935804631035908,0.4148125942270743,0.4198125942270743,False,1.8079420224472067,1.7359999999999998,5,1
complex,rear,48,yz,05cm,0.8223481841259956,0.8187600004996701,0.8205501696397706,0.9386738011756536,0.8205501696397706,boundary_F1,0.03935804631035908,0.4148125942270743,0.4198125942270743,False,1.8079420224472067,1.7359999999999998,5,1
complex,rear,48,yz,10cm,0.9147007337075678,0.9054487889245849,0.91005124718133,0.9386738011756536,0.91005124718133,boundary_F1,0.03935804631035908,0.4148125942270743,0.4198125942270743,False,1.8079420224472067,1.7359999999999998,5,1
complex,extra,73,xy,02cm,0.615330730441461,0.8375184619171675,0.7094347433170998,0.937740681917946,0.7094347433170998,boundary_F1,0.031192521584166126,0.47940831739942613,0.4844070645924009,False,1.8655478607836415,1.7519999999999993,9,1
complex,extra,73,xy,05cm,0.7555099531838722,0.9878048780487805,0.8561808845987363,0.937740681917946,0.8561808845987363,boundary_F1,0.031192521584166126,0.47940831739942613,0.4844070645924009,False,1.8655478607836415,1.7519999999999993,9,1
complex,extra,73,xy,10cm,0.8356348846776114,1.0,0.9104587101202014,0.937740681917946,0.9104587101202014,boundary_F1,0.031192521584166126,0.47940831739942613,0.4844070645924009,False,1.8655478607836415,1.7519999999999993,9,1
complex,extra,73,xz,02cm,0.5065906954692279,0.5359529084415242,0.5208583230623127,0.9357952879361908,0.5208583230623127,boundary_F1,0.025391814963076857,0.08425473262385541,0.0892547326238554,False,2.7914702145416417,2.6839999999999997,2,1
complex,extra,73,xz,05cm,0.8442955821721547,0.8845089660628237,0.8639345762954337,0.9357952879361908,0.8639345762954337,boundary_F1,0.025391814963076857,0.08425473262385541,0.0892547326238554,False,2.7914702145416417,2.6839999999999997,2,1
complex,extra,73,xz,10cm,1.0,1.0,1.0,0.9357952879361908,0.9357952879361908,projection_IoU,0.025391814963076857,0.08425473262385541,0.0892547326238554,False,2.7914702145416417,2.6839999999999997,2,1
complex,extra,73,yz,02cm,0.5944816057994616,0.6110064499821225,0.6026307665133974,0.9279206822416354,0.6026307665133974,boundary_F1,0.043377825448140644,0.4193137370195427,0.4243137370195427,False,1.8329204462951223,1.7359999999999998,4,1
complex,extra,73,yz,05cm,0.8217328882729539,0.8158687275787235,0.8187903083084975,0.9279206822416354,0.8187903083084975,boundary_F1,0.043377825448140644,0.4193137370195427,0.4243137370195427,False,1.8329204462951223,1.7359999999999998,4,1
complex,extra,73,yz,10cm,0.9168030003631844,0.8996344458942448,0.9081375864886502,0.9279206822416354,0.9081375864886502,boundary_F1,0.043377825448140644,0.4193137370195427,0.4243137370195427,False,1.8329204462951223,1.7359999999999998,4,1
complex,returned,96,xy,02cm,0.5971173315107355,0.8207501692342408,0.6912975304570198,0.9341349212796897,0.6912975304570198,boundary_F1,0.032046526463583004,0.47940831739942613,0.48440469520947943,False,1.8729352639765795,1.7519999999999993,9,1
complex,returned,96,xy,05cm,0.7419629737465362,0.9801829268292682,0.8445967777325557,0.9341349212796897,0.8445967777325557,boundary_F1,0.032046526463583004,0.47940831739942613,0.48440469520947943,False,1.8729352639765795,1.7519999999999993,9,1
complex,returned,96,xy,10cm,0.8378147261283866,1.0,0.9117510206193203,0.9341349212796897,0.9117510206193203,boundary_F1,0.032046526463583004,0.47940831739942613,0.48440469520947943,False,1.8729352639765795,1.7519999999999993,9,1
complex,returned,96,xz,02cm,0.49060808783391374,0.5287482974905156,0.5089646661598096,0.9276730698523193,0.5089646661598096,boundary_F1,0.02910903054293309,0.10000000000000009,0.10498279083323903,False,2.8163861981125535,2.6839999999999997,3,1
complex,returned,96,xz,05cm,0.7162975726906456,0.7663533464662821,0.7404804931551797,0.9276730698523193,0.7404804931551797,boundary_F1,0.02910903054293309,0.10000000000000009,0.10498279083323903,False,2.8163861981125535,2.6839999999999997,3,1
complex,returned,96,xz,10cm,1.0,1.0,1.0,0.9276730698523193,0.9276730698523193,projection_IoU,0.02910903054293309,0.10000000000000009,0.10498279083323903,False,2.8163861981125535,2.6839999999999997,3,1
complex,returned,96,yz,02cm,0.6113076688276984,0.6199085271334578,0.6155780566426562,0.9297920020277881,0.6155780566426562,boundary_F1,0.04285809212502649,0.4193137370195427,0.4243137370195427,False,1.829224123055518,1.7359999999999998,4,1
complex,returned,96,yz,05cm,0.8209318271527746,0.8158687275787235,0.8183924465468925,0.9297920020277881,0.8183924465468925,boundary_F1,0.04285809212502649,0.4193137370195427,0.4243137370195427,False,1.829224123055518,1.7359999999999998,4,1
complex,returned,96,yz,10cm,0.9163336083335543,0.8996344458942448,0.9079072465710025,0.9297920020277881,0.9079072465710025,boundary_F1,0.04285809212502649,0.4193137370195427,0.4243137370195427,False,1.829224123055518,1.7359999999999998,4,1
