comparison,parent,baseline_J,candidate_J,absolute_difference,relative_percent
semantic_information,SEM_P00,0.6317842952187841,0.6317842952187841,0.0,0.0
semantic_information,SEM_P01,0.3540301991563484,0.3540301991563484,0.0,0.0
semantic_information,SEM_P02,0.5764908135051523,0.5656825593578902,-0.010808254147262053,-1.874835451678096
semantic_information,SEM_P03,0.43499486537137955,0.43499486537137955,0.0,0.0
semantic_information,SEM_P04,0.3873207515222425,0.3873207515222425,0.0,0.0
semantic_information,SEM_P05,0.8899185315461137,0.8899185315461137,0.0,0.0
candidate_increment,SEM_P00,,,,
candidate_increment,SEM_P01,,,,
candidate_increment,SEM_P02,,,,
candidate_increment,SEM_P03,,,,
candidate_increment,SEM_P04,,,,
candidate_increment,SEM_P05,,,,
reliable_noninferiority,SEM_P00,0.6317842952187841,0.6317842952187841,0.0,0.0
reliable_noninferiority,SEM_P01,0.3540301991563484,0.3540301991563484,0.0,0.0
reliable_noninferiority,SEM_P02,0.5656825593578902,0.5656825593578902,0.0,0.0
reliable_noninferiority,SEM_P03,,0.43499486537137955,,
reliable_noninferiority,SEM_P04,0.3873207515222425,0.3873207515222425,0.0,0.0
reliable_noninferiority,SEM_P05,0.8899185315461137,0.8899185315461137,0.0,0.0
