method,paid_step,decision_step,macro_id,controller_action,actual_sensor_action,collision,pose_before_xyyaw_rad,pose_after_xyyaw_rad,translation_m,remaining_before,safety_guard,return_cost_after_action,completed_macro_id,initialization_cancelled_after
G,18,17,2,forward,forward,False,"[3.75, 1.25, 1.5707963267948966]","[3.75, 1.5, 1.5707963267948966]",0.25,143,"{""action"": ""forward"", ""allowed"": true, ""extra_free_actions"": 0, ""map_version"": 18, ""observation_sha256"": ""3f2406671d1c5e64229da55147572c863533b429af84772fbca31350fd380acd"", ""occupancy_sha256"": ""163c8c6d888c4e0747740ebfd7ba59a732c4069b7f6b3dd3e593d01d3944e365"", ""reason"": ""measured_footprint_guard_passed_under_declared_unknown_policy"", ""requested_action"": ""forward""}",26,,
G,19,18,2,forward,forward,False,"[3.75, 1.5, 1.5707963267948966]","[3.75, 1.75, 1.5707963267948966]",0.25,142,"{""action"": ""forward"", ""allowed"": true, ""extra_free_actions"": 0, ""map_version"": 19, ""observation_sha256"": ""f4090ad346eb5668c5b84e0ef5413307d6b43edda1940c0148e77a6b8be206b5"", ""occupancy_sha256"": ""d86a624d876fff897c6813be53869aec06e78b62af75604538dad06119012d98"", ""reason"": ""measured_footprint_guard_passed_under_declared_unknown_policy"", ""requested_action"": ""forward""}",25,,
G,20,19,2,observe,observe,False,"[3.75, 1.75, 1.5707963267948966]","[3.75, 1.75, 1.5707963267948966]",0.0,141,"{""action"": ""observe"", ""allowed"": true, ""extra_free_actions"": 0, ""map_version"": 20, ""observation_sha256"": ""75487b67b5b8071b59bbaf110974f2624b8a50e99200d6331edeb745104e852d"", ""occupancy_sha256"": ""d83ba33a4220407df396f7c16777dea6235214f9ee0755c2e412fdfaab3824d6"", ""reason"": ""measured_footprint_guard_passed_under_declared_unknown_policy"", ""requested_action"": ""observe""}",25,2,
NBV,18,17,2,forward,forward,False,"[3.75, 1.25, 1.5707963267948966]","[3.75, 1.5, 1.5707963267948966]",0.25,143,"{""action"": ""forward"", ""allowed"": true, ""extra_free_actions"": 0, ""map_version"": 18, ""observation_sha256"": ""6e9311e4fdb094eb9ae0fa328925a147561d609bb3256e9e2afabd4af56789c1"", ""occupancy_sha256"": ""163c8c6d888c4e0747740ebfd7ba59a732c4069b7f6b3dd3e593d01d3944e365"", ""reason"": ""measured_footprint_guard_passed_under_declared_unknown_policy"", ""requested_action"": ""forward""}",26,,
NBV,19,18,2,forward,forward,False,"[3.75, 1.5, 1.5707963267948966]","[3.75, 1.75, 1.5707963267948966]",0.25,142,"{""action"": ""forward"", ""allowed"": true, ""extra_free_actions"": 0, ""map_version"": 19, ""observation_sha256"": ""2712a9009a483cf38851eff3afad66948ef2d8a37eb3ee0222e31828026887d5"", ""occupancy_sha256"": ""d86a624d876fff897c6813be53869aec06e78b62af75604538dad06119012d98"", ""reason"": ""measured_footprint_guard_passed_under_declared_unknown_policy"", ""requested_action"": ""forward""}",25,,
NBV,20,19,2,right,turn_right,False,"[3.75, 1.75, 1.5707963267948966]","[3.75, 1.75, 1.0471975511965983]",0.0,141,"{""action"": ""right"", ""allowed"": true, ""extra_free_actions"": 0, ""map_version"": 20, ""observation_sha256"": ""2e3cbdf76365f5f8f4f64e64cef9ba2fc5a5c2a641d0f7d8287ac1e844b2e442"", ""occupancy_sha256"": ""d83ba33a4220407df396f7c16777dea6235214f9ee0755c2e412fdfaab3824d6"", ""reason"": ""measured_footprint_guard_passed_under_declared_unknown_policy"", ""requested_action"": ""right""}",26,,
NBV,21,20,2,right,turn_right,False,"[3.75, 1.75, 1.0471975511965983]","[3.75, 1.75, 0.5235987755982996]",0.0,140,"{""action"": ""right"", ""allowed"": true, ""extra_free_actions"": 0, ""map_version"": 21, ""observation_sha256"": ""6c10f1e8506905e7bf9f5ab622d679032f68f5756a7b4039fb2d44f56ed8484a"", ""occupancy_sha256"": ""f6dbbfd235f5f79adc5e9e935d332975e37fc658fd2797b52c5d801570d3c8d1"", ""reason"": ""measured_footprint_guard_passed_under_declared_unknown_policy"", ""requested_action"": ""right""}",27,,
NBV,22,21,2,right,turn_right,False,"[3.75, 1.75, 0.5235987755982996]","[3.75, 1.75, 8.881784197001252e-16]",0.0,139,"{""action"": ""right"", ""allowed"": true, ""extra_free_actions"": 0, ""map_version"": 22, ""observation_sha256"": ""29db035c7e6c4d3a825c5f86a3444152580053edfff1f279c27890f57088f9a7"", ""occupancy_sha256"": ""d0df3f085786dacd43c7e98e5d50e1a7305d5fe49d4c55bc35a743aa89dfd05d"", ""reason"": ""measured_footprint_guard_passed_under_declared_unknown_policy"", ""requested_action"": ""right""}",28,,
NBV,23,22,2,forward,forward,False,"[3.75, 1.75, 8.881784197001252e-16]","[4.0, 1.7500000000000002, 8.881784197001252e-16]",0.25,138,"{""action"": ""forward"", ""allowed"": true, ""extra_free_actions"": 0, ""map_version"": 23, ""observation_sha256"": ""8bc82b8df152f0cfc5971974ee3017c9b7e2b1bacdf7da65083b3e6e9675e589"", ""occupancy_sha256"": ""105a2c7c9623b9213a6406cd5c167b0324a667ba8a7919dc9607eed2313a77f5"", ""reason"": ""measured_footprint_guard_passed_under_declared_unknown_policy"", ""requested_action"": ""forward""}",29,,
NBV,24,23,2,forward,forward,False,"[4.0, 1.7500000000000002, 8.881784197001252e-16]","[4.25, 1.7500000000000004, 8.881784197001252e-16]",0.25,137,"{""action"": ""forward"", ""allowed"": true, ""extra_free_actions"": 0, ""map_version"": 24, ""observation_sha256"": ""a9ee1c35b5c4c46cd81e4d829edec05b4febd26e0cd36b8d71a29349fd777a6f"", ""occupancy_sha256"": ""3e150c826e2df1f67bb68d49fcf24c5b2ad81af4a67530069ef0f584d170cc99"", ""reason"": ""measured_footprint_guard_passed_under_declared_unknown_policy"", ""requested_action"": ""forward""}",30,,
NBV,25,24,2,forward,forward,False,"[4.25, 1.7500000000000004, 8.881784197001252e-16]","[4.5, 1.7500000000000007, 8.881784197001252e-16]",0.25,136,"{""action"": ""forward"", ""allowed"": true, ""extra_free_actions"": 0, ""map_version"": 25, ""observation_sha256"": ""0036f6e9c0649162232b843cac0b5fdabbf436906ce4a9c9512f6f278cac4a2f"", ""occupancy_sha256"": ""5172765ab8460dc951afbc645bc1d4124103dd02b77f58dc395756d682bb5763"", ""reason"": ""measured_footprint_guard_passed_under_declared_unknown_policy"", ""requested_action"": ""forward""}",31,,
NBV,26,25,2,forward,forward,False,"[4.5, 1.7500000000000007, 8.881784197001252e-16]","[4.75, 1.7500000000000009, 8.881784197001252e-16]",0.25,135,"{""action"": ""forward"", ""allowed"": true, ""extra_free_actions"": 0, ""map_version"": 26, ""observation_sha256"": ""e2c68311d23690bbde495463ca1f12eaeb623c3266a76cdf0cb7b2b7b0d90b7a"", ""occupancy_sha256"": ""1ca82e8894fe479fef70684a4345e77051cafbede0f7fb1be151b552d062fe20"", ""reason"": ""measured_footprint_guard_passed_under_declared_unknown_policy"", ""requested_action"": ""forward""}",32,,
NBV,27,26,2,left,turn_left,False,"[4.75, 1.7500000000000009, 8.881784197001252e-16]","[4.75, 1.7500000000000009, 0.5235987755982996]",0.0,134,"{""action"": ""left"", ""allowed"": true, ""extra_free_actions"": 0, ""map_version"": 27, ""observation_sha256"": ""d47825fe78e3ab687cae7383412b6362bcf3004878c7817e10cd097123aba121"", ""occupancy_sha256"": ""154cac069c35cc12bbb2a672d9a85246a41605961713abcf3b5a0b1b3434611f"", ""reason"": ""measured_footprint_guard_passed_under_declared_unknown_policy"", ""requested_action"": ""left""}",31,,
NBV,28,27,2,left,turn_left,False,"[4.75, 1.7500000000000009, 0.5235987755982996]","[4.75, 1.7500000000000009, 1.0471975511965983]",0.0,133,"{""action"": ""left"", ""allowed"": true, ""extra_free_actions"": 0, ""map_version"": 28, ""observation_sha256"": ""f5ddf84d64fcc004aa755f7320cdef396eaa4b35a743f3e1dc4c2b73390ebd5a"", ""occupancy_sha256"": ""cd0df40b65b5a0f6a746d087c29c0f9334aa24e093a18cd366d58c91183a2e4c"", ""reason"": ""measured_footprint_guard_passed_under_declared_unknown_policy"", ""requested_action"": ""left""}",30,,
NBV,29,28,2,observe,observe,False,"[4.75, 1.7500000000000009, 1.0471975511965983]","[4.75, 1.7500000000000009, 1.0471975511965983]",0.0,132,"{""action"": ""observe"", ""allowed"": true, ""extra_free_actions"": 0, ""map_version"": 29, ""observation_sha256"": ""fcce7a7467d23e83a148abe28d114261efe54f8970f6edecc3cdf84ad11b4a99"", ""occupancy_sha256"": ""cd0df40b65b5a0f6a746d087c29c0f9334aa24e093a18cd366d58c91183a2e4c"", ""reason"": ""measured_footprint_guard_passed_under_declared_unknown_policy"", ""requested_action"": ""observe""}",30,2,
