pair_id,pair_kind,comparison,scene_id,left_run,right_run,left_status,right_status,quality_status,cost_status,mechanism_status,both_original_end_to_end_qualified,left_paid_actions,right_paid_actions,delta_paid_actions,left_path_length_m,right_path_length_m,delta_path_length_m,left_turns,right_turns,delta_turns,left_explicit_observe_actions,right_explicit_observe_actions,delta_explicit_observe_actions,left_observation_frames,right_observation_frames,delta_observation_frames,left_planning_s,right_planning_s,delta_planning_s,left_evidence_s,right_evidence_s,delta_evidence_s,left_acquisition_s,right_acquisition_s,delta_acquisition_s,left_mapping_s,right_mapping_s,delta_mapping_s,left_elapsed_episode_s,right_elapsed_episode_s,delta_elapsed_episode_s,left_observed_instance_count,right_observed_instance_count,delta_observed_instance_count,left_qualified_category_instance_count,right_qualified_category_instance_count,delta_qualified_category_instance_count,left_macro_count,right_macro_count,delta_macro_count,left_replans,right_replans,delta_replans,left_C_nav,right_C_nav,delta_C_nav,left_P,right_P,delta_P,left_R,right_R,delta_R,left_F1,right_F1,delta_F1,left_J_nav,right_J_nav,delta_J_nav,first_action_divergence_paid_step,actions_identical,first_namespaced_receipt_hash_difference_paid_step,observation_equality_rule,first_observation_divergence_paid_step,common_observation_prefix_frames,common_replan_count,numeric_common_candidate_scores,common_selected_target_differences,unique_target_score_order_differences,changed_common_candidate_scores,first_changed_score_paid_step,max_abs_common_score_delta,changed_posterior_instance_steps,changed_reliability_instance_steps,changed_posterior_with_both_forecasts,changed_posterior_with_both_zero_forecast_bases,changed_posterior_at_replan_without_feasible_options,first_changed_posterior_paid_step,first_xy_divergence_paid_step,first_full_pose_divergence_paid_step,unmatched_left_instance_prefix_frames,unmatched_right_instance_prefix_frames,identity_rule,first_macro_target_divergence_paid_step,first_common_peer_set_divergence_paid_step
exposure_AISLE_G_b160_n92801__vs__ground_AISLE_G_b160_n92801,across_arm,ExposureV3-GroundV2/G,ART1_AISLE_DEV,exposure_AISLE_G_b160_n92801,ground_AISLE_G_b160_n92801,reviewed_qualified,reviewed_qualified,motion_complete_common_derived_metric,reviewed_recorded_costs_available,common_actual_prefix_only,True,159,160,-1,22.0,22.0,0.0,58,56,2,13,16,-3,160,161,-1,44.50657334085554,24.86939376872033,19.63717957213521,44.82444012723863,53.36332977935672,-8.538889652118087,159.91018734127283,179.6333989794366,-19.723211638163775,8.828881395515054,11.028887163847685,-2.2000057683326304,270.0192000842653,284.8708011857234,-14.851601101458073,3,2,1,3,2,1,13,16,-3,27,21,6,0.9838824365963499,0.944536620052145,0.03934581654420488,0.9447383990805425,0.9370764443605132,0.007661954720029285,0.7024263839812072,0.5711172628398056,0.13130912114140159,0.7957640784271567,0.6911626410782391,0.10460143734891758,0.7829383004387598,0.6528284249103538,0.13010987552840603,62,False,0,"exact uncompressed NPY arrays: RGB-D excluding frame_id only, plus complete scan, including calibration/pose/time/paid_step",62,62,6,149,1,2,15,27,0.03531489454730642,0,0,0,0,0,,62,62,0,0,bidirectionally unique observed marker anchors within 0.25m at each paid step; no class or GT; unmatched identities not compared,60,
exposure_AISLE_B_b160_n92801__vs__ground_AISLE_B_b160_n92801,across_arm,ExposureV3-GroundV2/B,ART1_AISLE_DEV,exposure_AISLE_B_b160_n92801,ground_AISLE_B_b160_n92801,reviewed_qualified,reviewed_qualified,motion_complete_common_derived_metric,reviewed_recorded_costs_available,common_actual_prefix_only,True,160,160,0,24.0,22.0,2.0,52,56,-4,12,16,-4,161,161,0,59.33895080629736,26.86664307070896,32.4723077355884,35.25095737958327,57.9858741867356,-22.73491680715233,162.88892809022218,194.89421859337017,-32.00529050314799,8.868142423219979,11.766140271443874,-2.897997848223895,276.5322767230682,307.0240034610033,-30.491726737935096,2,2,0,2,2,0,12,16,-4,33,21,12,0.9530694477364304,0.944536620052145,0.008532827684285427,0.9587395429477163,0.9370764443605132,0.021663098587203167,0.6747851856490961,0.5711172628398056,0.10366792280929049,0.7703761722434271,0.6911626410782391,0.07921353116518803,0.7342219930293483,0.6528284249103538,0.08139356811899456,32,False,0,"exact uncompressed NPY arrays: RGB-D excluding frame_id only, plus complete scan, including calibration/pose/time/paid_step",32,32,4,70,1,1,6,27,0.009154382130316987,0,0,0,0,0,,35,32,0,0,bidirectionally unique observed marker anchors within 0.25m at each paid step; no class or GT; unmatched identities not compared,27,
exposure_AISLE_S_b160_n92801__vs__ground_AISLE_S_b160_n92801,across_arm,ExposureV3-GroundV2/S,ART1_AISLE_DEV,exposure_AISLE_S_b160_n92801,ground_AISLE_S_b160_n92801,running_reserved,reviewed_qualified,unavailable,unavailable,unavailable,False,,,,,,,,,,,,,,,,,,,,,,,,,,,,,,,,,,,,,,,,,,,,,,,,,,,,,,,,,,,,,,,,,,,,,,,,,,,,,,,,,,,
exposure_AISLE_NBV_b160_n92801__vs__ground_AISLE_NBV_b160_n92801,across_arm,ExposureV3-GroundV2/NBV,ART1_AISLE_DEV,exposure_AISLE_NBV_b160_n92801,ground_AISLE_NBV_b160_n92801,running_reserved,reviewed_qualified,unavailable,unavailable,unavailable,False,,,,,,,,,,,,,,,,,,,,,,,,,,,,,,,,,,,,,,,,,,,,,,,,,,,,,,,,,,,,,,,,,,,,,,,,,,,,,,,,,,,
ground_AISLE_S_b160_n92801__vs__ground_AISLE_B_b160_n92801,within_arm,GroundV2/S-B,ART1_AISLE_DEV,ground_AISLE_S_b160_n92801,ground_AISLE_B_b160_n92801,reviewed_qualified,reviewed_qualified,motion_complete_common_derived_metric,reviewed_recorded_costs_available,common_actual_prefix_only,True,160,160,0,22.0,22.0,0.0,56,56,0,16,16,0,161,161,0,19.866434982512146,26.86664307070896,-7.000208088196814,41.983403970487416,57.9858741867356,-16.002470216248184,154.31357915094122,194.89421859337017,-40.58063944242895,8.019688377156854,11.766140271443874,-3.74645189428702,235.07548368535936,307.0240034610033,-71.94851977564394,2,2,0,2,2,0,16,16,0,21,21,0,0.944536620052145,0.944536620052145,0.0,0.9370764443605132,0.9370764443605132,0.0,0.5711172628398056,0.5711172628398056,0.0,0.6911626410782391,0.6911626410782391,0.0,0.6528284249103538,0.6528284249103538,0.0,,True,0,"exact uncompressed NPY arrays: RGB-D excluding frame_id only, plus complete scan, including calibration/pose/time/paid_step",,161,21,474,0,0,0,,0.0,0,0,0,0,0,,,,0,0,bidirectionally unique observed marker anchors within 0.25m at each paid step; no class or GT; unmatched identities not compared,,
ground_AISLE_B_b160_n92801__vs__ground_AISLE_G_b160_n92801,within_arm,GroundV2/B-G,ART1_AISLE_DEV,ground_AISLE_B_b160_n92801,ground_AISLE_G_b160_n92801,reviewed_qualified,reviewed_qualified,motion_complete_common_derived_metric,reviewed_recorded_costs_available,common_actual_prefix_only,True,160,160,0,22.0,22.0,0.0,56,56,0,16,16,0,161,161,0,26.86664307070896,24.86939376872033,1.9972493019886315,57.9858741867356,53.36332977935672,4.622544407378882,194.89421859337017,179.6333989794366,15.260819613933563,11.766140271443874,11.028887163847685,0.7372531075961888,307.0240034610033,284.8708011857234,22.15320227527991,2,2,0,2,2,0,16,16,0,21,21,0,0.944536620052145,0.944536620052145,0.0,0.9370764443605132,0.9370764443605132,0.0,0.5711172628398056,0.5711172628398056,0.0,0.6911626410782391,0.6911626410782391,0.0,0.6528284249103538,0.6528284249103538,0.0,,True,0,"exact uncompressed NPY arrays: RGB-D excluding frame_id only, plus complete scan, including calibration/pose/time/paid_step",,161,21,474,0,5,138,27,0.005115107623405085,281,0,33,15,10,1,,,0,0,bidirectionally unique observed marker anchors within 0.25m at each paid step; no class or GT; unmatched identities not compared,,
exposure_AISLE_S_b160_n92801__vs__exposure_AISLE_B_b160_n92801,within_arm,ExposureV3/S-B,ART1_AISLE_DEV,exposure_AISLE_S_b160_n92801,exposure_AISLE_B_b160_n92801,running_reserved,reviewed_qualified,unavailable,unavailable,unavailable,False,,,,,,,,,,,,,,,,,,,,,,,,,,,,,,,,,,,,,,,,,,,,,,,,,,,,,,,,,,,,,,,,,,,,,,,,,,,,,,,,,,,
exposure_AISLE_B_b160_n92801__vs__exposure_AISLE_G_b160_n92801,within_arm,ExposureV3/B-G,ART1_AISLE_DEV,exposure_AISLE_B_b160_n92801,exposure_AISLE_G_b160_n92801,reviewed_qualified,reviewed_qualified,motion_complete_common_derived_metric,reviewed_recorded_costs_available,common_actual_prefix_only,True,160,159,1,24.0,22.0,2.0,52,58,-6,12,13,-1,161,160,1,59.33895080629736,44.50657334085554,14.832377465441823,35.25095737958327,44.82444012723863,-9.573482747655362,162.88892809022218,159.91018734127283,2.978740748949349,8.868142423219979,8.828881395515054,0.039261027704924345,276.5322767230682,270.0192000842653,6.513076638802886,2,3,-1,2,3,-1,12,13,-1,33,27,6,0.9530694477364304,0.9838824365963499,-0.030812988859919455,0.9587395429477163,0.9447383990805425,0.014001143867173882,0.6747851856490961,0.7024263839812072,-0.027641198332111094,0.7703761722434271,0.7957640784271567,-0.025387906183729547,0.7342219930293483,0.7829383004387598,-0.04871630740941146,32,False,0,"exact uncompressed NPY arrays: RGB-D excluding frame_id only, plus complete scan, including calibration/pose/time/paid_step",32,32,4,70,1,1,11,27,0.004425963452867207,46,0,2,1,0,1,35,32,0,0,bidirectionally unique observed marker anchors within 0.25m at each paid step; no class or GT; unmatched identities not compared,27,
exposure_CELL_G_b160_n92801__vs__ground_CELL_G_b160_n92801,across_arm,ExposureV3-GroundV2/G,ART1_CELL_DEV,exposure_CELL_G_b160_n92801,ground_CELL_G_b160_n92801,unstarted,reviewed_qualified,unavailable,unavailable,unavailable,False,,,,,,,,,,,,,,,,,,,,,,,,,,,,,,,,,,,,,,,,,,,,,,,,,,,,,,,,,,,,,,,,,,,,,,,,,,,,,,,,,,,
exposure_CELL_B_b160_n92801__vs__ground_CELL_B_b160_n92801,across_arm,ExposureV3-GroundV2/B,ART1_CELL_DEV,exposure_CELL_B_b160_n92801,ground_CELL_B_b160_n92801,unstarted,reviewed_qualified,unavailable,unavailable,unavailable,False,,,,,,,,,,,,,,,,,,,,,,,,,,,,,,,,,,,,,,,,,,,,,,,,,,,,,,,,,,,,,,,,,,,,,,,,,,,,,,,,,,,
exposure_CELL_S_b160_n92801__vs__ground_CELL_S_b160_n92801,across_arm,ExposureV3-GroundV2/S,ART1_CELL_DEV,exposure_CELL_S_b160_n92801,ground_CELL_S_b160_n92801,unstarted,reviewed_qualified,unavailable,unavailable,unavailable,False,,,,,,,,,,,,,,,,,,,,,,,,,,,,,,,,,,,,,,,,,,,,,,,,,,,,,,,,,,,,,,,,,,,,,,,,,,,,,,,,,,,
exposure_CELL_NBV_b160_n92801__vs__ground_CELL_NBV_b160_n92801,across_arm,ExposureV3-GroundV2/NBV,ART1_CELL_DEV,exposure_CELL_NBV_b160_n92801,ground_CELL_NBV_b160_n92801,unstarted,reviewed_qualified,unavailable,unavailable,unavailable,False,,,,,,,,,,,,,,,,,,,,,,,,,,,,,,,,,,,,,,,,,,,,,,,,,,,,,,,,,,,,,,,,,,,,,,,,,,,,,,,,,,,
ground_CELL_S_b160_n92801__vs__ground_CELL_B_b160_n92801,within_arm,GroundV2/S-B,ART1_CELL_DEV,ground_CELL_S_b160_n92801,ground_CELL_B_b160_n92801,reviewed_qualified,reviewed_qualified,motion_complete_common_derived_metric,reviewed_recorded_costs_available,common_actual_prefix_only,True,159,159,0,16.0,16.0,0.0,74,74,0,21,21,0,160,160,0,44.45006566634402,42.17174165835604,2.278324007987976,55.04606317682192,54.60920090880245,0.4368622680194676,204.87615123065189,195.0428126300685,9.833338600583375,9.319277740549296,9.104302998632193,0.21497474191710353,327.16730038030073,314.36053787590936,12.806762504391372,3,3,0,3,3,0,24,24,0,26,26,0,0.7914207898320472,0.7914207898320472,0.0,0.975845559497805,0.975845559497805,0.0,0.5581394528385508,0.5581394528385508,0.0,0.6711556549341564,0.6711556549341564,0.0,0.531166538528235,0.531166538528235,0.0,,True,0,"exact uncompressed NPY arrays: RGB-D excluding frame_id only, plus complete scan, including calibration/pose/time/paid_step",,160,26,744,0,0,0,,2.7755575615628914e-17,23,23,3,3,2,137,,,0,0,bidirectionally unique observed marker anchors within 0.25m at each paid step; no class or GT; unmatched identities not compared,,20
ground_CELL_B_b160_n92801__vs__ground_CELL_G_b160_n92801,within_arm,GroundV2/B-G,ART1_CELL_DEV,ground_CELL_B_b160_n92801,ground_CELL_G_b160_n92801,reviewed_qualified,reviewed_qualified,motion_complete_common_derived_metric,reviewed_recorded_costs_available,common_actual_prefix_only,True,159,159,0,16.0,16.0,0.0,74,76,-2,21,19,2,160,160,0,42.17174165835604,39.784284244757146,2.387457413598895,54.60920090880245,52.40208860859275,2.207112300209701,195.0428126300685,197.0387409273535,-1.9959282972849905,9.104302998632193,8.680176793597639,0.424126205034554,314.36053787590936,310.991873415187,3.368664460722357,3,3,0,3,3,0,24,22,2,26,31,-5,0.7914207898320472,0.7916477530640036,-0.00022696323195636747,0.975845559497805,0.9776923831017035,-0.0018468236038984287,0.5581394528385508,0.5614417330740349,-0.0033022802354840675,0.6711556549341564,0.6740714810657299,-0.0029158261315734846,0.531166538528235,0.5336271733902102,-0.0024606348619751195,56,False,0,"exact uncompressed NPY arrays: RGB-D excluding frame_id only, plus complete scan, including calibration/pose/time/paid_step",56,56,6,189,1,2,57,17,0.002683296676411956,86,0,8,3,0,1,61,56,0,0,bidirectionally unique observed marker anchors within 0.25m at each paid step; no class or GT; unmatched identities not compared,54,
exposure_CELL_S_b160_n92801__vs__exposure_CELL_B_b160_n92801,within_arm,ExposureV3/S-B,ART1_CELL_DEV,exposure_CELL_S_b160_n92801,exposure_CELL_B_b160_n92801,unstarted,unstarted,unavailable,unavailable,unavailable,False,,,,,,,,,,,,,,,,,,,,,,,,,,,,,,,,,,,,,,,,,,,,,,,,,,,,,,,,,,,,,,,,,,,,,,,,,,,,,,,,,,,
exposure_CELL_B_b160_n92801__vs__exposure_CELL_G_b160_n92801,within_arm,ExposureV3/B-G,ART1_CELL_DEV,exposure_CELL_B_b160_n92801,exposure_CELL_G_b160_n92801,unstarted,unstarted,unavailable,unavailable,unavailable,False,,,,,,,,,,,,,,,,,,,,,,,,,,,,,,,,,,,,,,,,,,,,,,,,,,,,,,,,,,,,,,,,,,,,,,,,,,,,,,,,,,,
exposure_LOOP_G_b160_n92801__vs__ground_LOOP_G_b160_n92801,across_arm,ExposureV3-GroundV2/G,ART1_LOOP_DEV,exposure_LOOP_G_b160_n92801,ground_LOOP_G_b160_n92801,unstarted,reviewed_qualified,unavailable,unavailable,unavailable,False,,,,,,,,,,,,,,,,,,,,,,,,,,,,,,,,,,,,,,,,,,,,,,,,,,,,,,,,,,,,,,,,,,,,,,,,,,,,,,,,,,,
exposure_LOOP_B_b160_n92801__vs__ground_LOOP_B_b160_n92801,across_arm,ExposureV3-GroundV2/B,ART1_LOOP_DEV,exposure_LOOP_B_b160_n92801,ground_LOOP_B_b160_n92801,unstarted,reviewed_qualified,unavailable,unavailable,unavailable,False,,,,,,,,,,,,,,,,,,,,,,,,,,,,,,,,,,,,,,,,,,,,,,,,,,,,,,,,,,,,,,,,,,,,,,,,,,,,,,,,,,,
exposure_LOOP_S_b160_n92801__vs__ground_LOOP_S_b160_n92801,across_arm,ExposureV3-GroundV2/S,ART1_LOOP_DEV,exposure_LOOP_S_b160_n92801,ground_LOOP_S_b160_n92801,unstarted,reviewed_qualified,unavailable,unavailable,unavailable,False,,,,,,,,,,,,,,,,,,,,,,,,,,,,,,,,,,,,,,,,,,,,,,,,,,,,,,,,,,,,,,,,,,,,,,,,,,,,,,,,,,,
exposure_LOOP_NBV_b160_n92801__vs__ground_LOOP_NBV_b160_n92801,across_arm,ExposureV3-GroundV2/NBV,ART1_LOOP_DEV,exposure_LOOP_NBV_b160_n92801,ground_LOOP_NBV_b160_n92801,unstarted,reviewed_qualified,unavailable,unavailable,unavailable,False,,,,,,,,,,,,,,,,,,,,,,,,,,,,,,,,,,,,,,,,,,,,,,,,,,,,,,,,,,,,,,,,,,,,,,,,,,,,,,,,,,,
ground_LOOP_S_b160_n92801__vs__ground_LOOP_B_b160_n92801,within_arm,GroundV2/S-B,ART1_LOOP_DEV,ground_LOOP_S_b160_n92801,ground_LOOP_B_b160_n92801,reviewed_qualified,reviewed_qualified,motion_complete_common_derived_metric,reviewed_recorded_costs_available,common_actual_prefix_only,True,160,160,0,20.0,20.0,0.0,66,66,0,14,14,0,161,161,0,29.88651823857799,31.749586020596325,-1.8630677820183337,60.46920192614198,60.94090066663921,-0.4716987404972315,177.97216886887327,181.2656111922115,-3.2934423233382404,7.936383453197777,8.113280946854502,-0.1768974936567247,290.94644633308053,297.210053761024,-6.263607427943498,3,3,0,2,2,0,16,16,0,33,33,0,0.9701866181156122,0.9701866181156122,0.0,0.947600594646048,0.947600594646048,0.0,0.6643680626794787,0.6643680626794787,0.0,0.7529355015834904,0.7529355015834904,0.0,0.7304879479404688,0.7304879479404688,0.0,,True,0,"exact uncompressed NPY arrays: RGB-D excluding frame_id only, plus complete scan, including calibration/pose/time/paid_step",,161,33,498,0,0,0,,0.0,93,93,24,24,17,65,,,0,0,bidirectionally unique observed marker anchors within 0.25m at each paid step; no class or GT; unmatched identities not compared,,65
ground_LOOP_B_b160_n92801__vs__ground_LOOP_G_b160_n92801,within_arm,GroundV2/B-G,ART1_LOOP_DEV,ground_LOOP_B_b160_n92801,ground_LOOP_G_b160_n92801,reviewed_qualified,reviewed_qualified,motion_complete_common_derived_metric,reviewed_recorded_costs_available,common_actual_prefix_only,True,160,160,0,20.0,20.0,0.0,66,66,0,14,14,0,161,161,0,31.749586020596325,30.19377863407135,1.5558073865249753,60.94090066663921,62.12995500676334,-1.1890543401241302,181.2656111922115,178.5973880328238,2.6682231593877077,8.113280946854502,8.201511821243912,-0.08823087438941002,297.210053761024,294.114741130732,3.095312630292028,3,3,0,2,2,0,16,16,0,33,33,0,0.9701866181156122,0.9701866181156122,0.0,0.947600594646048,0.947600594646048,0.0,0.6643680626794787,0.6643680626794787,0.0,0.7529355015834904,0.7529355015834904,0.0,0.7304879479404688,0.7304879479404688,0.0,,True,0,"exact uncompressed NPY arrays: RGB-D excluding frame_id only, plus complete scan, including calibration/pose/time/paid_step",,161,33,498,0,6,218,17,0.006316335177865612,349,0,64,24,35,2,,,0,0,bidirectionally unique observed marker anchors within 0.25m at each paid step; no class or GT; unmatched identities not compared,,
exposure_LOOP_S_b160_n92801__vs__exposure_LOOP_B_b160_n92801,within_arm,ExposureV3/S-B,ART1_LOOP_DEV,exposure_LOOP_S_b160_n92801,exposure_LOOP_B_b160_n92801,unstarted,unstarted,unavailable,unavailable,unavailable,False,,,,,,,,,,,,,,,,,,,,,,,,,,,,,,,,,,,,,,,,,,,,,,,,,,,,,,,,,,,,,,,,,,,,,,,,,,,,,,,,,,,
exposure_LOOP_B_b160_n92801__vs__exposure_LOOP_G_b160_n92801,within_arm,ExposureV3/B-G,ART1_LOOP_DEV,exposure_LOOP_B_b160_n92801,exposure_LOOP_G_b160_n92801,unstarted,unstarted,unavailable,unavailable,unavailable,False,,,,,,,,,,,,,,,,,,,,,,,,,,,,,,,,,,,,,,,,,,,,,,,,,,,,,,,,,,,,,,,,,,,,,,,,,,,,,,,,,,,
