run_id,arm,scene_id,method,original_end_to_end_qualified,motion_completion_verified,paid_step,selected_kind,selected_target,selected_score,selected_expected_gain,selected_total_cost,remaining,forecast_candidates,candidates_with_positive_exposure_exclusion,selected_before_exposure_m2,selected_excluded_exposure_m2,selected_after_exposure_m2,selected_effective_new_surface_m2,area_is_selection_utility
ground_AISLE_B_b160_n92801,GroundV2,ART1_AISLE_DEV,B,True,True,0,measurement_initialization,"{""heading"": 1, ""node"": ""n_001_000""}",,,21,160,0,0,0,0,0,0,False
ground_AISLE_B_b160_n92801,GroundV2,ART1_AISLE_DEV,B,True,True,6,measurement_initialization,"{""heading"": 1, ""node"": ""n_002_000""}",,,26,154,0,0,0,0,0,0,False
ground_AISLE_B_b160_n92801,GroundV2,ART1_AISLE_DEV,B,True,True,13,direct,"{""heading"": 6, ""node"": ""n_001_001""}",0.05785714285714287,1.6200000000000003,28,147,8,0,0,0,0,0,False
ground_AISLE_B_b160_n92801,GroundV2,ART1_AISLE_DEV,B,True,True,27,direct,"{""heading"": 2, ""node"": ""home""}",0.0851324509082156,1.6175165672560965,19,133,16,0,1.6175165672560965,0.0,1.6175165672560965,1.6175165672560965,False
ground_AISLE_B_b160_n92801,GroundV2,ART1_AISLE_DEV,B,True,True,44,direct,"{""heading"": 1, ""node"": ""n_000_003""}",0.06514285714285716,2.2800000000000002,35,116,16,0,0,0,0,0,False
ground_AISLE_B_b160_n92801,GroundV2,ART1_AISLE_DEV,B,True,True,60,direct,"{""heading"": 11, ""node"": ""n_000_003""}",0.09467051767605314,1.893410353521063,20,100,16,0,1.8934103535210631,0.0,1.8934103535210631,1.8934103535210631,False
ground_AISLE_B_b160_n92801,GroundV2,ART1_AISLE_DEV,B,True,True,63,direct,"{""heading"": 11, ""node"": ""n_001_003""}",0.0790034552868382,2.686117479752499,34,97,16,0,0.6661174797524984,0.0,0.6661174797524984,0.6661174797524984,False
ground_AISLE_B_b160_n92801,GroundV2,ART1_AISLE_DEV,B,True,True,70,direct,"{""heading"": 0, ""node"": ""n_002_003""}",0.06921052631578949,2.6300000000000003,38,90,16,0,0.0,0.0,0.0,0.0,False
ground_AISLE_B_b160_n92801,GroundV2,ART1_AISLE_DEV,B,True,True,76,direct,"{""heading"": 1, ""node"": ""n_000_004""}",0.027234042553191496,1.2800000000000002,47,84,16,0,0,0,0,0,False
ground_AISLE_B_b160_n92801,GroundV2,ART1_AISLE_DEV,B,True,True,100,direct,"{""heading"": 11, ""node"": ""n_000_004""}",0.05621758889102246,1.3492221333845391,24,60,16,0,1.3492221333845391,0.0,1.3492221333845391,1.3492221333845391,False
ground_AISLE_B_b160_n92801,GroundV2,ART1_AISLE_DEV,B,True,True,103,direct,"{""heading"": 10, ""node"": ""n_000_004""}",0.06037418957108704,1.3282321705639148,22,57,16,0,1.3282321705639148,0.0,1.3282321705639148,1.3282321705639148,False
ground_AISLE_B_b160_n92801,GroundV2,ART1_AISLE_DEV,B,True,True,105,direct,"{""heading"": 9, ""node"": ""n_000_004""}",0.03633789100136255,0.7630957110286136,21,55,16,0,0.7630957110286136,0.0,0.7630957110286136,0.7630957110286136,False
ground_AISLE_B_b160_n92801,GroundV2,ART1_AISLE_DEV,B,True,True,107,direct,"{""heading"": 10, ""node"": ""n_000_003""}",0.03566440283770097,0.7846168624294213,22,53,16,0,0.7846168624294213,0.0,0.7846168624294213,0.7846168624294213,False
ground_AISLE_B_b160_n92801,GroundV2,ART1_AISLE_DEV,B,True,True,113,direct,"{""heading"": 8, ""node"": ""n_002_003""}",0.022174845320397728,0.9535183487771023,43,47,16,0,0.9535183487771022,0.0,0.9535183487771022,0.9535183487771022,False
ground_AISLE_B_b160_n92801,GroundV2,ART1_AISLE_DEV,B,True,True,128,direct,"{""heading"": 7, ""node"": ""n_002_003""}",0.024901605780721238,0.7221465676409159,29,32,16,0,0.7221465676409159,0.0,0.7221465676409159,0.7221465676409159,False
ground_AISLE_B_b160_n92801,GroundV2,ART1_AISLE_DEV,B,True,True,130,direct,"{""heading"": 7, ""node"": ""n_001_003""}",0.00041582688345231066,0.01247480650356932,30,30,16,0,0.012474806503569318,0.0,0.012474806503569318,0.012474806503569318,False
ground_AISLE_B_b160_n92801,GroundV2,ART1_AISLE_DEV,B,True,True,137,,,,,,23,16,0,0,0,0,0,False
ground_AISLE_B_b160_n92801,GroundV2,ART1_AISLE_DEV,B,True,True,138,,,,,,22,16,0,0,0,0,0,False
ground_AISLE_B_b160_n92801,GroundV2,ART1_AISLE_DEV,B,True,True,139,,,,,,21,16,0,0,0,0,0,False
ground_AISLE_B_b160_n92801,GroundV2,ART1_AISLE_DEV,B,True,True,140,,,,,,20,16,0,0,0,0,0,False
ground_AISLE_B_b160_n92801,GroundV2,ART1_AISLE_DEV,B,True,True,141,,,,,,19,16,0,0,0,0,0,False
exposure_AISLE_B_b160_n92801,ExposureV3,ART1_AISLE_DEV,B,True,True,0,measurement_initialization,"{""heading"": 1, ""node"": ""n_001_000""}",,,21,160,0,0,0,0,0,0,False
exposure_AISLE_B_b160_n92801,ExposureV3,ART1_AISLE_DEV,B,True,True,6,measurement_initialization,"{""heading"": 1, ""node"": ""n_002_000""}",,,26,154,0,0,0,0,0,0,False
exposure_AISLE_B_b160_n92801,ExposureV3,ART1_AISLE_DEV,B,True,True,13,direct,"{""heading"": 6, ""node"": ""n_001_001""}",0.05785714285714287,1.6200000000000003,28,147,8,0,0,0,0,0,False
exposure_AISLE_B_b160_n92801,ExposureV3,ART1_AISLE_DEV,B,True,True,27,direct,"{""heading"": 1, ""node"": ""n_000_002""}",0.08094241055789549,2.347329906178969,29,133,16,2,0.8373299061789689,0.0,0.8373299061789689,0.8373299061789689,False
exposure_AISLE_B_b160_n92801,ExposureV3,ART1_AISLE_DEV,B,True,True,41,direct,"{""heading"": 11, ""node"": ""n_001_003""}",0.08161878129762984,3.4279888145004533,42,119,16,2,0.9979888145004528,0.0,0.9979888145004528,0.9979888145004528,False
exposure_AISLE_B_b160_n92801,ExposureV3,ART1_AISLE_DEV,B,True,True,56,direct,"{""heading"": 0, ""node"": ""n_002_003""}",0.06815789473684211,2.5900000000000003,38,104,16,2,0.0,0.0,0.0,0.0,False
exposure_AISLE_B_b160_n92801,ExposureV3,ART1_AISLE_DEV,B,True,True,62,direct,"{""heading"": 7, ""node"": ""n_002_003""}",0.036700515486219915,1.2111170110452572,33,98,16,0,1.211117011045257,0.0,1.211117011045257,1.211117011045257,False
exposure_AISLE_B_b160_n92801,ExposureV3,ART1_AISLE_DEV,B,True,True,68,direct,"{""heading"": 1, ""node"": ""n_000_004""}",0.02904761904761905,1.2200000000000002,42,92,16,2,0.0,0.0,0.0,0.0,False
exposure_AISLE_B_b160_n92801,ExposureV3,ART1_AISLE_DEV,B,True,True,87,direct,"{""heading"": 11, ""node"": ""n_000_004""}",0.13036645357785978,3.1287948858686345,24,73,16,1,3.1287948858686345,0.0,3.1287948858686345,3.1287948858686345,False
exposure_AISLE_B_b160_n92801,ExposureV3,ART1_AISLE_DEV,B,True,True,90,direct,"{""heading"": 10, ""node"": ""n_000_003""}",0.030906554776451874,0.741757314634845,24,70,16,4,2.5085526018909525,1.766795287256108,0.7417573146348451,0.7417573146348451,False
exposure_AISLE_B_b160_n92801,ExposureV3,ART1_AISLE_DEV,B,True,True,98,direct,"{""heading"": 3, ""node"": ""n_004_001""}",0.016393442622950824,1.0000000000000002,61,62,16,3,0.0,0.0,0.0,0.0,False
exposure_AISLE_B_b160_n92801,ExposureV3,ART1_AISLE_DEV,B,True,True,130,direct,"{""heading"": 5, ""node"": ""n_004_001""}",0.046535732783232094,1.3960719834969628,30,30,16,2,1.3960719834969628,0.0,1.3960719834969628,1.3960719834969628,False
exposure_AISLE_B_b160_n92801,ExposureV3,ART1_AISLE_DEV,B,True,True,133,,,,,,27,16,1,0,0,0,0,False
exposure_AISLE_B_b160_n92801,ExposureV3,ART1_AISLE_DEV,B,True,True,134,,,,,,26,16,1,0,0,0,0,False
exposure_AISLE_B_b160_n92801,ExposureV3,ART1_AISLE_DEV,B,True,True,135,,,,,,25,16,4,0,0,0,0,False
exposure_AISLE_B_b160_n92801,ExposureV3,ART1_AISLE_DEV,B,True,True,136,,,,,,24,16,4,0,0,0,0,False
exposure_AISLE_B_b160_n92801,ExposureV3,ART1_AISLE_DEV,B,True,True,137,,,,,,23,16,3,0,0,0,0,False
exposure_AISLE_B_b160_n92801,ExposureV3,ART1_AISLE_DEV,B,True,True,138,,,,,,22,16,3,0,0,0,0,False
exposure_AISLE_B_b160_n92801,ExposureV3,ART1_AISLE_DEV,B,True,True,139,,,,,,21,16,7,0,0,0,0,False
exposure_AISLE_B_b160_n92801,ExposureV3,ART1_AISLE_DEV,B,True,True,140,,,,,,20,16,9,0,0,0,0,False
exposure_AISLE_B_b160_n92801,ExposureV3,ART1_AISLE_DEV,B,True,True,141,,,,,,19,16,9,0,0,0,0,False
exposure_AISLE_B_b160_n92801,ExposureV3,ART1_AISLE_DEV,B,True,True,142,,,,,,18,16,8,0,0,0,0,False
exposure_AISLE_B_b160_n92801,ExposureV3,ART1_AISLE_DEV,B,True,True,143,,,,,,17,16,12,0,0,0,0,False
exposure_AISLE_B_b160_n92801,ExposureV3,ART1_AISLE_DEV,B,True,True,144,,,,,,16,16,11,0,0,0,0,False
exposure_AISLE_B_b160_n92801,ExposureV3,ART1_AISLE_DEV,B,True,True,145,,,,,,15,16,12,0,0,0,0,False
exposure_AISLE_B_b160_n92801,ExposureV3,ART1_AISLE_DEV,B,True,True,146,,,,,,14,16,13,0,0,0,0,False
exposure_AISLE_B_b160_n92801,ExposureV3,ART1_AISLE_DEV,B,True,True,147,,,,,,13,16,14,0,0,0,0,False
exposure_AISLE_B_b160_n92801,ExposureV3,ART1_AISLE_DEV,B,True,True,148,,,,,,12,16,15,0,0,0,0,False
exposure_AISLE_B_b160_n92801,ExposureV3,ART1_AISLE_DEV,B,True,True,149,,,,,,11,16,15,0,0,0,0,False
exposure_AISLE_B_b160_n92801,ExposureV3,ART1_AISLE_DEV,B,True,True,150,,,,,,10,16,16,0,0,0,0,False
exposure_AISLE_B_b160_n92801,ExposureV3,ART1_AISLE_DEV,B,True,True,151,,,,,,9,16,16,0,0,0,0,False
exposure_AISLE_B_b160_n92801,ExposureV3,ART1_AISLE_DEV,B,True,True,152,,,,,,8,16,16,0,0,0,0,False
exposure_AISLE_B_b160_n92801,ExposureV3,ART1_AISLE_DEV,B,True,True,153,,,,,,7,16,16,0,0,0,0,False
ground_AISLE_G_b160_n92801,GroundV2,ART1_AISLE_DEV,G,True,True,0,measurement_initialization,"{""heading"": 1, ""node"": ""n_001_000""}",,,21,160,0,0,0,0,0,0,False
ground_AISLE_G_b160_n92801,GroundV2,ART1_AISLE_DEV,G,True,True,6,measurement_initialization,"{""heading"": 1, ""node"": ""n_002_000""}",,,26,154,0,0,0,0,0,0,False
ground_AISLE_G_b160_n92801,GroundV2,ART1_AISLE_DEV,G,True,True,13,direct,"{""heading"": 6, ""node"": ""n_001_001""}",0.05785714285714287,1.6200000000000003,28,147,8,0,0,0,0,0,False
ground_AISLE_G_b160_n92801,GroundV2,ART1_AISLE_DEV,G,True,True,27,direct,"{""heading"": 2, ""node"": ""home""}",0.09024755853162068,1.714703612100793,19,133,16,0,1.7147036121007933,0.0,1.7147036121007933,1.7147036121007933,False
ground_AISLE_G_b160_n92801,GroundV2,ART1_AISLE_DEV,G,True,True,44,direct,"{""heading"": 1, ""node"": ""n_000_003""}",0.06514285714285716,2.2800000000000002,35,116,16,0,0,0,0,0,False
ground_AISLE_G_b160_n92801,GroundV2,ART1_AISLE_DEV,G,True,True,60,direct,"{""heading"": 11, ""node"": ""n_000_003""}",0.0946740147205106,1.893480294410212,20,100,16,0,1.8934802944102118,0.0,1.8934802944102118,1.8934802944102118,False
ground_AISLE_G_b160_n92801,GroundV2,ART1_AISLE_DEV,G,True,True,63,direct,"{""heading"": 11, ""node"": ""n_001_003""}",0.07900335567817185,2.6861140930578427,34,97,16,0,0.6661140930578422,0.0,0.6661140930578422,0.6661140930578422,False
ground_AISLE_G_b160_n92801,GroundV2,ART1_AISLE_DEV,G,True,True,70,direct,"{""heading"": 0, ""node"": ""n_002_003""}",0.06921052631578949,2.6300000000000003,38,90,16,0,0.0,0.0,0.0,0.0,False
ground_AISLE_G_b160_n92801,GroundV2,ART1_AISLE_DEV,G,True,True,76,direct,"{""heading"": 1, ""node"": ""n_000_004""}",0.027234042553191496,1.2800000000000002,47,84,16,0,0,0,0,0,False
ground_AISLE_G_b160_n92801,GroundV2,ART1_AISLE_DEV,G,True,True,100,direct,"{""heading"": 11, ""node"": ""n_000_004""}",0.05621778102202166,1.3492267445285198,24,60,16,0,1.34922674452852,0.0,1.34922674452852,1.34922674452852,False
ground_AISLE_G_b160_n92801,GroundV2,ART1_AISLE_DEV,G,True,True,103,direct,"{""heading"": 10, ""node"": ""n_000_004""}",0.060374778403710756,1.3282451248816367,22,57,16,0,1.3282451248816367,0.0,1.3282451248816367,1.3282451248816367,False
ground_AISLE_G_b160_n92801,GroundV2,ART1_AISLE_DEV,G,True,True,105,direct,"{""heading"": 9, ""node"": ""n_000_004""}",0.0363384959670925,0.7631084153089425,21,55,16,0,0.7631084153089425,0.0,0.7631084153089425,0.7631084153089425,False
ground_AISLE_G_b160_n92801,GroundV2,ART1_AISLE_DEV,G,True,True,107,direct,"{""heading"": 10, ""node"": ""n_000_003""}",0.03566391053231639,0.7846060317109607,22,53,16,0,0.7846060317109607,0.0,0.7846060317109607,0.7846060317109607,False
ground_AISLE_G_b160_n92801,GroundV2,ART1_AISLE_DEV,G,True,True,113,direct,"{""heading"": 8, ""node"": ""n_002_003""}",0.022174452665142626,0.9535014646011329,43,47,16,0,0.9535014646011329,0.0,0.9535014646011329,0.9535014646011329,False
ground_AISLE_G_b160_n92801,GroundV2,ART1_AISLE_DEV,G,True,True,128,direct,"{""heading"": 7, ""node"": ""n_002_003""}",0.024901255548775623,0.7221364109144931,29,32,16,0,0.7221364109144932,0.0,0.7221364109144932,0.7221364109144932,False
ground_AISLE_G_b160_n92801,GroundV2,ART1_AISLE_DEV,G,True,True,130,direct,"{""heading"": 7, ""node"": ""n_001_003""}",0.00041575435182469845,0.012472630554740953,30,30,16,0,0.012472630554740955,0.0,0.012472630554740955,0.012472630554740955,False
ground_AISLE_G_b160_n92801,GroundV2,ART1_AISLE_DEV,G,True,True,137,,,,,,23,16,0,0,0,0,0,False
ground_AISLE_G_b160_n92801,GroundV2,ART1_AISLE_DEV,G,True,True,138,,,,,,22,16,0,0,0,0,0,False
ground_AISLE_G_b160_n92801,GroundV2,ART1_AISLE_DEV,G,True,True,139,,,,,,21,16,0,0,0,0,0,False
ground_AISLE_G_b160_n92801,GroundV2,ART1_AISLE_DEV,G,True,True,140,,,,,,20,16,0,0,0,0,0,False
ground_AISLE_G_b160_n92801,GroundV2,ART1_AISLE_DEV,G,True,True,141,,,,,,19,16,0,0,0,0,0,False
exposure_AISLE_G_b160_n92801,ExposureV3,ART1_AISLE_DEV,G,True,True,0,measurement_initialization,"{""heading"": 1, ""node"": ""n_001_000""}",,,21,160,0,0,0,0,0,0,False
exposure_AISLE_G_b160_n92801,ExposureV3,ART1_AISLE_DEV,G,True,True,6,measurement_initialization,"{""heading"": 1, ""node"": ""n_002_000""}",,,26,154,0,0,0,0,0,0,False
exposure_AISLE_G_b160_n92801,ExposureV3,ART1_AISLE_DEV,G,True,True,13,direct,"{""heading"": 6, ""node"": ""n_001_001""}",0.05785714285714287,1.6200000000000003,28,147,8,0,0,0,0,0,False
exposure_AISLE_G_b160_n92801,ExposureV3,ART1_AISLE_DEV,G,True,True,27,direct,"{""heading"": 2, ""node"": ""home""}",0.08258527150585158,1.56912015861118,19,133,16,2,1.7147036121007933,0.1455834534896129,1.5691201586111803,1.5691201586111803,False
exposure_AISLE_G_b160_n92801,ExposureV3,ART1_AISLE_DEV,G,True,True,44,direct,"{""heading"": 1, ""node"": ""n_000_003""}",0.06514285714285716,2.2800000000000002,35,116,16,4,0,0,0,0,False
exposure_AISLE_G_b160_n92801,ExposureV3,ART1_AISLE_DEV,G,True,True,60,direct,"{""heading"": 11, ""node"": ""n_001_003""}",0.0883143596482789,3.0026882280414826,34,100,16,3,0.9826882280414819,0.0,0.9826882280414819,0.9826882280414819,False
exposure_AISLE_G_b160_n92801,ExposureV3,ART1_AISLE_DEV,G,True,True,67,direct,"{""heading"": 0, ""node"": ""n_002_003""}",0.06921052631578949,2.6300000000000003,38,93,16,3,0.0,0.0,0.0,0.0,False
exposure_AISLE_G_b160_n92801,ExposureV3,ART1_AISLE_DEV,G,True,True,73,direct,"{""heading"": 1, ""node"": ""n_000_004""}",0.027234042553191496,1.2800000000000002,47,87,16,1,0,0,0,0,False
exposure_AISLE_G_b160_n92801,ExposureV3,ART1_AISLE_DEV,G,True,True,97,direct,"{""heading"": 11, ""node"": ""n_000_004""}",0.05647743346795489,1.3554584032309174,24,63,16,2,1.3554584032309174,0.0,1.3554584032309174,1.3554584032309174,False
exposure_AISLE_G_b160_n92801,ExposureV3,ART1_AISLE_DEV,G,True,True,100,direct,"{""heading"": 0, ""node"": ""n_001_005""}",0.020000000000000004,1.0400000000000003,52,60,16,4,0,0,0,0,False
exposure_AISLE_G_b160_n92801,ExposureV3,ART1_AISLE_DEV,G,True,True,116,direct,"{""heading"": 10, ""node"": ""n_001_005""}",0.0808849746735594,2.9927440629216977,37,44,24,3,3.0712500676028403,0.07850600468114263,2.9927440629216977,2.9927440629216977,False
exposure_AISLE_G_b160_n92801,ExposureV3,ART1_AISLE_DEV,G,True,True,119,direct,"{""heading"": 11, ""node"": ""n_000_005""}",0.055116227035984885,2.1495328544034105,39,41,24,8,3.09472392425422,0.9451910698508094,2.1495328544034105,2.1495328544034105,False
exposure_AISLE_G_b160_n92801,ExposureV3,ART1_AISLE_DEV,G,True,True,133,direct,"{""heading"": 9, ""node"": ""n_000_003""}",0.0003807545084356602,0.009899617219327165,26,27,24,4,0.009899617219327167,0.0,0.009899617219327167,0.009899617219327167,False
exposure_AISLE_G_b160_n92801,ExposureV3,ART1_AISLE_DEV,G,True,True,144,,,,,,16,24,9,0,0,0,0,False
exposure_AISLE_G_b160_n92801,ExposureV3,ART1_AISLE_DEV,G,True,True,145,,,,,,15,24,10,0,0,0,0,False
exposure_AISLE_G_b160_n92801,ExposureV3,ART1_AISLE_DEV,G,True,True,146,,,,,,14,24,8,0,0,0,0,False
exposure_AISLE_G_b160_n92801,ExposureV3,ART1_AISLE_DEV,G,True,True,147,,,,,,13,24,6,0,0,0,0,False
exposure_AISLE_G_b160_n92801,ExposureV3,ART1_AISLE_DEV,G,True,True,148,,,,,,12,24,9,0,0,0,0,False
exposure_AISLE_G_b160_n92801,ExposureV3,ART1_AISLE_DEV,G,True,True,149,,,,,,11,24,9,0,0,0,0,False
exposure_AISLE_G_b160_n92801,ExposureV3,ART1_AISLE_DEV,G,True,True,150,,,,,,10,24,11,0,0,0,0,False
exposure_AISLE_G_b160_n92801,ExposureV3,ART1_AISLE_DEV,G,True,True,151,,,,,,9,24,10,0,0,0,0,False
exposure_AISLE_G_b160_n92801,ExposureV3,ART1_AISLE_DEV,G,True,True,152,,,,,,8,24,10,0,0,0,0,False
exposure_AISLE_G_b160_n92801,ExposureV3,ART1_AISLE_DEV,G,True,True,153,,,,,,7,24,13,0,0,0,0,False
exposure_AISLE_G_b160_n92801,ExposureV3,ART1_AISLE_DEV,G,True,True,154,,,,,,6,24,12,0,0,0,0,False
exposure_AISLE_G_b160_n92801,ExposureV3,ART1_AISLE_DEV,G,True,True,155,,,,,,5,24,11,0,0,0,0,False
exposure_AISLE_G_b160_n92801,ExposureV3,ART1_AISLE_DEV,G,True,True,156,,,,,,4,24,11,0,0,0,0,False
exposure_AISLE_G_b160_n92801,ExposureV3,ART1_AISLE_DEV,G,True,True,157,,,,,,3,24,11,0,0,0,0,False
ground_AISLE_NBV_b160_n92801,GroundV2,ART1_AISLE_DEV,NBV,True,True,0,measurement_initialization,"{""heading"": 1, ""node"": ""n_001_000""}",,,21,160,0,0,0,0,0,0,False
ground_AISLE_NBV_b160_n92801,GroundV2,ART1_AISLE_DEV,NBV,True,True,6,measurement_initialization,"{""heading"": 1, ""node"": ""n_002_000""}",,,26,154,0,0,0,0,0,0,False
ground_AISLE_NBV_b160_n92801,GroundV2,ART1_AISLE_DEV,NBV,True,True,13,direct,"{""heading"": 6, ""node"": ""n_001_001""}",0.05785714285714287,1.6200000000000003,28,147,8,0,0,0,0,0,False
ground_AISLE_NBV_b160_n92801,GroundV2,ART1_AISLE_DEV,NBV,True,True,27,direct,"{""heading"": 2, ""node"": ""home""}",0.09024755853162068,1.714703612100793,19,133,16,0,1.7147036121007933,0.0,1.7147036121007933,1.7147036121007933,False
ground_AISLE_NBV_b160_n92801,GroundV2,ART1_AISLE_DEV,NBV,True,True,44,direct,"{""heading"": 1, ""node"": ""n_000_003""}",0.06514285714285716,2.2800000000000002,35,116,16,0,0,0,0,0,False
ground_AISLE_NBV_b160_n92801,GroundV2,ART1_AISLE_DEV,NBV,True,True,60,direct,"{""heading"": 11, ""node"": ""n_000_003""}",0.0946740147205106,1.893480294410212,20,100,16,0,1.8934802944102118,0.0,1.8934802944102118,1.8934802944102118,False
ground_AISLE_NBV_b160_n92801,GroundV2,ART1_AISLE_DEV,NBV,True,True,63,direct,"{""heading"": 11, ""node"": ""n_001_003""}",0.07900335567817185,2.6861140930578427,34,97,16,0,0.6661140930578422,0.0,0.6661140930578422,0.6661140930578422,False
ground_AISLE_NBV_b160_n92801,GroundV2,ART1_AISLE_DEV,NBV,True,True,70,direct,"{""heading"": 0, ""node"": ""n_002_003""}",0.06921052631578949,2.6300000000000003,38,90,16,0,0.0,0.0,0.0,0.0,False
ground_AISLE_NBV_b160_n92801,GroundV2,ART1_AISLE_DEV,NBV,True,True,76,direct,"{""heading"": 1, ""node"": ""n_000_004""}",0.027234042553191496,1.2800000000000002,47,84,16,0,0,0,0,0,False
ground_AISLE_NBV_b160_n92801,GroundV2,ART1_AISLE_DEV,NBV,True,True,100,direct,"{""heading"": 11, ""node"": ""n_000_004""}",0.05621778102202166,1.3492267445285198,24,60,16,0,1.34922674452852,0.0,1.34922674452852,1.34922674452852,False
ground_AISLE_NBV_b160_n92801,GroundV2,ART1_AISLE_DEV,NBV,True,True,103,direct,"{""heading"": 10, ""node"": ""n_000_004""}",0.060374778403710756,1.3282451248816367,22,57,16,0,1.3282451248816367,0.0,1.3282451248816367,1.3282451248816367,False
ground_AISLE_NBV_b160_n92801,GroundV2,ART1_AISLE_DEV,NBV,True,True,105,direct,"{""heading"": 9, ""node"": ""n_000_004""}",0.0363384959670925,0.7631084153089425,21,55,16,0,0.7631084153089425,0.0,0.7631084153089425,0.7631084153089425,False
ground_AISLE_NBV_b160_n92801,GroundV2,ART1_AISLE_DEV,NBV,True,True,107,direct,"{""heading"": 10, ""node"": ""n_000_003""}",0.03566391053231639,0.7846060317109607,22,53,16,0,0.7846060317109607,0.0,0.7846060317109607,0.7846060317109607,False
ground_AISLE_NBV_b160_n92801,GroundV2,ART1_AISLE_DEV,NBV,True,True,113,direct,"{""heading"": 8, ""node"": ""n_002_003""}",0.022174452665142626,0.9535014646011329,43,47,16,0,0.9535014646011329,0.0,0.9535014646011329,0.9535014646011329,False
ground_AISLE_NBV_b160_n92801,GroundV2,ART1_AISLE_DEV,NBV,True,True,128,direct,"{""heading"": 7, ""node"": ""n_002_003""}",0.024901255548775623,0.7221364109144931,29,32,16,0,0.7221364109144932,0.0,0.7221364109144932,0.7221364109144932,False
ground_AISLE_NBV_b160_n92801,GroundV2,ART1_AISLE_DEV,NBV,True,True,130,direct,"{""heading"": 7, ""node"": ""n_001_003""}",0.00041575435182469845,0.012472630554740953,30,30,16,0,0.012472630554740955,0.0,0.012472630554740955,0.012472630554740955,False
ground_AISLE_NBV_b160_n92801,GroundV2,ART1_AISLE_DEV,NBV,True,True,137,,,,,,23,16,0,0,0,0,0,False
ground_AISLE_NBV_b160_n92801,GroundV2,ART1_AISLE_DEV,NBV,True,True,138,,,,,,22,16,0,0,0,0,0,False
ground_AISLE_NBV_b160_n92801,GroundV2,ART1_AISLE_DEV,NBV,True,True,139,,,,,,21,16,0,0,0,0,0,False
ground_AISLE_NBV_b160_n92801,GroundV2,ART1_AISLE_DEV,NBV,True,True,140,,,,,,20,16,0,0,0,0,0,False
ground_AISLE_NBV_b160_n92801,GroundV2,ART1_AISLE_DEV,NBV,True,True,141,,,,,,19,16,0,0,0,0,0,False
ground_AISLE_S_b160_n92801,GroundV2,ART1_AISLE_DEV,S,True,True,0,measurement_initialization,"{""heading"": 1, ""node"": ""n_001_000""}",,,21,160,0,0,0,0,0,0,False
ground_AISLE_S_b160_n92801,GroundV2,ART1_AISLE_DEV,S,True,True,6,measurement_initialization,"{""heading"": 1, ""node"": ""n_002_000""}",,,26,154,0,0,0,0,0,0,False
ground_AISLE_S_b160_n92801,GroundV2,ART1_AISLE_DEV,S,True,True,13,direct,"{""heading"": 6, ""node"": ""n_001_001""}",0.05785714285714287,1.6200000000000003,28,147,8,0,0,0,0,0,False
ground_AISLE_S_b160_n92801,GroundV2,ART1_AISLE_DEV,S,True,True,27,direct,"{""heading"": 2, ""node"": ""home""}",0.0851324509082156,1.6175165672560965,19,133,16,0,1.6175165672560965,0.0,1.6175165672560965,1.6175165672560965,False
ground_AISLE_S_b160_n92801,GroundV2,ART1_AISLE_DEV,S,True,True,44,direct,"{""heading"": 1, ""node"": ""n_000_003""}",0.06514285714285716,2.2800000000000002,35,116,16,0,0,0,0,0,False
ground_AISLE_S_b160_n92801,GroundV2,ART1_AISLE_DEV,S,True,True,60,direct,"{""heading"": 11, ""node"": ""n_000_003""}",0.09467051767605314,1.893410353521063,20,100,16,0,1.8934103535210631,0.0,1.8934103535210631,1.8934103535210631,False
ground_AISLE_S_b160_n92801,GroundV2,ART1_AISLE_DEV,S,True,True,63,direct,"{""heading"": 11, ""node"": ""n_001_003""}",0.0790034552868382,2.686117479752499,34,97,16,0,0.6661174797524984,0.0,0.6661174797524984,0.6661174797524984,False
ground_AISLE_S_b160_n92801,GroundV2,ART1_AISLE_DEV,S,True,True,70,direct,"{""heading"": 0, ""node"": ""n_002_003""}",0.06921052631578949,2.6300000000000003,38,90,16,0,0.0,0.0,0.0,0.0,False
ground_AISLE_S_b160_n92801,GroundV2,ART1_AISLE_DEV,S,True,True,76,direct,"{""heading"": 1, ""node"": ""n_000_004""}",0.027234042553191496,1.2800000000000002,47,84,16,0,0,0,0,0,False
ground_AISLE_S_b160_n92801,GroundV2,ART1_AISLE_DEV,S,True,True,100,direct,"{""heading"": 11, ""node"": ""n_000_004""}",0.05621758889102246,1.3492221333845391,24,60,16,0,1.3492221333845391,0.0,1.3492221333845391,1.3492221333845391,False
ground_AISLE_S_b160_n92801,GroundV2,ART1_AISLE_DEV,S,True,True,103,direct,"{""heading"": 10, ""node"": ""n_000_004""}",0.06037418957108704,1.3282321705639148,22,57,16,0,1.3282321705639148,0.0,1.3282321705639148,1.3282321705639148,False
ground_AISLE_S_b160_n92801,GroundV2,ART1_AISLE_DEV,S,True,True,105,direct,"{""heading"": 9, ""node"": ""n_000_004""}",0.03633789100136255,0.7630957110286136,21,55,16,0,0.7630957110286136,0.0,0.7630957110286136,0.7630957110286136,False
ground_AISLE_S_b160_n92801,GroundV2,ART1_AISLE_DEV,S,True,True,107,direct,"{""heading"": 10, ""node"": ""n_000_003""}",0.03566440283770097,0.7846168624294213,22,53,16,0,0.7846168624294213,0.0,0.7846168624294213,0.7846168624294213,False
ground_AISLE_S_b160_n92801,GroundV2,ART1_AISLE_DEV,S,True,True,113,direct,"{""heading"": 8, ""node"": ""n_002_003""}",0.022174845320397728,0.9535183487771023,43,47,16,0,0.9535183487771022,0.0,0.9535183487771022,0.9535183487771022,False
ground_AISLE_S_b160_n92801,GroundV2,ART1_AISLE_DEV,S,True,True,128,direct,"{""heading"": 7, ""node"": ""n_002_003""}",0.024901605780721238,0.7221465676409159,29,32,16,0,0.7221465676409159,0.0,0.7221465676409159,0.7221465676409159,False
ground_AISLE_S_b160_n92801,GroundV2,ART1_AISLE_DEV,S,True,True,130,direct,"{""heading"": 7, ""node"": ""n_001_003""}",0.00041582688345231066,0.01247480650356932,30,30,16,0,0.012474806503569318,0.0,0.012474806503569318,0.012474806503569318,False
ground_AISLE_S_b160_n92801,GroundV2,ART1_AISLE_DEV,S,True,True,137,,,,,,23,16,0,0,0,0,0,False
ground_AISLE_S_b160_n92801,GroundV2,ART1_AISLE_DEV,S,True,True,138,,,,,,22,16,0,0,0,0,0,False
ground_AISLE_S_b160_n92801,GroundV2,ART1_AISLE_DEV,S,True,True,139,,,,,,21,16,0,0,0,0,0,False
ground_AISLE_S_b160_n92801,GroundV2,ART1_AISLE_DEV,S,True,True,140,,,,,,20,16,0,0,0,0,0,False
ground_AISLE_S_b160_n92801,GroundV2,ART1_AISLE_DEV,S,True,True,141,,,,,,19,16,0,0,0,0,0,False
ground_CELL_B_b160_n92801,GroundV2,ART1_CELL_DEV,B,True,True,0,measurement_initialization,"{""heading"": 2, ""node"": ""n_003_001""}",,,47,160,0,0,0,0,0,0,False
ground_CELL_B_b160_n92801,GroundV2,ART1_CELL_DEV,B,True,True,17,diagnose_then_observe,"{""heading"": 3, ""node"": ""n_003_001""}",0.08034086736437689,,,143,8,0,0.17121992044841194,0.0,0.17121992044841194,0.17121992044841194,False
ground_CELL_B_b160_n92801,GroundV2,ART1_CELL_DEV,B,True,True,20,direct,"{""heading"": 1, ""node"": ""n_003_002""}",0.07723014996605468,3.0892059986421874,40,140,16,0,0.5592059986421869,0.0,0.5592059986421869,0.5592059986421869,False
ground_CELL_B_b160_n92801,GroundV2,ART1_CELL_DEV,B,True,True,27,direct,"{""heading"": 2, ""node"": ""n_004_001""}",0.06683757978206539,3.208203829539139,48,133,16,0,1.7182038295391384,0.0,1.7182038295391384,1.7182038295391384,False
ground_CELL_B_b160_n92801,GroundV2,ART1_CELL_DEV,B,True,True,45,direct,"{""heading"": 2, ""node"": ""n_005_001""}",0.06006319393107467,2.582717339036211,43,115,16,0,0.6927173390362104,0.0,0.6927173390362104,0.6927173390362104,False
ground_CELL_B_b160_n92801,GroundV2,ART1_CELL_DEV,B,True,True,54,diagnose_then_observe,"{""heading"": 3, ""node"": ""n_005_001""}",0.05272157725311224,,,106,16,0,1.6985080669141943,0.0,1.6985080669141943,1.6985080669141943,False
ground_CELL_B_b160_n92801,GroundV2,ART1_CELL_DEV,B,True,True,56,direct,"{""heading"": 4, ""node"": ""n_005_001""}",0.05409801650184811,1.8393325610628357,34,104,16,0,1.8393325610628357,0.0,1.8393325610628357,1.8393325610628357,False
ground_CELL_B_b160_n92801,GroundV2,ART1_CELL_DEV,B,True,True,58,diagnose_then_observe,"{""heading"": 5, ""node"": ""n_005_001""}",0.0383418034700104,,,102,16,0,1.0113326613195828,0.0,1.0113326613195828,1.0113326613195828,False
ground_CELL_B_b160_n92801,GroundV2,ART1_CELL_DEV,B,True,True,60,direct,"{""heading"": 3, ""node"": ""n_004_001""}",0.037840227141116636,1.4379286313624322,38,100,16,0,1.4379286313624322,0.0,1.4379286313624322,1.4379286313624322,False
ground_CELL_B_b160_n92801,GroundV2,ART1_CELL_DEV,B,True,True,69,measurement_initialization,"{""heading"": 6, ""node"": ""n_003_001""}",,,30,91,0,0,0,0,0,0,False
ground_CELL_B_b160_n92801,GroundV2,ART1_CELL_DEV,B,True,True,72,direct,"{""heading"": 2, ""node"": ""n_003_001""}",0.031245421502005804,1.0935897525702032,35,88,24,0,1.0935897525702032,0.0,1.0935897525702032,1.0935897525702032,False
ground_CELL_B_b160_n92801,GroundV2,ART1_CELL_DEV,B,True,True,81,measurement_initialization,"{""heading"": 5, ""node"": ""n_002_001""}",,,29,79,0,0,0,0,0,0,False
ground_CELL_B_b160_n92801,GroundV2,ART1_CELL_DEV,B,True,True,89,diagnose_then_observe,"{""heading"": 5, ""node"": ""n_002_001""}",0.08364231197210362,,,71,24,0,1.1296528276330422,0.0,1.1296528276330422,1.1296528276330422,False
ground_CELL_B_b160_n92801,GroundV2,ART1_CELL_DEV,B,True,True,91,direct,"{""heading"": 4, ""node"": ""n_002_001""}",0.08975664303082435,1.9746461466781358,22,69,24,0,1.9746461466781358,0.0,1.9746461466781358,1.9746461466781358,False
ground_CELL_B_b160_n92801,GroundV2,ART1_CELL_DEV,B,True,True,93,diagnose_then_observe,"{""heading"": 2, ""node"": ""n_002_001""}",0.03542139774923395,,,67,24,0,0.7842422198050768,0.0,0.7842422198050768,0.7842422198050768,False
ground_CELL_B_b160_n92801,GroundV2,ART1_CELL_DEV,B,True,True,96,diagnose_then_observe,"{""heading"": 1, ""node"": ""n_002_001""}",0.037274350094311334,,,64,24,0,0.9010762188171862,0.0,0.9010762188171862,0.9010762188171862,False
ground_CELL_B_b160_n92801,GroundV2,ART1_CELL_DEV,B,True,True,98,direct,"{""heading"": 0, ""node"": ""n_002_001""}",0.03465677764681486,0.9010762188171862,26,62,24,0,0.9010762188171862,0.0,0.9010762188171862,0.9010762188171862,False
ground_CELL_B_b160_n92801,GroundV2,ART1_CELL_DEV,B,True,True,100,direct,"{""heading"": 1, ""node"": ""n_002_000""}",0.04480288834458326,1.388889538682081,31,60,24,0,1.388889538682081,0.0,1.388889538682081,1.388889538682081,False
ground_CELL_B_b160_n92801,GroundV2,ART1_CELL_DEV,B,True,True,112,direct,"{""heading"": 2, ""node"": ""n_002_000""}",0.0693931447792219,1.3878628955844379,20,48,24,0,1.3878628955844379,0.0,1.3878628955844379,1.3878628955844379,False
ground_CELL_B_b160_n92801,GroundV2,ART1_CELL_DEV,B,True,True,114,direct,"{""heading"": 3, ""node"": ""n_002_000""}",0.13888689603402604,2.638851024646495,19,46,24,0,2.6388510246464953,0.0,2.6388510246464953,2.6388510246464953,False
ground_CELL_B_b160_n92801,GroundV2,ART1_CELL_DEV,B,True,True,116,direct,"{""heading"": 4, ""node"": ""n_002_000""}",0.13623622797028592,2.4522521034651468,18,44,24,0,2.4522521034651468,0.0,2.4522521034651468,2.4522521034651468,False
ground_CELL_B_b160_n92801,GroundV2,ART1_CELL_DEV,B,True,True,118,direct,"{""heading"": 1, ""node"": ""n_001_000""}",0.06504947164784067,1.7563357344916979,27,42,24,0,1.7563357344916977,0.0,1.7563357344916977,1.7563357344916977,False
ground_CELL_B_b160_n92801,GroundV2,ART1_CELL_DEV,B,True,True,130,direct,"{""heading"": 2, ""node"": ""n_001_001""}",0.10739254907634019,2.792206275984845,26,30,24,0,2.512206275984845,0.0,2.512206275984845,2.512206275984845,False
ground_CELL_B_b160_n92801,GroundV2,ART1_CELL_DEV,B,True,True,138,direct,"{""heading"": 1, ""node"": ""home""}",0.09539366304813887,2.003266924010916,21,22,24,0,2.003266924010916,0.0,2.003266924010916,2.003266924010916,False
ground_CELL_B_b160_n92801,GroundV2,ART1_CELL_DEV,B,True,True,158,,,,,,2,24,0,0,0,0,0,False
ground_CELL_B_b160_n92801,GroundV2,ART1_CELL_DEV,B,True,True,159,,,,,,1,24,0,0,0,0,0,False
ground_CELL_G_b160_n92801,GroundV2,ART1_CELL_DEV,G,True,True,0,measurement_initialization,"{""heading"": 2, ""node"": ""n_003_001""}",,,47,160,0,0,0,0,0,0,False
ground_CELL_G_b160_n92801,GroundV2,ART1_CELL_DEV,G,True,True,17,diagnose_then_observe,"{""heading"": 3, ""node"": ""n_003_001""}",0.0827402596031815,,,143,8,0,0.1829591551240792,0.0,0.1829591551240792,0.1829591551240792,False
ground_CELL_G_b160_n92801,GroundV2,ART1_CELL_DEV,G,True,True,20,direct,"{""heading"": 1, ""node"": ""n_003_002""}",0.07870234484023443,3.148093793609377,40,140,16,0,0.6180937936093763,0.0,0.6180937936093763,0.6180937936093763,False
ground_CELL_G_b160_n92801,GroundV2,ART1_CELL_DEV,G,True,True,27,direct,"{""heading"": 2, ""node"": ""n_004_001""}",0.06844278266548069,3.285253567943073,48,133,16,0,1.7952535679430726,0.0,1.7952535679430726,1.7952535679430726,False
ground_CELL_G_b160_n92801,GroundV2,ART1_CELL_DEV,G,True,True,45,direct,"{""heading"": 2, ""node"": ""n_005_001""}",0.060458889524411266,2.5997322495496844,43,115,16,0,0.7097322495496841,0.0,0.7097322495496841,0.7097322495496841,False
ground_CELL_G_b160_n92801,GroundV2,ART1_CELL_DEV,G,True,True,54,direct,"{""heading"": 4, ""node"": ""n_005_001""}",0.054739544366555884,1.9158840528294558,35,106,16,0,1.9158840528294558,0.0,1.9158840528294558,1.9158840528294558,False
ground_CELL_G_b160_n92801,GroundV2,ART1_CELL_DEV,G,True,True,57,diagnose_then_observe,"{""heading"": 5, ""node"": ""n_005_001""}",0.0391604196905565,,,103,16,0,1.0651314983127065,0.0,1.0651314983127065,1.0651314983127065,False
ground_CELL_G_b160_n92801,GroundV2,ART1_CELL_DEV,G,True,True,59,direct,"{""heading"": 3, ""node"": ""n_004_001""}",0.039552008532598826,1.5029763242387555,38,101,16,0,1.5029763242387555,0.0,1.5029763242387555,1.5029763242387555,False
ground_CELL_G_b160_n92801,GroundV2,ART1_CELL_DEV,G,True,True,68,measurement_initialization,"{""heading"": 6, ""node"": ""n_003_001""}",,,30,92,0,0,0,0,0,0,False
ground_CELL_G_b160_n92801,GroundV2,ART1_CELL_DEV,G,True,True,71,direct,"{""heading"": 2, ""node"": ""n_003_001""}",0.03289895512235402,1.1514634292823909,35,89,24,0,1.1514634292823909,0.0,1.1514634292823909,1.1514634292823909,False
ground_CELL_G_b160_n92801,GroundV2,ART1_CELL_DEV,G,True,True,80,measurement_initialization,"{""heading"": 5, ""node"": ""n_002_001""}",,,29,80,0,0,0,0,0,0,False
ground_CELL_G_b160_n92801,GroundV2,ART1_CELL_DEV,G,True,True,88,diagnose_then_observe,"{""heading"": 5, ""node"": ""n_002_001""}",0.08400500331579897,,,72,24,0,1.1062968542004423,0.0,1.1062968542004423,1.1062968542004423,False
ground_CELL_G_b160_n92801,GroundV2,ART1_CELL_DEV,G,True,True,90,direct,"{""heading"": 4, ""node"": ""n_002_001""}",0.09325928227298821,2.0517042100057408,22,70,24,0,2.0517042100057408,0.0,2.0517042100057408,2.0517042100057408,False
ground_CELL_G_b160_n92801,GroundV2,ART1_CELL_DEV,G,True,True,92,diagnose_then_observe,"{""heading"": 1, ""node"": ""n_002_001""}",0.037453466748509134,,,68,24,0,0.9638762185782277,0.0,0.9638762185782277,0.9638762185782277,False
ground_CELL_G_b160_n92801,GroundV2,ART1_CELL_DEV,G,True,True,96,direct,"{""heading"": 0, ""node"": ""n_002_001""}",0.037013401569248074,0.9623484408004499,26,64,24,0,0.9623484408004499,0.0,0.9623484408004499,0.9623484408004499,False
ground_CELL_G_b160_n92801,GroundV2,ART1_CELL_DEV,G,True,True,98,direct,"{""heading"": 6, ""node"": ""n_001_001""}",0.015600000000000003,0.39000000000000007,25,62,24,0,0,0,0,0,False
ground_CELL_G_b160_n92801,GroundV2,ART1_CELL_DEV,G,True,True,109,direct,"{""heading"": 2, ""node"": ""home""}",0.13333031554101216,2.533275995279231,19,51,24,0,2.5332759952792316,0.0,2.5332759952792316,2.5332759952792316,False
ground_CELL_G_b160_n92801,GroundV2,ART1_CELL_DEV,G,True,True,126,direct,"{""heading"": 3, ""node"": ""home""}",0.3479588812066521,1.7397944060332604,5,34,24,0,1.7397944060332604,0.0,1.7397944060332604,1.7397944060332604,False
ground_CELL_G_b160_n92801,GroundV2,ART1_CELL_DEV,G,True,True,128,direct,"{""heading"": 2, ""node"": ""n_001_000""}",0.1378807892059499,3.3091389409427974,24,32,24,0,3.309138940942797,0.0,3.309138940942797,3.309138940942797,False
ground_CELL_G_b160_n92801,GroundV2,ART1_CELL_DEV,G,True,True,138,direct,"{""heading"": 3, ""node"": ""n_001_000""}",0.16390948630828914,2.458642294624337,15,22,24,0,2.4586422946243376,0.0,2.4586422946243376,2.4586422946243376,False
ground_CELL_G_b160_n92801,GroundV2,ART1_CELL_DEV,G,True,True,140,direct,"{""heading"": 4, ""node"": ""n_001_000""}",0.06675548862501764,0.9345768407502468,14,20,24,0,0.9345768407502467,0.0,0.9345768407502467,0.9345768407502467,False
ground_CELL_G_b160_n92801,GroundV2,ART1_CELL_DEV,G,True,True,142,,,,,,18,24,0,0,0,0,0,False
ground_CELL_G_b160_n92801,GroundV2,ART1_CELL_DEV,G,True,True,143,,,,,,17,24,0,0,0,0,0,False
ground_CELL_G_b160_n92801,GroundV2,ART1_CELL_DEV,G,True,True,144,,,,,,16,24,0,0,0,0,0,False
ground_CELL_G_b160_n92801,GroundV2,ART1_CELL_DEV,G,True,True,145,direct,"{""heading"": 4, ""node"": ""@9686d25b5f6a4ec5""}",0.043072988819590964,0.6030218434742735,14,15,24,0,0.6030218434742736,0.0,0.6030218434742736,0.6030218434742736,False
ground_CELL_G_b160_n92801,GroundV2,ART1_CELL_DEV,G,True,True,148,,,,,,12,24,0,0,0,0,0,False
ground_CELL_G_b160_n92801,GroundV2,ART1_CELL_DEV,G,True,True,149,,,,,,11,24,0,0,0,0,0,False
ground_CELL_G_b160_n92801,GroundV2,ART1_CELL_DEV,G,True,True,150,,,,,,10,24,0,0,0,0,0,False
ground_CELL_G_b160_n92801,GroundV2,ART1_CELL_DEV,G,True,True,151,,,,,,9,24,0,0,0,0,0,False
ground_CELL_G_b160_n92801,GroundV2,ART1_CELL_DEV,G,True,True,152,,,,,,8,24,0,0,0,0,0,False
ground_CELL_G_b160_n92801,GroundV2,ART1_CELL_DEV,G,True,True,153,,,,,,7,24,0,0,0,0,0,False
ground_CELL_NBV_b160_n92801,GroundV2,ART1_CELL_DEV,NBV,True,True,0,measurement_initialization,"{""heading"": 2, ""node"": ""n_003_001""}",,,47,160,0,0,0,0,0,0,False
ground_CELL_NBV_b160_n92801,GroundV2,ART1_CELL_DEV,NBV,True,True,17,direct,"{""heading"": 2, ""node"": ""n_004_001""}",0.07845841828435887,3.295253567943073,42,143,8,0,1.7952535679430726,0.0,1.7952535679430726,1.7952535679430726,False
ground_CELL_NBV_b160_n92801,GroundV2,ART1_CELL_DEV,NBV,True,True,29,measurement_initialization,"{""heading"": 3, ""node"": ""n_004_001""}",,,31,131,0,0,0,0,0,0,False
ground_CELL_NBV_b160_n92801,GroundV2,ART1_CELL_DEV,NBV,True,True,31,direct,"{""heading"": 4, ""node"": ""n_005_001""}",0.08784888756430581,3.865351052829456,44,129,16,0,1.915351052829456,0.0,1.915351052829456,1.915351052829456,False
ground_CELL_NBV_b160_n92801,GroundV2,ART1_CELL_DEV,NBV,True,True,43,direct,"{""heading"": 0, ""node"": ""n_003_002""}",0.05436351138959378,2.8812661036484704,53,117,16,0,0.6412661036484699,0.0,0.6412661036484699,0.6412661036484699,False
ground_CELL_NBV_b160_n92801,GroundV2,ART1_CELL_DEV,NBV,True,True,64,measurement_initialization,"{""heading"": 7, ""node"": ""n_003_002""}",,,37,96,0,0,0,0,0,0,False
ground_CELL_NBV_b160_n92801,GroundV2,ART1_CELL_DEV,NBV,True,True,70,measurement_initialization,"{""heading"": 6, ""node"": ""n_003_002""}",,,34,90,0,0,0,0,0,0,False
ground_CELL_NBV_b160_n92801,GroundV2,ART1_CELL_DEV,NBV,True,True,72,direct,"{""heading"": 1, ""node"": ""n_004_000""}",0.0296239442264862,1.3923253786448515,47,88,24,0,1.2223253786448516,0.0,1.2223253786448516,1.2223253786448516,False
ground_CELL_NBV_b160_n92801,GroundV2,ART1_CELL_DEV,NBV,True,True,92,direct,"{""heading"": 2, ""node"": ""n_004_000""}",0.08254585115636913,2.3112838323783356,28,68,24,0,2.3112838323783356,0.0,2.3112838323783356,2.3112838323783356,False
ground_CELL_NBV_b160_n92801,GroundV2,ART1_CELL_DEV,NBV,True,True,94,direct,"{""heading"": 3, ""node"": ""n_004_000""}",0.08526473046389199,2.302147722525084,27,66,24,0,2.302147722525084,0.0,2.302147722525084,2.302147722525084,False
ground_CELL_NBV_b160_n92801,GroundV2,ART1_CELL_DEV,NBV,True,True,96,direct,"{""heading"": 2, ""node"": ""n_005_000""}",0.043797639119380526,1.751905564775221,40,64,24,0,1.6119055647752212,0.0,1.6119055647752212,1.6119055647752212,False
ground_CELL_NBV_b160_n92801,GroundV2,ART1_CELL_DEV,NBV,True,True,106,direct,"{""heading"": 3, ""node"": ""n_005_000""}",0.08076945831614209,2.5038532078004048,31,54,24,0,2.5038532078004048,0.0,2.5038532078004048,2.5038532078004048,False
ground_CELL_NBV_b160_n92801,GroundV2,ART1_CELL_DEV,NBV,True,True,108,direct,"{""heading"": 4, ""node"": ""n_005_000""}",0.08341466500748825,2.5024399502246473,30,52,24,0,2.5024399502246473,0.0,2.5024399502246473,2.5024399502246473,False
ground_CELL_NBV_b160_n92801,GroundV2,ART1_CELL_DEV,NBV,True,True,110,direct,"{""heading"": 2, ""node"": ""n_002_000""}",0.03883179565607289,1.4367764392746971,37,50,24,0,1.4367764392746971,0.0,1.4367764392746971,1.4367764392746971,False
ground_CELL_NBV_b160_n92801,GroundV2,ART1_CELL_DEV,NBV,True,True,129,direct,"{""heading"": 1, ""node"": ""n_002_000""}",0.06830259499191679,1.4343544948302527,21,31,24,0,1.4343544948302527,0.0,1.4343544948302527,1.4343544948302527,False
ground_CELL_NBV_b160_n92801,GroundV2,ART1_CELL_DEV,NBV,True,True,131,direct,"{""heading"": 6, ""node"": ""n_001_001""}",0.010357142857142858,0.29000000000000004,28,29,24,0,0,0,0,0,False
ground_CELL_NBV_b160_n92801,GroundV2,ART1_CELL_DEV,NBV,True,True,145,direct,"{""heading"": 6, ""node"": ""n_000_001""}",0.008000000000000002,0.12000000000000002,15,15,24,0,0,0,0,0,False
ground_CELL_NBV_b160_n92801,GroundV2,ART1_CELL_DEV,NBV,True,True,150,,,,,,10,24,0,0,0,0,0,False
ground_CELL_NBV_b160_n92801,GroundV2,ART1_CELL_DEV,NBV,True,True,151,,,,,,9,24,0,0,0,0,0,False
ground_CELL_NBV_b160_n92801,GroundV2,ART1_CELL_DEV,NBV,True,True,152,,,,,,8,24,0,0,0,0,0,False
ground_CELL_NBV_b160_n92801,GroundV2,ART1_CELL_DEV,NBV,True,True,153,,,,,,7,24,0,0,0,0,0,False
ground_CELL_NBV_b160_n92801,GroundV2,ART1_CELL_DEV,NBV,True,True,154,,,,,,6,24,0,0,0,0,0,False
ground_CELL_NBV_b160_n92801,GroundV2,ART1_CELL_DEV,NBV,True,True,155,,,,,,5,24,0,0,0,0,0,False
ground_CELL_NBV_b160_n92801,GroundV2,ART1_CELL_DEV,NBV,True,True,156,,,,,,4,24,0,0,0,0,0,False
ground_CELL_NBV_b160_n92801,GroundV2,ART1_CELL_DEV,NBV,True,True,157,,,,,,3,24,0,0,0,0,0,False
ground_CELL_NBV_b160_n92801,GroundV2,ART1_CELL_DEV,NBV,True,True,158,,,,,,2,24,0,0,0,0,0,False
ground_CELL_NBV_b160_n92801,GroundV2,ART1_CELL_DEV,NBV,True,True,159,,,,,,1,24,0,0,0,0,0,False
ground_CELL_NBV_b160_n92801,GroundV2,ART1_CELL_DEV,NBV,True,True,160,,,,,,0,24,0,0,0,0,0,False
ground_CELL_S_b160_n92801,GroundV2,ART1_CELL_DEV,S,True,True,0,measurement_initialization,"{""heading"": 2, ""node"": ""n_003_001""}",,,47,160,0,0,0,0,0,0,False
ground_CELL_S_b160_n92801,GroundV2,ART1_CELL_DEV,S,True,True,17,diagnose_then_observe,"{""heading"": 3, ""node"": ""n_003_001""}",0.08034086736437689,,,143,8,0,0.17121992044841194,0.0,0.17121992044841194,0.17121992044841194,False
ground_CELL_S_b160_n92801,GroundV2,ART1_CELL_DEV,S,True,True,20,direct,"{""heading"": 1, ""node"": ""n_003_002""}",0.07723014996605469,3.089205998642188,40,140,16,0,0.559205998642187,0.0,0.559205998642187,0.559205998642187,False
ground_CELL_S_b160_n92801,GroundV2,ART1_CELL_DEV,S,True,True,27,direct,"{""heading"": 2, ""node"": ""n_004_001""}",0.06683757978206539,3.208203829539139,48,133,16,0,1.7182038295391386,0.0,1.7182038295391386,1.7182038295391386,False
ground_CELL_S_b160_n92801,GroundV2,ART1_CELL_DEV,S,True,True,45,direct,"{""heading"": 2, ""node"": ""n_005_001""}",0.06006319393107467,2.582717339036211,43,115,16,0,0.6927173390362105,0.0,0.6927173390362105,0.6927173390362105,False
ground_CELL_S_b160_n92801,GroundV2,ART1_CELL_DEV,S,True,True,54,diagnose_then_observe,"{""heading"": 3, ""node"": ""n_005_001""}",0.05272157725311224,,,106,16,0,1.6985080669141943,0.0,1.6985080669141943,1.6985080669141943,False
ground_CELL_S_b160_n92801,GroundV2,ART1_CELL_DEV,S,True,True,56,direct,"{""heading"": 4, ""node"": ""n_005_001""}",0.05409801650184812,1.839332561062836,34,104,16,0,1.839332561062836,0.0,1.839332561062836,1.839332561062836,False
ground_CELL_S_b160_n92801,GroundV2,ART1_CELL_DEV,S,True,True,58,diagnose_then_observe,"{""heading"": 5, ""node"": ""n_005_001""}",0.0383418034700104,,,102,16,0,1.0113326613195828,0.0,1.0113326613195828,1.0113326613195828,False
ground_CELL_S_b160_n92801,GroundV2,ART1_CELL_DEV,S,True,True,60,direct,"{""heading"": 3, ""node"": ""n_004_001""}",0.037840227141116636,1.4379286313624322,38,100,16,0,1.4379286313624322,0.0,1.4379286313624322,1.4379286313624322,False
ground_CELL_S_b160_n92801,GroundV2,ART1_CELL_DEV,S,True,True,69,measurement_initialization,"{""heading"": 6, ""node"": ""n_003_001""}",,,30,91,0,0,0,0,0,0,False
ground_CELL_S_b160_n92801,GroundV2,ART1_CELL_DEV,S,True,True,72,direct,"{""heading"": 2, ""node"": ""n_003_001""}",0.031245421502005804,1.0935897525702032,35,88,24,0,1.0935897525702032,0.0,1.0935897525702032,1.0935897525702032,False
ground_CELL_S_b160_n92801,GroundV2,ART1_CELL_DEV,S,True,True,81,measurement_initialization,"{""heading"": 5, ""node"": ""n_002_001""}",,,29,79,0,0,0,0,0,0,False
ground_CELL_S_b160_n92801,GroundV2,ART1_CELL_DEV,S,True,True,89,diagnose_then_observe,"{""heading"": 5, ""node"": ""n_002_001""}",0.08364231197210362,,,71,24,0,1.1296528276330422,0.0,1.1296528276330422,1.1296528276330422,False
ground_CELL_S_b160_n92801,GroundV2,ART1_CELL_DEV,S,True,True,91,direct,"{""heading"": 4, ""node"": ""n_002_001""}",0.08975664303082435,1.9746461466781358,22,69,24,0,1.9746461466781358,0.0,1.9746461466781358,1.9746461466781358,False
ground_CELL_S_b160_n92801,GroundV2,ART1_CELL_DEV,S,True,True,93,diagnose_then_observe,"{""heading"": 2, ""node"": ""n_002_001""}",0.03542139774923396,,,67,24,0,0.7842422198050769,0.0,0.7842422198050769,0.7842422198050769,False
ground_CELL_S_b160_n92801,GroundV2,ART1_CELL_DEV,S,True,True,96,diagnose_then_observe,"{""heading"": 1, ""node"": ""n_002_001""}",0.037274350094311334,,,64,24,0,0.9010762188171864,0.0,0.9010762188171864,0.9010762188171864,False
ground_CELL_S_b160_n92801,GroundV2,ART1_CELL_DEV,S,True,True,98,direct,"{""heading"": 0, ""node"": ""n_002_001""}",0.03465677764681486,0.9010762188171864,26,62,24,0,0.9010762188171864,0.0,0.9010762188171864,0.9010762188171864,False
ground_CELL_S_b160_n92801,GroundV2,ART1_CELL_DEV,S,True,True,100,direct,"{""heading"": 1, ""node"": ""n_002_000""}",0.044802888344583264,1.3888895386820812,31,60,24,0,1.388889538682081,0.0,1.388889538682081,1.388889538682081,False
ground_CELL_S_b160_n92801,GroundV2,ART1_CELL_DEV,S,True,True,112,direct,"{""heading"": 2, ""node"": ""n_002_000""}",0.0693931447792219,1.3878628955844379,20,48,24,0,1.3878628955844379,0.0,1.3878628955844379,1.3878628955844379,False
ground_CELL_S_b160_n92801,GroundV2,ART1_CELL_DEV,S,True,True,114,direct,"{""heading"": 3, ""node"": ""n_002_000""}",0.13888689603402604,2.638851024646495,19,46,24,0,2.6388510246464953,0.0,2.6388510246464953,2.6388510246464953,False
ground_CELL_S_b160_n92801,GroundV2,ART1_CELL_DEV,S,True,True,116,direct,"{""heading"": 4, ""node"": ""n_002_000""}",0.13623622797028592,2.4522521034651468,18,44,24,0,2.4522521034651468,0.0,2.4522521034651468,2.4522521034651468,False
ground_CELL_S_b160_n92801,GroundV2,ART1_CELL_DEV,S,True,True,118,direct,"{""heading"": 1, ""node"": ""n_001_000""}",0.06504947164784067,1.7563357344916979,27,42,24,0,1.7563357344916977,0.0,1.7563357344916977,1.7563357344916977,False
ground_CELL_S_b160_n92801,GroundV2,ART1_CELL_DEV,S,True,True,130,direct,"{""heading"": 2, ""node"": ""n_001_001""}",0.10739254907634019,2.792206275984845,26,30,24,0,2.512206275984845,0.0,2.512206275984845,2.512206275984845,False
ground_CELL_S_b160_n92801,GroundV2,ART1_CELL_DEV,S,True,True,138,direct,"{""heading"": 1, ""node"": ""home""}",0.09539366304813887,2.003266924010916,21,22,24,0,2.003266924010916,0.0,2.003266924010916,2.003266924010916,False
ground_CELL_S_b160_n92801,GroundV2,ART1_CELL_DEV,S,True,True,158,,,,,,2,24,0,0,0,0,0,False
ground_CELL_S_b160_n92801,GroundV2,ART1_CELL_DEV,S,True,True,159,,,,,,1,24,0,0,0,0,0,False
ground_LOOP_B_b160_n92801,GroundV2,ART1_LOOP_DEV,B,True,True,0,direct,"{""heading"": 2, ""node"": ""n_000_003""}",0.07351351351351353,2.7200000000000006,37,160,0,0,0,0,0,0,False
ground_LOOP_B_b160_n92801,GroundV2,ART1_LOOP_DEV,B,True,True,17,direct,"{""heading"": 0, ""node"": ""n_000_003""}",0.08854073906721543,1.8593555204115242,21,143,16,0,1.8593555204115242,0.0,1.8593555204115242,1.8593555204115242,False
ground_LOOP_B_b160_n92801,GroundV2,ART1_LOOP_DEV,B,True,True,20,measurement_initialization,"{""heading"": 1, ""node"": ""n_000_004""}",,,33,140,0,0,0,0,0,0,False
ground_LOOP_B_b160_n92801,GroundV2,ART1_LOOP_DEV,B,True,True,27,direct,"{""heading"": 0, ""node"": ""n_000_005""}",0.08560530976742055,2.9105805320922986,34,133,16,0,1.4605805320922982,0.0,1.4605805320922982,1.4605805320922982,False
ground_LOOP_B_b160_n92801,GroundV2,ART1_LOOP_DEV,B,True,True,35,direct,"{""heading"": 9, ""node"": ""n_000_005""}",0.05720275372028806,1.5444743504477776,27,125,16,0,1.5444743504477774,0.0,1.5444743504477774,1.5444743504477774,False
ground_LOOP_B_b160_n92801,GroundV2,ART1_LOOP_DEV,B,True,True,39,direct,"{""heading"": 10, ""node"": ""n_000_006""}",0.06315136498953378,2.778660059539486,44,121,16,0,2.268660059539486,0.0,2.268660059539486,2.268660059539486,False
ground_LOOP_B_b160_n92801,GroundV2,ART1_LOOP_DEV,B,True,True,55,measurement_initialization,"{""heading"": 11, ""node"": ""n_001_006""}",,,47,105,0,0,0,0,0,0,False
ground_LOOP_B_b160_n92801,GroundV2,ART1_LOOP_DEV,B,True,True,63,measurement_initialization,"{""heading"": 0, ""node"": ""n_002_006""}",,,50,97,0,0,0,0,0,0,False
ground_LOOP_B_b160_n92801,GroundV2,ART1_LOOP_DEV,B,True,True,66,direct,"{""heading"": 9, ""node"": ""n_002_004""}",0.0746440854760584,3.508272017374745,47,94,24,0,1.8182720173747446,0.0,1.8182720173747446,1.8182720173747446,False
ground_LOOP_B_b160_n92801,GroundV2,ART1_LOOP_DEV,B,True,True,80,direct,"{""heading"": 8, ""node"": ""n_002_003""}",0.09021913146044948,3.0674504696552822,34,80,24,0,0.8474504696552816,0.0,0.8474504696552816,0.8474504696552816,False
ground_LOOP_B_b160_n92801,GroundV2,ART1_LOOP_DEV,B,True,True,86,direct,"{""heading"": 5, ""node"": ""n_002_003""}",0.045428410226342114,1.4082807170166056,31,74,24,0,1.4082807170166056,0.0,1.4082807170166056,1.4082807170166056,False
ground_LOOP_B_b160_n92801,GroundV2,ART1_LOOP_DEV,B,True,True,90,direct,"{""heading"": 4, ""node"": ""n_002_003""}",0.06407755479718573,1.9223266439155717,30,70,24,0,1.9223266439155715,0.0,1.9223266439155715,1.9223266439155715,False
ground_LOOP_B_b160_n92801,GroundV2,ART1_LOOP_DEV,B,True,True,92,direct,"{""heading"": 3, ""node"": ""n_002_003""}",0.04913611796435702,1.5232196568950676,31,68,24,0,1.5232196568950673,0.0,1.5232196568950673,1.5232196568950673,False
ground_LOOP_B_b160_n92801,GroundV2,ART1_LOOP_DEV,B,True,True,94,direct,"{""heading"": 1, ""node"": ""n_000_004""}",0.03419124788965919,1.5044149071450041,44,66,24,0,1.5044149071450041,0.0,1.5044149071450041,1.5044149071450041,False
ground_LOOP_B_b160_n92801,GroundV2,ART1_LOOP_DEV,B,True,True,115,direct,"{""heading"": 2, ""node"": ""n_000_001""}",0.06330362294559795,2.15232318015033,34,45,24,0,2.15232318015033,0.0,2.15232318015033,2.15232318015033,False
ground_LOOP_B_b160_n92801,GroundV2,ART1_LOOP_DEV,B,True,True,137,direct,"{""heading"": 2, ""node"": ""n_000_002""}",0.05000638279874645,1.1501468043711685,23,23,24,0,1.1501468043711687,0.0,1.1501468043711687,1.1501468043711687,False
ground_LOOP_B_b160_n92801,GroundV2,ART1_LOOP_DEV,B,True,True,144,,,,,,16,24,0,0,0,0,0,False
ground_LOOP_B_b160_n92801,GroundV2,ART1_LOOP_DEV,B,True,True,145,,,,,,15,24,0,0,0,0,0,False
ground_LOOP_B_b160_n92801,GroundV2,ART1_LOOP_DEV,B,True,True,146,,,,,,14,24,0,0,0,0,0,False
ground_LOOP_B_b160_n92801,GroundV2,ART1_LOOP_DEV,B,True,True,147,,,,,,13,24,0,0,0,0,0,False
ground_LOOP_B_b160_n92801,GroundV2,ART1_LOOP_DEV,B,True,True,148,,,,,,12,24,0,0,0,0,0,False
ground_LOOP_B_b160_n92801,GroundV2,ART1_LOOP_DEV,B,True,True,149,,,,,,11,24,0,0,0,0,0,False
ground_LOOP_B_b160_n92801,GroundV2,ART1_LOOP_DEV,B,True,True,150,,,,,,10,24,0,0,0,0,0,False
ground_LOOP_B_b160_n92801,GroundV2,ART1_LOOP_DEV,B,True,True,151,,,,,,9,24,0,0,0,0,0,False
ground_LOOP_B_b160_n92801,GroundV2,ART1_LOOP_DEV,B,True,True,152,,,,,,8,24,0,0,0,0,0,False
ground_LOOP_B_b160_n92801,GroundV2,ART1_LOOP_DEV,B,True,True,153,,,,,,7,24,0,0,0,0,0,False
ground_LOOP_B_b160_n92801,GroundV2,ART1_LOOP_DEV,B,True,True,154,,,,,,6,24,0,0,0,0,0,False
ground_LOOP_B_b160_n92801,GroundV2,ART1_LOOP_DEV,B,True,True,155,,,,,,5,24,0,0,0,0,0,False
ground_LOOP_B_b160_n92801,GroundV2,ART1_LOOP_DEV,B,True,True,156,,,,,,4,24,0,0,0,0,0,False
ground_LOOP_B_b160_n92801,GroundV2,ART1_LOOP_DEV,B,True,True,157,,,,,,3,24,0,0,0,0,0,False
ground_LOOP_B_b160_n92801,GroundV2,ART1_LOOP_DEV,B,True,True,158,,,,,,2,24,0,0,0,0,0,False
ground_LOOP_B_b160_n92801,GroundV2,ART1_LOOP_DEV,B,True,True,159,,,,,,1,24,0,0,0,0,0,False
ground_LOOP_B_b160_n92801,GroundV2,ART1_LOOP_DEV,B,True,True,160,,,,,,0,24,0,0,0,0,0,False
ground_LOOP_G_b160_n92801,GroundV2,ART1_LOOP_DEV,G,True,True,0,direct,"{""heading"": 2, ""node"": ""n_000_003""}",0.07351351351351353,2.7200000000000006,37,160,0,0,0,0,0,0,False
ground_LOOP_G_b160_n92801,GroundV2,ART1_LOOP_DEV,G,True,True,17,direct,"{""heading"": 0, ""node"": ""n_000_003""}",0.08958381058618523,1.8812600223098896,21,143,16,0,1.8812600223098896,0.0,1.8812600223098896,1.8812600223098896,False
ground_LOOP_G_b160_n92801,GroundV2,ART1_LOOP_DEV,G,True,True,20,measurement_initialization,"{""heading"": 1, ""node"": ""n_000_004""}",,,33,140,0,0,0,0,0,0,False
ground_LOOP_G_b160_n92801,GroundV2,ART1_LOOP_DEV,G,True,True,27,direct,"{""heading"": 0, ""node"": ""n_000_005""}",0.08465835725745585,2.8783841467534987,34,133,16,0,1.4283841467534988,0.0,1.4283841467534988,1.4283841467534988,False
ground_LOOP_G_b160_n92801,GroundV2,ART1_LOOP_DEV,G,True,True,35,direct,"{""heading"": 9, ""node"": ""n_000_005""}",0.05721689100320084,1.5448560570864227,27,125,16,0,1.5448560570864227,0.0,1.5448560570864227,1.5448560570864227,False
ground_LOOP_G_b160_n92801,GroundV2,ART1_LOOP_DEV,G,True,True,39,direct,"{""heading"": 10, ""node"": ""n_000_006""}",0.06323519377464076,2.7823485260841934,44,121,16,0,2.272348526084193,0.0,2.272348526084193,2.272348526084193,False
ground_LOOP_G_b160_n92801,GroundV2,ART1_LOOP_DEV,G,True,True,55,measurement_initialization,"{""heading"": 11, ""node"": ""n_001_006""}",,,47,105,0,0,0,0,0,0,False
ground_LOOP_G_b160_n92801,GroundV2,ART1_LOOP_DEV,G,True,True,63,measurement_initialization,"{""heading"": 0, ""node"": ""n_002_006""}",,,50,97,0,0,0,0,0,0,False
ground_LOOP_G_b160_n92801,GroundV2,ART1_LOOP_DEV,G,True,True,66,direct,"{""heading"": 9, ""node"": ""n_002_004""}",0.07467642632643744,3.5097920373425597,47,94,24,0,1.8197920373425593,0.0,1.8197920373425593,1.8197920373425593,False
ground_LOOP_G_b160_n92801,GroundV2,ART1_LOOP_DEV,G,True,True,80,direct,"{""heading"": 8, ""node"": ""n_002_003""}",0.09023574071728223,3.068015184387596,34,80,24,0,0.848015184387595,0.0,0.848015184387595,0.848015184387595,False
ground_LOOP_G_b160_n92801,GroundV2,ART1_LOOP_DEV,G,True,True,86,direct,"{""heading"": 5, ""node"": ""n_002_003""}",0.04542750926196638,1.4082527871209576,31,74,24,0,1.4082527871209578,0.0,1.4082527871209578,1.4082527871209578,False
ground_LOOP_G_b160_n92801,GroundV2,ART1_LOOP_DEV,G,True,True,90,direct,"{""heading"": 4, ""node"": ""n_002_003""}",0.06407673845996803,1.922302153799041,30,70,24,0,1.9223021537990408,0.0,1.9223021537990408,1.9223021537990408,False
ground_LOOP_G_b160_n92801,GroundV2,ART1_LOOP_DEV,G,True,True,92,direct,"{""heading"": 3, ""node"": ""n_002_003""}",0.049135578672228765,1.5232029388390917,31,68,24,0,1.523202938839092,0.0,1.523202938839092,1.523202938839092,False
ground_LOOP_G_b160_n92801,GroundV2,ART1_LOOP_DEV,G,True,True,94,direct,"{""heading"": 1, ""node"": ""n_000_004""}",0.03429163321091788,1.5088318612803868,44,66,24,0,1.508831861280387,0.0,1.508831861280387,1.508831861280387,False
ground_LOOP_G_b160_n92801,GroundV2,ART1_LOOP_DEV,G,True,True,115,direct,"{""heading"": 2, ""node"": ""n_000_001""}",0.0651039690292897,2.2135349469958494,34,45,24,0,2.21353494699585,0.0,2.21353494699585,2.21353494699585,False
ground_LOOP_G_b160_n92801,GroundV2,ART1_LOOP_DEV,G,True,True,137,direct,"{""heading"": 2, ""node"": ""n_000_002""}",0.049976548916098075,1.1494606250702557,23,23,24,0,1.1494606250702557,0.0,1.1494606250702557,1.1494606250702557,False
ground_LOOP_G_b160_n92801,GroundV2,ART1_LOOP_DEV,G,True,True,144,,,,,,16,24,0,0,0,0,0,False
ground_LOOP_G_b160_n92801,GroundV2,ART1_LOOP_DEV,G,True,True,145,,,,,,15,24,0,0,0,0,0,False
ground_LOOP_G_b160_n92801,GroundV2,ART1_LOOP_DEV,G,True,True,146,,,,,,14,24,0,0,0,0,0,False
ground_LOOP_G_b160_n92801,GroundV2,ART1_LOOP_DEV,G,True,True,147,,,,,,13,24,0,0,0,0,0,False
ground_LOOP_G_b160_n92801,GroundV2,ART1_LOOP_DEV,G,True,True,148,,,,,,12,24,0,0,0,0,0,False
ground_LOOP_G_b160_n92801,GroundV2,ART1_LOOP_DEV,G,True,True,149,,,,,,11,24,0,0,0,0,0,False
ground_LOOP_G_b160_n92801,GroundV2,ART1_LOOP_DEV,G,True,True,150,,,,,,10,24,0,0,0,0,0,False
ground_LOOP_G_b160_n92801,GroundV2,ART1_LOOP_DEV,G,True,True,151,,,,,,9,24,0,0,0,0,0,False
ground_LOOP_G_b160_n92801,GroundV2,ART1_LOOP_DEV,G,True,True,152,,,,,,8,24,0,0,0,0,0,False
ground_LOOP_G_b160_n92801,GroundV2,ART1_LOOP_DEV,G,True,True,153,,,,,,7,24,0,0,0,0,0,False
ground_LOOP_G_b160_n92801,GroundV2,ART1_LOOP_DEV,G,True,True,154,,,,,,6,24,0,0,0,0,0,False
ground_LOOP_G_b160_n92801,GroundV2,ART1_LOOP_DEV,G,True,True,155,,,,,,5,24,0,0,0,0,0,False
ground_LOOP_G_b160_n92801,GroundV2,ART1_LOOP_DEV,G,True,True,156,,,,,,4,24,0,0,0,0,0,False
ground_LOOP_G_b160_n92801,GroundV2,ART1_LOOP_DEV,G,True,True,157,,,,,,3,24,0,0,0,0,0,False
ground_LOOP_G_b160_n92801,GroundV2,ART1_LOOP_DEV,G,True,True,158,,,,,,2,24,0,0,0,0,0,False
ground_LOOP_G_b160_n92801,GroundV2,ART1_LOOP_DEV,G,True,True,159,,,,,,1,24,0,0,0,0,0,False
ground_LOOP_G_b160_n92801,GroundV2,ART1_LOOP_DEV,G,True,True,160,,,,,,0,24,0,0,0,0,0,False
ground_LOOP_NBV_b160_n92801,GroundV2,ART1_LOOP_DEV,NBV,True,True,0,direct,"{""heading"": 2, ""node"": ""n_000_003""}",0.07351351351351353,2.7200000000000006,37,160,0,0,0,0,0,0,False
ground_LOOP_NBV_b160_n92801,GroundV2,ART1_LOOP_DEV,NBV,True,True,17,direct,"{""heading"": 0, ""node"": ""n_000_003""}",0.08958381058618523,1.8812600223098896,21,143,16,0,1.8812600223098896,0.0,1.8812600223098896,1.8812600223098896,False
ground_LOOP_NBV_b160_n92801,GroundV2,ART1_LOOP_DEV,NBV,True,True,20,measurement_initialization,"{""heading"": 1, ""node"": ""n_000_004""}",,,33,140,0,0,0,0,0,0,False
ground_LOOP_NBV_b160_n92801,GroundV2,ART1_LOOP_DEV,NBV,True,True,27,direct,"{""heading"": 0, ""node"": ""n_000_005""}",0.08465835725745585,2.8783841467534987,34,133,16,0,1.4283841467534988,0.0,1.4283841467534988,1.4283841467534988,False
ground_LOOP_NBV_b160_n92801,GroundV2,ART1_LOOP_DEV,NBV,True,True,35,direct,"{""heading"": 9, ""node"": ""n_000_005""}",0.05721689100320084,1.5448560570864227,27,125,16,0,1.5448560570864227,0.0,1.5448560570864227,1.5448560570864227,False
ground_LOOP_NBV_b160_n92801,GroundV2,ART1_LOOP_DEV,NBV,True,True,39,direct,"{""heading"": 10, ""node"": ""n_000_006""}",0.06323519377464076,2.7823485260841934,44,121,16,0,2.272348526084193,0.0,2.272348526084193,2.272348526084193,False
ground_LOOP_NBV_b160_n92801,GroundV2,ART1_LOOP_DEV,NBV,True,True,55,measurement_initialization,"{""heading"": 11, ""node"": ""n_001_006""}",,,47,105,0,0,0,0,0,0,False
ground_LOOP_NBV_b160_n92801,GroundV2,ART1_LOOP_DEV,NBV,True,True,63,measurement_initialization,"{""heading"": 0, ""node"": ""n_002_006""}",,,50,97,0,0,0,0,0,0,False
ground_LOOP_NBV_b160_n92801,GroundV2,ART1_LOOP_DEV,NBV,True,True,66,direct,"{""heading"": 9, ""node"": ""n_002_004""}",0.07467642632643744,3.5097920373425597,47,94,24,0,1.8197920373425593,0.0,1.8197920373425593,1.8197920373425593,False
ground_LOOP_NBV_b160_n92801,GroundV2,ART1_LOOP_DEV,NBV,True,True,80,direct,"{""heading"": 8, ""node"": ""n_002_003""}",0.09023574071728223,3.068015184387596,34,80,24,0,0.848015184387595,0.0,0.848015184387595,0.848015184387595,False
ground_LOOP_NBV_b160_n92801,GroundV2,ART1_LOOP_DEV,NBV,True,True,86,direct,"{""heading"": 5, ""node"": ""n_002_003""}",0.04542750926196638,1.4082527871209576,31,74,24,0,1.4082527871209578,0.0,1.4082527871209578,1.4082527871209578,False
ground_LOOP_NBV_b160_n92801,GroundV2,ART1_LOOP_DEV,NBV,True,True,90,direct,"{""heading"": 4, ""node"": ""n_002_003""}",0.06407673845996803,1.922302153799041,30,70,24,0,1.9223021537990408,0.0,1.9223021537990408,1.9223021537990408,False
ground_LOOP_NBV_b160_n92801,GroundV2,ART1_LOOP_DEV,NBV,True,True,92,direct,"{""heading"": 3, ""node"": ""n_002_003""}",0.049135578672228765,1.5232029388390917,31,68,24,0,1.523202938839092,0.0,1.523202938839092,1.523202938839092,False
ground_LOOP_NBV_b160_n92801,GroundV2,ART1_LOOP_DEV,NBV,True,True,94,direct,"{""heading"": 1, ""node"": ""n_000_004""}",0.03429163321091788,1.5088318612803868,44,66,24,0,1.508831861280387,0.0,1.508831861280387,1.508831861280387,False
ground_LOOP_NBV_b160_n92801,GroundV2,ART1_LOOP_DEV,NBV,True,True,115,direct,"{""heading"": 2, ""node"": ""n_000_001""}",0.0651039690292897,2.2135349469958494,34,45,24,0,2.21353494699585,0.0,2.21353494699585,2.21353494699585,False
ground_LOOP_NBV_b160_n92801,GroundV2,ART1_LOOP_DEV,NBV,True,True,137,direct,"{""heading"": 2, ""node"": ""n_000_002""}",0.049976548916098075,1.1494606250702557,23,23,24,0,1.1494606250702557,0.0,1.1494606250702557,1.1494606250702557,False
ground_LOOP_NBV_b160_n92801,GroundV2,ART1_LOOP_DEV,NBV,True,True,144,,,,,,16,24,0,0,0,0,0,False
ground_LOOP_NBV_b160_n92801,GroundV2,ART1_LOOP_DEV,NBV,True,True,145,,,,,,15,24,0,0,0,0,0,False
ground_LOOP_NBV_b160_n92801,GroundV2,ART1_LOOP_DEV,NBV,True,True,146,,,,,,14,24,0,0,0,0,0,False
ground_LOOP_NBV_b160_n92801,GroundV2,ART1_LOOP_DEV,NBV,True,True,147,,,,,,13,24,0,0,0,0,0,False
ground_LOOP_NBV_b160_n92801,GroundV2,ART1_LOOP_DEV,NBV,True,True,148,,,,,,12,24,0,0,0,0,0,False
ground_LOOP_NBV_b160_n92801,GroundV2,ART1_LOOP_DEV,NBV,True,True,149,,,,,,11,24,0,0,0,0,0,False
ground_LOOP_NBV_b160_n92801,GroundV2,ART1_LOOP_DEV,NBV,True,True,150,,,,,,10,24,0,0,0,0,0,False
ground_LOOP_NBV_b160_n92801,GroundV2,ART1_LOOP_DEV,NBV,True,True,151,,,,,,9,24,0,0,0,0,0,False
ground_LOOP_NBV_b160_n92801,GroundV2,ART1_LOOP_DEV,NBV,True,True,152,,,,,,8,24,0,0,0,0,0,False
ground_LOOP_NBV_b160_n92801,GroundV2,ART1_LOOP_DEV,NBV,True,True,153,,,,,,7,24,0,0,0,0,0,False
ground_LOOP_NBV_b160_n92801,GroundV2,ART1_LOOP_DEV,NBV,True,True,154,,,,,,6,24,0,0,0,0,0,False
ground_LOOP_NBV_b160_n92801,GroundV2,ART1_LOOP_DEV,NBV,True,True,155,,,,,,5,24,0,0,0,0,0,False
ground_LOOP_NBV_b160_n92801,GroundV2,ART1_LOOP_DEV,NBV,True,True,156,,,,,,4,24,0,0,0,0,0,False
ground_LOOP_NBV_b160_n92801,GroundV2,ART1_LOOP_DEV,NBV,True,True,157,,,,,,3,24,0,0,0,0,0,False
ground_LOOP_NBV_b160_n92801,GroundV2,ART1_LOOP_DEV,NBV,True,True,158,,,,,,2,24,0,0,0,0,0,False
ground_LOOP_NBV_b160_n92801,GroundV2,ART1_LOOP_DEV,NBV,True,True,159,,,,,,1,24,0,0,0,0,0,False
ground_LOOP_NBV_b160_n92801,GroundV2,ART1_LOOP_DEV,NBV,True,True,160,,,,,,0,24,0,0,0,0,0,False
ground_LOOP_S_b160_n92801,GroundV2,ART1_LOOP_DEV,S,True,True,0,direct,"{""heading"": 2, ""node"": ""n_000_003""}",0.07351351351351353,2.7200000000000006,37,160,0,0,0,0,0,0,False
ground_LOOP_S_b160_n92801,GroundV2,ART1_LOOP_DEV,S,True,True,17,direct,"{""heading"": 0, ""node"": ""n_000_003""}",0.08854073906721543,1.8593555204115242,21,143,16,0,1.8593555204115242,0.0,1.8593555204115242,1.8593555204115242,False
ground_LOOP_S_b160_n92801,GroundV2,ART1_LOOP_DEV,S,True,True,20,measurement_initialization,"{""heading"": 1, ""node"": ""n_000_004""}",,,33,140,0,0,0,0,0,0,False
ground_LOOP_S_b160_n92801,GroundV2,ART1_LOOP_DEV,S,True,True,27,direct,"{""heading"": 0, ""node"": ""n_000_005""}",0.08560530976742055,2.9105805320922986,34,133,16,0,1.4605805320922982,0.0,1.4605805320922982,1.4605805320922982,False
ground_LOOP_S_b160_n92801,GroundV2,ART1_LOOP_DEV,S,True,True,35,direct,"{""heading"": 9, ""node"": ""n_000_005""}",0.05720275372028806,1.5444743504477776,27,125,16,0,1.5444743504477774,0.0,1.5444743504477774,1.5444743504477774,False
ground_LOOP_S_b160_n92801,GroundV2,ART1_LOOP_DEV,S,True,True,39,direct,"{""heading"": 10, ""node"": ""n_000_006""}",0.06315136498953378,2.778660059539486,44,121,16,0,2.268660059539486,0.0,2.268660059539486,2.268660059539486,False
ground_LOOP_S_b160_n92801,GroundV2,ART1_LOOP_DEV,S,True,True,55,measurement_initialization,"{""heading"": 11, ""node"": ""n_001_006""}",,,47,105,0,0,0,0,0,0,False
ground_LOOP_S_b160_n92801,GroundV2,ART1_LOOP_DEV,S,True,True,63,measurement_initialization,"{""heading"": 0, ""node"": ""n_002_006""}",,,50,97,0,0,0,0,0,0,False
ground_LOOP_S_b160_n92801,GroundV2,ART1_LOOP_DEV,S,True,True,66,direct,"{""heading"": 9, ""node"": ""n_002_004""}",0.0746440854760584,3.508272017374745,47,94,24,0,1.8182720173747446,0.0,1.8182720173747446,1.8182720173747446,False
ground_LOOP_S_b160_n92801,GroundV2,ART1_LOOP_DEV,S,True,True,80,direct,"{""heading"": 8, ""node"": ""n_002_003""}",0.09021913146044948,3.0674504696552822,34,80,24,0,0.8474504696552816,0.0,0.8474504696552816,0.8474504696552816,False
ground_LOOP_S_b160_n92801,GroundV2,ART1_LOOP_DEV,S,True,True,86,direct,"{""heading"": 5, ""node"": ""n_002_003""}",0.045428410226342114,1.4082807170166056,31,74,24,0,1.4082807170166056,0.0,1.4082807170166056,1.4082807170166056,False
ground_LOOP_S_b160_n92801,GroundV2,ART1_LOOP_DEV,S,True,True,90,direct,"{""heading"": 4, ""node"": ""n_002_003""}",0.06407755479718573,1.9223266439155717,30,70,24,0,1.9223266439155715,0.0,1.9223266439155715,1.9223266439155715,False
ground_LOOP_S_b160_n92801,GroundV2,ART1_LOOP_DEV,S,True,True,92,direct,"{""heading"": 3, ""node"": ""n_002_003""}",0.04913611796435702,1.5232196568950676,31,68,24,0,1.5232196568950673,0.0,1.5232196568950673,1.5232196568950673,False
ground_LOOP_S_b160_n92801,GroundV2,ART1_LOOP_DEV,S,True,True,94,direct,"{""heading"": 1, ""node"": ""n_000_004""}",0.03419124788965919,1.5044149071450041,44,66,24,0,1.5044149071450041,0.0,1.5044149071450041,1.5044149071450041,False
ground_LOOP_S_b160_n92801,GroundV2,ART1_LOOP_DEV,S,True,True,115,direct,"{""heading"": 2, ""node"": ""n_000_001""}",0.06330362294559795,2.15232318015033,34,45,24,0,2.15232318015033,0.0,2.15232318015033,2.15232318015033,False
ground_LOOP_S_b160_n92801,GroundV2,ART1_LOOP_DEV,S,True,True,137,direct,"{""heading"": 2, ""node"": ""n_000_002""}",0.05000638279874645,1.1501468043711685,23,23,24,0,1.1501468043711687,0.0,1.1501468043711687,1.1501468043711687,False
ground_LOOP_S_b160_n92801,GroundV2,ART1_LOOP_DEV,S,True,True,144,,,,,,16,24,0,0,0,0,0,False
ground_LOOP_S_b160_n92801,GroundV2,ART1_LOOP_DEV,S,True,True,145,,,,,,15,24,0,0,0,0,0,False
ground_LOOP_S_b160_n92801,GroundV2,ART1_LOOP_DEV,S,True,True,146,,,,,,14,24,0,0,0,0,0,False
ground_LOOP_S_b160_n92801,GroundV2,ART1_LOOP_DEV,S,True,True,147,,,,,,13,24,0,0,0,0,0,False
ground_LOOP_S_b160_n92801,GroundV2,ART1_LOOP_DEV,S,True,True,148,,,,,,12,24,0,0,0,0,0,False
ground_LOOP_S_b160_n92801,GroundV2,ART1_LOOP_DEV,S,True,True,149,,,,,,11,24,0,0,0,0,0,False
ground_LOOP_S_b160_n92801,GroundV2,ART1_LOOP_DEV,S,True,True,150,,,,,,10,24,0,0,0,0,0,False
ground_LOOP_S_b160_n92801,GroundV2,ART1_LOOP_DEV,S,True,True,151,,,,,,9,24,0,0,0,0,0,False
ground_LOOP_S_b160_n92801,GroundV2,ART1_LOOP_DEV,S,True,True,152,,,,,,8,24,0,0,0,0,0,False
ground_LOOP_S_b160_n92801,GroundV2,ART1_LOOP_DEV,S,True,True,153,,,,,,7,24,0,0,0,0,0,False
ground_LOOP_S_b160_n92801,GroundV2,ART1_LOOP_DEV,S,True,True,154,,,,,,6,24,0,0,0,0,0,False
ground_LOOP_S_b160_n92801,GroundV2,ART1_LOOP_DEV,S,True,True,155,,,,,,5,24,0,0,0,0,0,False
ground_LOOP_S_b160_n92801,GroundV2,ART1_LOOP_DEV,S,True,True,156,,,,,,4,24,0,0,0,0,0,False
ground_LOOP_S_b160_n92801,GroundV2,ART1_LOOP_DEV,S,True,True,157,,,,,,3,24,0,0,0,0,0,False
ground_LOOP_S_b160_n92801,GroundV2,ART1_LOOP_DEV,S,True,True,158,,,,,,2,24,0,0,0,0,0,False
ground_LOOP_S_b160_n92801,GroundV2,ART1_LOOP_DEV,S,True,True,159,,,,,,1,24,0,0,0,0,0,False
ground_LOOP_S_b160_n92801,GroundV2,ART1_LOOP_DEV,S,True,True,160,,,,,,0,24,0,0,0,0,0,False
