paid_step,sensor_action,x_m,y_m,yaw_rad,segment_translation_m,cumulative_translation_m,paid_remaining,return_cost_actions,return_slack_actions,collision,next_controller_action
0,initial_observation,0.75,0.75,0.0,0.0,0.0,160,0,160,False,forward
1,forward,1.0,0.75,0.0,0.25,0.25,159,13,146,False,forward
2,forward,1.25,0.75,0.0,0.25,0.5,158,14,144,False,forward
3,forward,1.5,0.75,0.0,0.25,0.75,157,15,142,False,forward
4,forward,1.75,0.75,0.0,0.25,1.0,156,16,140,False,left
5,turn_left,1.75,0.75,0.5235987755982987,0.0,1.0,155,15,140,False,observe
6,observe,1.75,0.75,0.5235987755982987,0.0,1.0,154,15,139,False,right
7,turn_right,1.75,0.75,0.0,0.0,1.0,153,16,137,False,forward
8,forward,2.0,0.75,0.0,0.25,1.25,152,17,135,False,forward
9,forward,2.25,0.75,0.0,0.25,1.5,151,18,133,False,forward
10,forward,2.5,0.75,0.0,0.25,1.75,150,19,131,False,forward
11,forward,2.75,0.75,0.0,0.25,2.0,149,20,129,False,left
12,turn_left,2.75,0.75,0.5235987755982987,0.0,2.0,148,19,129,False,observe
13,observe,2.75,0.75,0.5235987755982987,0.0,2.0,147,19,128,False,left
14,turn_left,2.75,0.75,1.0471975511965974,0.0,2.0,146,18,128,False,left
15,turn_left,2.75,0.75,1.5707963267948966,0.0,2.0,145,17,128,False,forward
16,forward,2.75,1.0,1.5707963267948966,0.25,2.25,144,24,120,False,forward
17,forward,2.75,1.25,1.5707963267948966,0.25,2.5,143,23,120,False,forward
18,forward,2.75,1.5,1.5707963267948966,0.25,2.75,142,22,120,False,forward
19,forward,2.75,1.75,1.5707963267948966,0.25,3.0,141,21,120,False,left
20,turn_left,2.75,1.75,2.094395102393195,0.0,3.0,140,20,120,False,left
21,turn_left,2.75,1.75,2.617993877991493,0.0,3.0,139,19,120,False,left
22,turn_left,2.75,1.75,3.1415926535897913,0.0,3.0,138,18,120,False,forward
23,forward,2.5,1.7500000000000004,3.1415926535897913,0.25,3.25,137,17,120,False,forward
24,forward,2.25,1.7500000000000009,3.1415926535897913,0.25,3.5,136,16,120,False,forward
25,forward,2.0,1.7500000000000013,3.1415926535897913,0.25,3.75,135,15,120,False,forward
26,forward,1.75,1.7500000000000018,3.1415926535897913,0.25,4.0,134,14,120,False,observe
27,observe,1.75,1.7500000000000018,3.1415926535897913,0.0,4.0,133,14,119,False,forward
28,forward,1.5,1.7500000000000022,3.1415926535897913,0.25,4.25,132,13,119,False,forward
29,forward,1.25,1.7500000000000027,3.1415926535897913,0.25,4.5,131,12,119,False,forward
30,forward,1.0,1.750000000000003,3.1415926535897913,0.25,4.75,130,11,119,False,forward
31,forward,0.75,1.7500000000000036,3.1415926535897913,0.25,5.0,129,10,119,False,right
32,turn_right,0.75,1.7500000000000036,2.617993877991493,0.0,5.0,128,11,117,False,right
33,turn_right,0.75,1.7500000000000036,2.094395102393195,0.0,5.0,127,12,115,False,right
34,turn_right,0.75,1.7500000000000036,1.5707963267948966,0.0,5.0,126,13,113,False,forward
35,forward,0.75,2.0000000000000036,1.5707963267948966,0.25,5.25,125,14,111,False,forward
36,forward,0.75,2.2500000000000036,1.5707963267948966,0.25,5.5,124,15,109,False,forward
37,forward,0.75,2.5000000000000036,1.5707963267948966,0.25,5.75,123,16,107,False,forward
38,forward,0.75,2.7500000000000036,1.5707963267948966,0.25,6.0,122,17,105,False,right
39,turn_right,0.75,2.7500000000000036,1.0471975511965983,0.0,6.0,121,16,105,False,right
40,turn_right,0.75,2.7500000000000036,0.5235987755982996,0.0,6.0,120,15,105,False,observe
41,observe,0.75,2.7500000000000036,0.5235987755982996,0.0,6.0,119,15,104,False,left
42,turn_left,0.75,2.7500000000000036,1.0471975511965983,0.0,6.0,118,16,102,False,left
43,turn_left,0.75,2.7500000000000036,1.5707963267948966,0.0,6.0,117,17,100,False,forward
44,forward,0.75,3.0000000000000036,1.5707963267948966,0.25,6.25,116,18,98,False,forward
45,forward,0.75,3.2500000000000036,1.5707963267948966,0.25,6.5,115,19,96,False,forward
46,forward,0.75,3.5000000000000036,1.5707963267948966,0.25,6.75,114,20,94,False,forward
47,forward,0.75,3.7500000000000036,1.5707963267948966,0.25,7.0,113,21,92,False,right
48,turn_right,0.75,3.7500000000000036,1.0471975511965983,0.0,7.0,112,20,92,False,right
49,turn_right,0.75,3.7500000000000036,0.5235987755982996,0.0,7.0,111,19,92,False,right
50,turn_right,0.75,3.7500000000000036,8.881784197001252e-16,0.0,7.0,110,18,92,False,forward
51,forward,1.0,3.7500000000000036,8.881784197001252e-16,0.25,7.25,109,25,84,False,forward
52,forward,1.25,3.7500000000000036,8.881784197001252e-16,0.25,7.5,108,26,82,False,forward
53,forward,1.5,3.7500000000000036,8.881784197001252e-16,0.25,7.75,107,27,80,False,forward
54,forward,1.75,3.7500000000000036,8.881784197001252e-16,0.25,8.0,106,28,78,False,right
55,turn_right,1.75,3.7500000000000036,-0.5235987755982978,0.0,8.0,105,27,78,False,observe
56,observe,1.75,3.7500000000000036,-0.5235987755982978,0.0,8.0,104,27,77,False,left
57,turn_left,1.75,3.7500000000000036,8.881784197001252e-16,0.0,8.0,103,28,75,False,forward
58,forward,2.0,3.7500000000000036,8.881784197001252e-16,0.25,8.25,102,29,73,False,forward
59,forward,2.25,3.7500000000000036,8.881784197001252e-16,0.25,8.5,101,30,71,False,forward
60,forward,2.5,3.7500000000000036,8.881784197001252e-16,0.25,8.75,100,31,69,False,forward
61,forward,2.75,3.7500000000000036,8.881784197001252e-16,0.25,9.0,99,32,67,False,observe
62,observe,2.75,3.7500000000000036,8.881784197001252e-16,0.0,9.0,98,32,66,False,right
63,turn_right,2.75,3.7500000000000036,-0.5235987755982978,0.0,9.0,97,31,66,False,right
64,turn_right,2.75,3.7500000000000036,-1.0471975511965965,0.0,9.0,96,30,66,False,right
65,turn_right,2.75,3.7500000000000036,-1.5707963267948952,0.0,9.0,95,29,66,False,right
66,turn_right,2.75,3.7500000000000036,-2.094395102393194,0.0,9.0,94,28,66,False,right
67,turn_right,2.75,3.7500000000000036,-2.6179938779914926,0.0,9.0,93,27,66,False,observe
68,observe,2.75,3.7500000000000036,-2.6179938779914926,0.0,9.0,92,27,65,False,right
69,turn_right,2.75,3.7500000000000036,-3.1415926535897913,0.0,9.0,91,26,65,False,forward
70,forward,2.5,3.750000000000003,-3.1415926535897913,0.25,9.25,90,25,65,False,forward
71,forward,2.25,3.7500000000000027,-3.1415926535897913,0.25,9.5,89,24,65,False,forward
72,forward,2.0,3.750000000000002,-3.1415926535897913,0.25,9.75,88,23,65,False,forward
73,forward,1.75,3.7500000000000018,-3.1415926535897913,0.25,10.0,87,22,65,False,forward
74,forward,1.5,3.7500000000000013,-3.1415926535897913,0.25,10.25,86,21,65,False,forward
75,forward,1.25,3.750000000000001,-3.1415926535897913,0.25,10.5,85,20,65,False,forward
76,forward,1.0,3.7500000000000004,-3.1415926535897913,0.25,10.75,84,19,65,False,forward
77,forward,0.75,3.75,-3.1415926535897913,0.25,11.0,83,18,65,False,right
78,turn_right,0.75,3.75,2.6179938779914966,0.0,11.0,82,19,63,False,right
79,turn_right,0.75,3.75,2.0943951023931984,0.0,11.0,81,20,61,False,right
80,turn_right,0.75,3.75,1.5707963267949,0.0,11.0,80,21,59,False,forward
81,forward,0.7499999999999991,4.0,1.5707963267949,0.25,11.25,79,22,57,False,forward
82,forward,0.7499999999999982,4.25,1.5707963267949,0.25,11.5,78,23,55,False,forward
83,forward,0.7499999999999973,4.5,1.5707963267949,0.25,11.75,77,24,53,False,forward
84,forward,0.7499999999999964,4.75,1.5707963267949,0.25,12.0,76,25,51,False,right
85,turn_right,0.7499999999999964,4.75,1.0471975511966019,0.0,12.0,75,24,51,False,right
86,turn_right,0.7499999999999964,4.75,0.5235987755983031,0.0,12.0,74,23,51,False,observe
87,observe,0.7499999999999964,4.75,0.5235987755983031,0.0,12.0,73,23,50,False,right
88,turn_right,0.7499999999999964,4.75,4.440892098500626e-15,0.0,12.0,72,22,50,False,right
89,turn_right,0.7499999999999964,4.75,-0.5235987755982943,0.0,12.0,71,21,50,False,observe
90,observe,0.7499999999999964,4.75,-0.5235987755982943,0.0,12.0,70,21,49,False,right
91,turn_right,0.7499999999999964,4.75,-1.047197551196593,0.0,12.0,69,20,49,False,right
92,turn_right,0.7499999999999964,4.75,-1.5707963267948917,0.0,12.0,68,19,49,False,forward
93,forward,0.7499999999999977,4.5,-1.5707963267948917,0.25,12.25,67,18,49,False,forward
94,forward,0.7499999999999989,4.25,-1.5707963267948917,0.25,12.5,66,17,49,False,forward
95,forward,0.7500000000000001,4.0,-1.5707963267948917,0.25,12.75,65,16,49,False,forward
96,forward,0.7500000000000013,3.75,-1.5707963267948917,0.25,13.0,64,15,49,False,left
97,turn_left,0.7500000000000013,3.75,-1.047197551196593,0.0,13.0,63,16,47,False,observe
98,observe,0.7500000000000013,3.75,-1.047197551196593,0.0,13.0,62,16,46,False,right
99,turn_right,0.7500000000000013,3.75,-1.5707963267948917,0.0,13.0,61,15,46,False,forward
100,forward,0.7500000000000026,3.5,-1.5707963267948917,0.25,13.25,60,14,46,False,forward
101,forward,0.7500000000000038,3.25,-1.5707963267948917,0.25,13.5,59,13,46,False,forward
102,forward,0.750000000000005,3.0,-1.5707963267948917,0.25,13.75,58,12,46,False,forward
103,forward,0.7500000000000062,2.75,-1.5707963267948917,0.25,14.0,57,11,46,False,forward
104,forward,0.7500000000000074,2.5,-1.5707963267948917,0.25,14.25,56,10,46,False,forward
105,forward,0.7500000000000087,2.25,-1.5707963267948917,0.25,14.5,55,9,46,False,forward
106,forward,0.7500000000000099,2.0,-1.5707963267948917,0.25,14.75,54,8,46,False,forward
107,forward,0.7500000000000111,1.75,-1.5707963267948917,0.25,15.0,53,7,46,False,left
108,turn_left,0.7500000000000111,1.75,-1.047197551196593,0.0,15.0,52,8,44,False,left
109,turn_left,0.7500000000000111,1.75,-0.5235987755982943,0.0,15.0,51,9,42,False,left
110,turn_left,0.7500000000000111,1.75,4.440892098500626e-15,0.0,15.0,50,10,40,False,forward
111,forward,1.000000000000011,1.750000000000001,4.440892098500626e-15,0.25,15.25,49,17,32,False,forward
112,forward,1.250000000000011,1.7500000000000022,4.440892098500626e-15,0.25,15.5,48,18,30,False,forward
113,forward,1.500000000000011,1.7500000000000033,4.440892098500626e-15,0.25,15.75,47,19,28,False,forward
114,forward,1.750000000000011,1.7500000000000044,4.440892098500626e-15,0.25,16.0,46,20,26,False,forward
115,forward,2.000000000000011,1.7500000000000056,4.440892098500626e-15,0.25,16.25,45,21,24,False,forward
116,forward,2.250000000000011,1.7500000000000067,4.440892098500626e-15,0.25,16.5,44,22,22,False,forward
117,forward,2.500000000000011,1.7500000000000078,4.440892098500626e-15,0.25,16.75,43,23,20,False,forward
118,forward,2.750000000000011,1.7500000000000089,4.440892098500626e-15,0.25,17.0,42,24,18,False,forward
119,forward,3.000000000000011,1.75000000000001,4.440892098500626e-15,0.25,17.25,41,25,16,False,forward
120,forward,3.250000000000011,1.750000000000011,4.440892098500626e-15,0.25,17.5,40,26,14,False,forward
121,forward,3.500000000000011,1.7500000000000122,4.440892098500626e-15,0.25,17.75,39,27,12,False,forward
122,forward,3.750000000000011,1.7500000000000133,4.440892098500626e-15,0.25,18.0,38,28,10,False,forward
123,forward,4.000000000000011,1.7500000000000144,4.440892098500626e-15,0.24999999999999956,18.25,37,29,8,False,forward
124,forward,4.250000000000011,1.7500000000000155,4.440892098500626e-15,0.25,18.5,36,30,6,False,forward
125,forward,4.500000000000011,1.7500000000000167,4.440892098500626e-15,0.25,18.75,35,31,4,False,forward
126,forward,4.750000000000011,1.7500000000000178,4.440892098500626e-15,0.25,19.0,34,32,2,False,left
127,turn_left,4.750000000000011,1.7500000000000178,0.5235987755983031,0.0,19.0,33,31,2,False,left
128,turn_left,4.750000000000011,1.7500000000000178,1.0471975511966019,0.0,19.0,32,30,2,False,left
129,turn_left,4.750000000000011,1.7500000000000178,1.5707963267949,0.0,19.0,31,29,2,False,observe
130,observe,4.750000000000011,1.7500000000000178,1.5707963267949,0.0,19.0,30,29,1,False,left
131,turn_left,4.750000000000011,1.7500000000000178,2.0943951023931984,0.0,19.0,29,28,1,False,left
132,turn_left,4.750000000000011,1.7500000000000178,2.6179938779914966,0.0,19.0,28,27,1,False,observe
133,observe,4.750000000000011,1.7500000000000178,2.6179938779914966,0.0,19.0,27,27,0,False,left
134,turn_left,4.750000000000011,1.7500000000000178,-3.1415926535897913,0.0,19.0,26,26,0,False,forward
135,forward,4.500000000000011,1.7500000000000173,-3.1415926535897913,0.25,19.25,25,25,0,False,forward
136,forward,4.250000000000011,1.7500000000000169,-3.1415926535897913,0.25,19.5,24,24,0,False,forward
137,forward,4.000000000000011,1.7500000000000164,-3.1415926535897913,0.25,19.75,23,23,0,False,forward
138,forward,3.7500000000000107,1.750000000000016,-3.1415926535897913,0.25,20.0,22,22,0,False,forward
139,forward,3.5000000000000107,1.7500000000000155,-3.1415926535897913,0.25,20.25,21,21,0,False,forward
140,forward,3.2500000000000107,1.750000000000015,-3.1415926535897913,0.25,20.5,20,20,0,False,forward
141,forward,3.0000000000000107,1.7500000000000147,-3.1415926535897913,0.25,20.75,19,19,0,False,forward
142,forward,2.7500000000000107,1.7500000000000142,-3.1415926535897913,0.25,21.0,18,18,0,False,forward
143,forward,2.5000000000000107,1.7500000000000138,-3.1415926535897913,0.25,21.25,17,17,0,False,forward
144,forward,2.2500000000000107,1.7500000000000133,-3.1415926535897913,0.25,21.5,16,16,0,False,forward
145,forward,2.0000000000000107,1.7500000000000129,-3.1415926535897913,0.25,21.75,15,15,0,False,forward
146,forward,1.7500000000000107,1.7500000000000124,-3.1415926535897913,0.25,22.0,14,14,0,False,forward
147,forward,1.5000000000000107,1.750000000000012,-3.1415926535897913,0.25,22.25,13,13,0,False,forward
148,forward,1.2500000000000107,1.7500000000000115,-3.1415926535897913,0.25,22.5,12,12,0,False,forward
149,forward,1.0000000000000107,1.750000000000011,-3.1415926535897913,0.25,22.75,11,11,0,False,forward
150,forward,0.7500000000000107,1.7500000000000107,-3.1415926535897913,0.25,23.0,10,10,0,False,left
151,turn_left,0.7500000000000107,1.7500000000000107,-2.6179938779914926,0.0,23.0,9,9,0,False,left
152,turn_left,0.7500000000000107,1.7500000000000107,-2.094395102393194,0.0,23.0,8,8,0,False,left
153,turn_left,0.7500000000000107,1.7500000000000107,-1.5707963267948952,0.0,23.0,7,7,0,False,forward
154,forward,0.750000000000011,1.5000000000000107,-1.5707963267948952,0.25,23.25,6,6,0,False,forward
155,forward,0.7500000000000113,1.2500000000000107,-1.5707963267948952,0.25,23.5,5,5,0,False,forward
156,forward,0.7500000000000117,1.0000000000000107,-1.5707963267948952,0.25,23.75,4,4,0,False,forward
157,forward,0.750000000000012,0.7500000000000107,-1.5707963267948952,0.25,24.0,3,3,0,False,left
158,turn_left,0.750000000000012,0.7500000000000107,-1.0471975511965965,0.0,24.0,2,2,0,False,left
159,turn_left,0.750000000000012,0.7500000000000107,-0.5235987755982978,0.0,24.0,1,1,0,False,left
160,turn_left,0.750000000000012,0.7500000000000107,8.881784197001252e-16,0.0,24.0,0,0,0,False,stop
