fixture,legacy_full_Q05,candidate_Q05,delta_Q05
box_closed,1.0,1.0,0.0
box_vertical,0.6666666666666666,1.0,0.33333333333333337
box_retriangulated,1.0,1.0,0.0
box_vertical_retriangulated,0.6666666666666666,1.0,0.33333333333333337
box_duplicate,1.0,1.0,0.0
box_vertical_duplicate,0.6666666666666666,1.0,0.33333333333333337
box_four_thin_walls,0.9988900728407725,0.9988900728407725,0.0
l_closed,1.0,1.0,0.0
l_vertical,0.6666666666666666,1.0,0.33333333333333337
box_vertical_missing_side,0.6666666666666666,0.6666666666666666,0.0
box_expanded_030,0.0,0.0,0.0
box_shifted_030,0.62,0.62,0.0
l_notch_filled,0.8888888888888888,0.8888888888888888,0.0
l_convex_shortcut,0.9151532327909453,0.9151532327909454,1.1102230246251565e-16
box_extra_detached_box,0.9419753086419753,0.9419753086419753,0.0
box_extra_open_strip,0.9393939393939394,0.9265734265734266,-0.012820512820512886
empty,0.0,0.0,0.0
rotated_closed,1.0,1.0,0.0
rotated_vertical,0.6666666666666666,1.0,0.33333333333333337
one_mm_gap,0.6666666666666666,0.6666666666666666,0.0
both_present,1.0,1.0,0.0
one_instance_missing,0.5,0.5,0.0
all_instances_missing,0.0,0.0,0.0
duplicate_seed,0.0,0.0,0.0
extra_unassigned_instance,1.0,0.6666666666666666,-0.33333333333333337
empty_extra_duplicate_seed,0.5,1.0,0.5
