scene,hypothesis,budget,mode,declared_replicates,measured_replicates,J5_mean,J5_min,J5_max,J5_sample_sd,interpretation
P00,0,30,G,2,0,,,,,two noise realizations of the same geometry; not independent layouts
P00,0,30,S,2,0,,,,,two noise realizations of the same geometry; not independent layouts
P00,0,30,X,2,0,,,,,two noise realizations of the same geometry; not independent layouts
P00,0,30,Xnf,2,0,,,,,two noise realizations of the same geometry; not independent layouts
P00,1,30,G,2,0,,,,,two noise realizations of the same geometry; not independent layouts
P00,1,30,S,2,0,,,,,two noise realizations of the same geometry; not independent layouts
P00,1,30,X,2,0,,,,,two noise realizations of the same geometry; not independent layouts
P00,1,30,Xnf,2,0,,,,,two noise realizations of the same geometry; not independent layouts
P00,0,42,G,2,2,0.7724524986536994,0.7723831535256808,0.7725218437817181,9.806882052847287e-05,two noise realizations of the same geometry; not independent layouts
P00,0,42,S,2,2,0.7724524986536994,0.7723831535256808,0.7725218437817181,9.806882052847287e-05,two noise realizations of the same geometry; not independent layouts
P00,0,42,X,2,2,0.6695878925376474,0.668176438995624,0.6709993460796708,0.0019960967417890826,two noise realizations of the same geometry; not independent layouts
P00,0,42,Xnf,2,2,0.6433266905723075,0.6408341433589557,0.6458192377856593,0.0035249940739773694,two noise realizations of the same geometry; not independent layouts
P00,1,42,G,2,2,0.6739881517401054,0.6733260626645294,0.6746502408156813,0.0009363353501785187,two noise realizations of the same geometry; not independent layouts
P00,1,42,S,2,2,0.7627200011025332,0.7607669717952561,0.7646730304098104,0.0027620005340634668,two noise realizations of the same geometry; not independent layouts
P00,1,42,X,2,2,0.6739881517401054,0.6733260626645294,0.6746502408156813,0.0009363353501785187,two noise realizations of the same geometry; not independent layouts
P00,1,42,Xnf,2,2,0.655790595059544,0.6551249843639368,0.6564562057551512,0.0009413156729882442,two noise realizations of the same geometry; not independent layouts
P00,0,54,G,2,2,0.9352083517950194,0.9351010478051898,0.9353156557848491,0.00015175075771385791,two noise realizations of the same geometry; not independent layouts
P00,0,54,S,2,2,0.9281864564170555,0.9278226788839747,0.9285502339501364,0.0005144591209695105,two noise realizations of the same geometry; not independent layouts
P00,0,54,X,2,2,0.9352083517950194,0.9351010478051898,0.9353156557848491,0.00015175075771385791,two noise realizations of the same geometry; not independent layouts
P00,0,54,Xnf,2,2,0.9250949922383571,0.9244058178057621,0.925784166670952,0.0009746398294165168,two noise realizations of the same geometry; not independent layouts
P00,1,54,G,2,2,0.9303709450134364,0.9302624496945096,0.9304794403323633,0.00015343555148037552,two noise realizations of the same geometry; not independent layouts
P00,1,54,S,2,2,0.9303709450134364,0.9302624496945096,0.9304794403323633,0.00015343555148037552,two noise realizations of the same geometry; not independent layouts
P00,1,54,X,2,2,0.9351057370333382,0.9348430287793521,0.9353684452873242,0.0003715255757344344,two noise realizations of the same geometry; not independent layouts
P00,1,54,Xnf,2,2,0.9264469817826747,0.9264106371702665,0.9264833263950829,5.1399043786871603e-05,two noise realizations of the same geometry; not independent layouts
P01,0,30,G,2,0,,,,,two noise realizations of the same geometry; not independent layouts
P01,0,30,S,2,0,,,,,two noise realizations of the same geometry; not independent layouts
P01,0,30,X,2,0,,,,,two noise realizations of the same geometry; not independent layouts
P01,0,30,Xnf,2,0,,,,,two noise realizations of the same geometry; not independent layouts
P01,1,30,G,2,0,,,,,two noise realizations of the same geometry; not independent layouts
P01,1,30,S,2,0,,,,,two noise realizations of the same geometry; not independent layouts
P01,1,30,X,2,0,,,,,two noise realizations of the same geometry; not independent layouts
P01,1,30,Xnf,2,0,,,,,two noise realizations of the same geometry; not independent layouts
P01,0,42,G,2,2,0.7278522780138195,0.7270279215158143,0.7286766345118246,0.001165816139709291,two noise realizations of the same geometry; not independent layouts
P01,0,42,S,2,2,0.7278522780138195,0.7270279215158143,0.7286766345118246,0.001165816139709291,two noise realizations of the same geometry; not independent layouts
P01,0,42,X,2,2,0.6302819497499317,0.6299089146172945,0.6306549848825689,0.0005275513438171754,two noise realizations of the same geometry; not independent layouts
P01,0,42,Xnf,2,2,0.6302819497499317,0.6299089146172945,0.6306549848825689,0.0005275513438171754,two noise realizations of the same geometry; not independent layouts
P01,1,42,G,2,2,0.6362998002877575,0.6358250693090177,0.6367745312664972,0.0006713709886123862,two noise realizations of the same geometry; not independent layouts
P01,1,42,S,2,2,0.723245181092115,0.7228962676369489,0.723594094547281,0.0004934381403902455,two noise realizations of the same geometry; not independent layouts
P01,1,42,X,2,2,0.6362998002877575,0.6358250693090177,0.6367745312664972,0.0006713709886123862,two noise realizations of the same geometry; not independent layouts
P01,1,42,Xnf,2,2,0.6362998002877575,0.6358250693090177,0.6367745312664972,0.0006713709886123862,two noise realizations of the same geometry; not independent layouts
P01,0,54,G,2,2,0.9282351860248721,0.9270526600549802,0.9294177119947641,0.0016723442644795718,two noise realizations of the same geometry; not independent layouts
P01,0,54,S,2,2,0.9093402943055666,0.9086262901274437,0.9100542984836896,0.0010097543922925325,two noise realizations of the same geometry; not independent layouts
P01,0,54,X,2,2,0.9282351860248721,0.9270526600549802,0.9294177119947641,0.0016723442644795718,two noise realizations of the same geometry; not independent layouts
P01,0,54,Xnf,2,2,0.8902888975555262,0.889675138028528,0.8909026570825244,0.000867987047116492,two noise realizations of the same geometry; not independent layouts
P01,1,54,G,2,2,0.9113772079589568,0.9107664347886641,0.9119879811292496,0.0008637637009615953,two noise realizations of the same geometry; not independent layouts
P01,1,54,S,2,2,0.9113772079589568,0.9107664347886641,0.9119879811292496,0.0008637637009615953,two noise realizations of the same geometry; not independent layouts
P01,1,54,X,2,2,0.9256489270466273,0.9255705181975414,0.925727335895713,0.0001108868577871696,two noise realizations of the same geometry; not independent layouts
P01,1,54,Xnf,2,2,0.8909555198111256,0.8897117421613406,0.8921992974609108,0.0017589672209025664,two noise realizations of the same geometry; not independent layouts
P00_rib_shift,0,42,G,2,2,0.7580806868158658,0.7578108683879795,0.7583505052437522,0.0003815808800950917,two noise realizations of the same geometry; not independent layouts
P00_rib_shift,0,42,S,2,2,0.7580806868158658,0.7578108683879795,0.7583505052437522,0.0003815808800950917,two noise realizations of the same geometry; not independent layouts
P00_rib_shift,0,42,X,2,2,0.6695982015173517,0.6681970569550326,0.6709993460796708,0.001981517642876987,two noise realizations of the same geometry; not independent layouts
P00_rib_shift,0,42,Xnf,2,2,0.6433266905723075,0.6408341433589557,0.6458192377856593,0.0035249940739773694,two noise realizations of the same geometry; not independent layouts
P00_rib_shift,1,42,G,2,2,0.6739779303445173,0.6733260626645294,0.6746297980245051,0.0009218801139114546,two noise realizations of the same geometry; not independent layouts
P00_rib_shift,1,42,S,2,2,0.7460636722560492,0.7445075200564548,0.7476198244556436,0.002200731545783087,two noise realizations of the same geometry; not independent layouts
P00_rib_shift,1,42,X,2,2,0.6739779303445173,0.6733260626645294,0.6746297980245051,0.0009218801139114546,two noise realizations of the same geometry; not independent layouts
P00_rib_shift,1,42,Xnf,2,2,0.655790595059544,0.6551249843639368,0.6564562057551512,0.0009413156729882442,two noise realizations of the same geometry; not independent layouts
P01_lower_ribs,0,42,G,2,2,0.7228226471244188,0.7217732966434004,0.7238719976054372,0.001484005681938947,two noise realizations of the same geometry; not independent layouts
P01_lower_ribs,0,42,S,2,2,0.7228226471244188,0.7217732966434004,0.7238719976054372,0.001484005681938947,two noise realizations of the same geometry; not independent layouts
P01_lower_ribs,0,42,X,2,2,0.6496040510006111,0.6491314579121441,0.6500766440890783,0.000668347555193944,two noise realizations of the same geometry; not independent layouts
P01_lower_ribs,0,42,Xnf,2,2,0.6496040510006111,0.6491314579121441,0.6500766440890783,0.000668347555193944,two noise realizations of the same geometry; not independent layouts
P01_lower_ribs,1,42,G,2,2,0.6633653013403917,0.6632920015252491,0.6634386011555344,0.00010366159269417175,two noise realizations of the same geometry; not independent layouts
P01_lower_ribs,1,42,S,2,2,0.7104591346472245,0.7102465007248647,0.7106717685695844,0.00030070977682184125,two noise realizations of the same geometry; not independent layouts
P01_lower_ribs,1,42,X,2,2,0.6640458239643139,0.6638612515178826,0.6642303964107451,0.00026102485698349036,two noise realizations of the same geometry; not independent layouts
P01_lower_ribs,1,42,Xnf,2,2,0.6640458239643139,0.6638612515178826,0.6642303964107451,0.00026102485698349036,two noise realizations of the same geometry; not independent layouts
