index,parent,assignment,first_option,budget,reference_seed,C,Q,J,U_eligibility_boundary,eligible,evaluator_eligible,returned,failed,collisions,paid_actions,primitive_budget_compliant,termination_reason,missing_asset_count,unique_case_index,declared_index,alias_of_first_option,initial_path_sha256,observed_category_votes,fixed_semantic_rule_choice,flipped_semantic_rule_choice
0,D19-P00,A_complex_B_simple,N,160,2026,0.8399307273626917,0.4221008791024839,0.3545354984049809,0.3545354984049809,True,True,True,False,0,160,True,budget_exhausted,2,0,0,,7f3fbf872018a15117ab65680d94a536a407fe0e83dfff439ba0d4837e78e147,"{""A"": -1.0, ""B"": 1.0}",A,B
0,D19-P00,A_complex_B_simple,N,160,2027,0.8399307273626917,0.4244181188512383,0.35648181927262595,0.35648181927262595,True,True,True,False,0,160,True,budget_exhausted,2,0,0,,7f3fbf872018a15117ab65680d94a536a407fe0e83dfff439ba0d4837e78e147,"{""A"": -1.0, ""B"": 1.0}",A,B
0,D19-P00,A_complex_B_simple,N,160,2028,0.8399307273626917,0.4190323439958193,0.35195814148090215,0.35195814148090215,True,True,True,False,0,160,True,budget_exhausted,2,0,0,,7f3fbf872018a15117ab65680d94a536a407fe0e83dfff439ba0d4837e78e147,"{""A"": -1.0, ""B"": 1.0}",A,B
1,D19-P00,A_complex_B_simple,A,160,2026,0.8461157842652153,0.39719579718329556,0.3360736334405915,0.3360736334405915,True,True,True,False,0,160,True,budget_exhausted,2,1,1,,5ccb5480a1399662331f4ba2b1fb575cdcba600e3957e67c00d407cf83f24679,"{""A"": -1.0, ""B"": 1.0}",A,B
1,D19-P00,A_complex_B_simple,A,160,2027,0.8461157842652153,0.40089818632949753,0.33920628333668523,0.33920628333668523,True,True,True,False,0,160,True,budget_exhausted,2,1,1,,5ccb5480a1399662331f4ba2b1fb575cdcba600e3957e67c00d407cf83f24679,"{""A"": -1.0, ""B"": 1.0}",A,B
1,D19-P00,A_complex_B_simple,A,160,2028,0.8461157842652153,0.39891686845411733,0.3375298590086792,0.3375298590086792,True,True,True,False,0,160,True,budget_exhausted,2,1,1,,5ccb5480a1399662331f4ba2b1fb575cdcba600e3957e67c00d407cf83f24679,"{""A"": -1.0, ""B"": 1.0}",A,B
0,D19-P00,A_complex_B_simple,B,160,2026,0.8399307273626917,0.4221008791024839,0.3545354984049809,0.3545354984049809,True,True,True,False,0,160,True,budget_exhausted,2,0,2,N,7f3fbf872018a15117ab65680d94a536a407fe0e83dfff439ba0d4837e78e147,"{""A"": -1.0, ""B"": 1.0}",A,B
0,D19-P00,A_complex_B_simple,B,160,2027,0.8399307273626917,0.4244181188512383,0.35648181927262595,0.35648181927262595,True,True,True,False,0,160,True,budget_exhausted,2,0,2,N,7f3fbf872018a15117ab65680d94a536a407fe0e83dfff439ba0d4837e78e147,"{""A"": -1.0, ""B"": 1.0}",A,B
0,D19-P00,A_complex_B_simple,B,160,2028,0.8399307273626917,0.4190323439958193,0.35195814148090215,0.35195814148090215,True,True,True,False,0,160,True,budget_exhausted,2,0,2,N,7f3fbf872018a15117ab65680d94a536a407fe0e83dfff439ba0d4837e78e147,"{""A"": -1.0, ""B"": 1.0}",A,B
2,D19-P00,A_simple_B_complex,N,160,2026,0.838693715982187,0.4260482999763673,0.357324031895073,0.357324031895073,True,True,True,False,0,160,True,budget_exhausted,2,2,3,,7f3fbf872018a15117ab65680d94a536a407fe0e83dfff439ba0d4837e78e147,"{""A"": 1.0, ""B"": -1.0}",B,A
2,D19-P00,A_simple_B_complex,N,160,2027,0.838693715982187,0.42894054883559546,0.3597497428383643,0.3597497428383643,True,True,True,False,0,160,True,budget_exhausted,2,2,3,,7f3fbf872018a15117ab65680d94a536a407fe0e83dfff439ba0d4837e78e147,"{""A"": 1.0, ""B"": -1.0}",B,A
2,D19-P00,A_simple_B_complex,N,160,2028,0.838693715982187,0.42361163938208607,0.3552804199666679,0.3552804199666679,True,True,True,False,0,160,True,budget_exhausted,2,2,3,,7f3fbf872018a15117ab65680d94a536a407fe0e83dfff439ba0d4837e78e147,"{""A"": 1.0, ""B"": -1.0}",B,A
3,D19-P00,A_simple_B_complex,A,160,2026,0.84735279564572,0.39058603487151006,0.3309641685885507,0.3309641685885507,True,True,True,False,0,160,True,budget_exhausted,2,3,4,,5ccb5480a1399662331f4ba2b1fb575cdcba600e3957e67c00d407cf83f24679,"{""A"": 1.0, ""B"": -1.0}",B,A
3,D19-P00,A_simple_B_complex,A,160,2027,0.84735279564572,0.38940322361825846,0.32996191016638676,0.32996191016638676,True,True,True,False,0,160,True,budget_exhausted,2,3,4,,5ccb5480a1399662331f4ba2b1fb575cdcba600e3957e67c00d407cf83f24679,"{""A"": 1.0, ""B"": -1.0}",B,A
3,D19-P00,A_simple_B_complex,A,160,2028,0.84735279564572,0.39250697330068807,0.332591881136778,0.332591881136778,True,True,True,False,0,160,True,budget_exhausted,2,3,4,,5ccb5480a1399662331f4ba2b1fb575cdcba600e3957e67c00d407cf83f24679,"{""A"": 1.0, ""B"": -1.0}",B,A
2,D19-P00,A_simple_B_complex,B,160,2026,0.838693715982187,0.4260482999763673,0.357324031895073,0.357324031895073,True,True,True,False,0,160,True,budget_exhausted,2,2,5,N,7f3fbf872018a15117ab65680d94a536a407fe0e83dfff439ba0d4837e78e147,"{""A"": 1.0, ""B"": -1.0}",B,A
2,D19-P00,A_simple_B_complex,B,160,2027,0.838693715982187,0.42894054883559546,0.3597497428383643,0.3597497428383643,True,True,True,False,0,160,True,budget_exhausted,2,2,5,N,7f3fbf872018a15117ab65680d94a536a407fe0e83dfff439ba0d4837e78e147,"{""A"": 1.0, ""B"": -1.0}",B,A
2,D19-P00,A_simple_B_complex,B,160,2028,0.838693715982187,0.42361163938208607,0.3552804199666679,0.3552804199666679,True,True,True,False,0,160,True,budget_exhausted,2,2,5,N,7f3fbf872018a15117ab65680d94a536a407fe0e83dfff439ba0d4837e78e147,"{""A"": 1.0, ""B"": -1.0}",B,A
4,D19-P01,A_complex_B_simple,N,184,2026,0.8371418208197315,0.48106184434174976,0.40271698829915065,0.40271698829915065,True,True,True,False,0,184,True,budget_exhausted,1,4,6,,a7a7bdd7060690ce885cf4abd6e469d030de61fbffe92086f8645589fcbb6903,"{""A"": -1.0, ""B"": 1.0}",A,B
4,D19-P01,A_complex_B_simple,N,184,2027,0.8371418208197315,0.4784879948158753,0.4005623112205441,0.4005623112205441,True,True,True,False,0,184,True,budget_exhausted,1,4,6,,a7a7bdd7060690ce885cf4abd6e469d030de61fbffe92086f8645589fcbb6903,"{""A"": -1.0, ""B"": 1.0}",A,B
4,D19-P01,A_complex_B_simple,N,184,2028,0.8371418208197315,0.48030523618312504,0.4020835999675925,0.4020835999675925,True,True,True,False,0,184,True,budget_exhausted,1,4,6,,a7a7bdd7060690ce885cf4abd6e469d030de61fbffe92086f8645589fcbb6903,"{""A"": -1.0, ""B"": 1.0}",A,B
5,D19-P01,A_complex_B_simple,A,184,2026,0.8166485310119695,0.505541797993589,0.41284996669661433,0.41284996669661433,True,True,True,False,0,184,True,budget_exhausted,1,5,7,,e81d0e587957d3f47db28c2f1f8d7009783bd1762a8db9c340cb0fa34b92096c,"{""A"": -1.0, ""B"": 1.0}",A,B
5,D19-P01,A_complex_B_simple,A,184,2027,0.8166485310119695,0.5070869790957896,0.4141118365738739,0.4141118365738739,True,True,True,False,0,184,True,budget_exhausted,1,5,7,,e81d0e587957d3f47db28c2f1f8d7009783bd1762a8db9c340cb0fa34b92096c,"{""A"": -1.0, ""B"": 1.0}",A,B
5,D19-P01,A_complex_B_simple,A,184,2028,0.8166485310119695,0.5027619597773237,0.41057981590085035,0.41057981590085035,True,True,True,False,0,184,True,budget_exhausted,1,5,7,,e81d0e587957d3f47db28c2f1f8d7009783bd1762a8db9c340cb0fa34b92096c,"{""A"": -1.0, ""B"": 1.0}",A,B
6,D19-P01,A_complex_B_simple,B,184,2026,0.8298875589408777,0.50106681279084,0.41582911413327595,0.41582911413327595,True,True,True,False,0,184,True,budget_exhausted,1,6,8,,1713742c2692c8ab2adecff68c6c009a8cfe8da4a8d36fc0e9d05db33e1a6d45,"{""A"": -1.0, ""B"": 1.0}",A,B
6,D19-P01,A_complex_B_simple,B,184,2027,0.8298875589408777,0.49792689035688875,0.41322333156930047,0.41322333156930047,True,True,True,False,0,184,True,budget_exhausted,1,6,8,,1713742c2692c8ab2adecff68c6c009a8cfe8da4a8d36fc0e9d05db33e1a6d45,"{""A"": -1.0, ""B"": 1.0}",A,B
6,D19-P01,A_complex_B_simple,B,184,2028,0.8298875589408777,0.5003754919651106,0.41525539558076635,0.41525539558076635,True,True,True,False,0,184,True,budget_exhausted,1,6,8,,1713742c2692c8ab2adecff68c6c009a8cfe8da4a8d36fc0e9d05db33e1a6d45,"{""A"": -1.0, ""B"": 1.0}",A,B
7,D19-P01,A_simple_B_complex,N,184,2026,0.8373231773667029,0.47914992585855054,0.4012033383549017,0.4012033383549017,True,True,True,False,0,184,True,budget_exhausted,1,7,9,,a7a7bdd7060690ce885cf4abd6e469d030de61fbffe92086f8645589fcbb6903,"{""A"": 1.0, ""B"": -1.0}",B,A
7,D19-P01,A_simple_B_complex,N,184,2027,0.8373231773667029,0.47926194775976305,0.4012971368891596,0.4012971368891596,True,True,True,False,0,184,True,budget_exhausted,1,7,9,,a7a7bdd7060690ce885cf4abd6e469d030de61fbffe92086f8645589fcbb6903,"{""A"": 1.0, ""B"": -1.0}",B,A
7,D19-P01,A_simple_B_complex,N,184,2028,0.8373231773667029,0.4793805503117215,0.40139644555480924,0.40139644555480924,True,True,True,False,0,184,True,budget_exhausted,1,7,9,,a7a7bdd7060690ce885cf4abd6e469d030de61fbffe92086f8645589fcbb6903,"{""A"": 1.0, ""B"": -1.0}",B,A
8,D19-P01,A_simple_B_complex,A,184,2026,0.8164671744649982,0.5089688896675547,0.4155563912374558,0.4155563912374558,True,True,True,False,0,184,True,budget_exhausted,1,8,10,,e81d0e587957d3f47db28c2f1f8d7009783bd1762a8db9c340cb0fa34b92096c,"{""A"": 1.0, ""B"": -1.0}",B,A
8,D19-P01,A_simple_B_complex,A,184,2027,0.8164671744649982,0.5068270851997115,0.41380767819533937,0.41380767819533937,True,True,True,False,0,184,True,budget_exhausted,1,8,10,,e81d0e587957d3f47db28c2f1f8d7009783bd1762a8db9c340cb0fa34b92096c,"{""A"": 1.0, ""B"": -1.0}",B,A
8,D19-P01,A_simple_B_complex,A,184,2028,0.8164671744649982,0.5028962851612452,0.41059830899454586,0.41059830899454586,True,True,True,False,0,184,True,budget_exhausted,1,8,10,,e81d0e587957d3f47db28c2f1f8d7009783bd1762a8db9c340cb0fa34b92096c,"{""A"": 1.0, ""B"": -1.0}",B,A
9,D19-P01,A_simple_B_complex,B,184,2026,0.8298875589408777,0.4941448358187228,0.4100846515608407,0.4100846515608407,True,True,True,False,0,184,True,budget_exhausted,1,9,11,,1713742c2692c8ab2adecff68c6c009a8cfe8da4a8d36fc0e9d05db33e1a6d45,"{""A"": 1.0, ""B"": -1.0}",B,A
9,D19-P01,A_simple_B_complex,B,184,2027,0.8298875589408777,0.4945345243545236,0.41040804922856366,0.41040804922856366,True,True,True,False,0,184,True,budget_exhausted,1,9,11,,1713742c2692c8ab2adecff68c6c009a8cfe8da4a8d36fc0e9d05db33e1a6d45,"{""A"": 1.0, ""B"": -1.0}",B,A
9,D19-P01,A_simple_B_complex,B,184,2028,0.8298875589408777,0.4950322773390008,0.410821128237807,0.410821128237807,True,True,True,False,0,184,True,budget_exhausted,1,9,11,,1713742c2692c8ab2adecff68c6c009a8cfe8da4a8d36fc0e9d05db33e1a6d45,"{""A"": 1.0, ""B"": -1.0}",B,A
