index,parent,assignment,first_option,budget,action_id,reference_seed,C,Q,J,eligible,missing_asset_count
0,D19-P00,A_complex_B_simple,N,160,0,2026,0.27090549233052946,0.14266182369513095,0.03864787158490064,False,4
0,D19-P00,A_complex_B_simple,N,160,20,2026,0.34982681840672936,0.18478229777774344,0.06464180332947285,False,4
0,D19-P00,A_complex_B_simple,N,160,40,2026,0.5571499257793172,0.30886470852951625,0.17208394943307043,False,3
0,D19-P00,A_complex_B_simple,N,160,60,2026,0.6417615042058387,0.37849477089052214,0.24290337350074576,False,2
0,D19-P00,A_complex_B_simple,N,160,80,2026,0.7516081147946561,0.41779825716548324,0.31402056043264176,False,2
0,D19-P00,A_complex_B_simple,N,160,100,2026,0.7555665512122711,0.418730831003394,0.31637900986748274,False,2
0,D19-P00,A_complex_B_simple,N,160,120,2026,0.7615042058386937,0.41867857484387594,0.3188254956381618,False,2
0,D19-P00,A_complex_B_simple,N,160,140,2026,0.8374567046016823,0.41874801350029456,0.35068333144445746,False,2
0,D19-P00,A_complex_B_simple,N,160,160,2026,0.8399307273626917,0.4221008791024839,0.3545354984049809,True,2
1,D19-P00,A_complex_B_simple,A,160,0,2026,0.27090549233052946,0.14266182369513095,0.03864787158490064,False,4
1,D19-P00,A_complex_B_simple,A,160,20,2026,0.33572488866897576,0.18229306674119086,0.06120031953681247,False,4
1,D19-P00,A_complex_B_simple,A,160,40,2026,0.553686293913904,0.26877299671708144,0.1488159244564147,False,3
1,D19-P00,A_complex_B_simple,A,160,60,2026,0.6595744680851063,0.35287556336055587,0.23274771200377087,False,2
1,D19-P00,A_complex_B_simple,A,160,80,2026,0.7533399307273627,0.3935739221451875,0.296494951244952,False,2
1,D19-P00,A_complex_B_simple,A,160,100,2026,0.7553191489361702,0.39351365639265756,0.29722840004126266,False,2
1,D19-P00,A_complex_B_simple,A,160,120,2026,0.7553191489361702,0.3940541051870887,0.297636611364716,False,2
1,D19-P00,A_complex_B_simple,A,160,140,2026,0.8431469569520039,0.39425498317144575,0.332414889324168,False,2
1,D19-P00,A_complex_B_simple,A,160,160,2026,0.8461157842652153,0.39719579718329556,0.3360736334405915,True,2
2,D19-P00,A_simple_B_complex,N,160,0,2026,0.2714002968827313,0.14232426463763195,0.038626847676269734,False,4
2,D19-P00,A_simple_B_complex,N,160,20,2026,0.3488372093023256,0.18565425129724508,0.06476311091764364,False,4
2,D19-P00,A_simple_B_complex,N,160,40,2026,0.5561603166749134,0.31297126608638465,0.17406219845675228,False,3
2,D19-P00,A_simple_B_complex,N,160,60,2026,0.640524492825334,0.3828787152579503,0.2452431949042141,False,2
2,D19-P00,A_simple_B_complex,N,160,80,2026,0.7503711034141514,0.4221822015329115,0.31679332440606645,False,2
2,D19-P00,A_simple_B_complex,N,160,100,2026,0.7543295398317664,0.42199322050165006,0.31832195183313483,False,2
2,D19-P00,A_simple_B_complex,N,160,120,2026,0.760267194458189,0.422324784546193,0.3210796790970933,False,2
2,D19-P00,A_simple_B_complex,N,160,140,2026,0.8362196932211776,0.4220864423653998,0.35295699534761293,False,2
2,D19-P00,A_simple_B_complex,N,160,160,2026,0.838693715982187,0.4260482999763673,0.357324031895073,True,2
3,D19-P00,A_simple_B_complex,A,160,0,2026,0.2714002968827313,0.14232426463763195,0.038626847676269734,False,4
3,D19-P00,A_simple_B_complex,A,160,20,2026,0.33572488866897576,0.18236655679060929,0.06122499197547175,False,4
3,D19-P00,A_simple_B_complex,A,160,40,2026,0.5564077189510144,0.26608416315195427,0.14805128226836842,False,3
3,D19-P00,A_simple_B_complex,A,160,60,2026,0.660811479465611,0.3465918828687636,0.2290318948892794,False,2
3,D19-P00,A_simple_B_complex,A,160,80,2026,0.7545769421078674,0.3872902416533952,0.29224028625503595,False,2
3,D19-P00,A_simple_B_complex,A,160,100,2026,0.7565561603166749,0.3866218965488217,0.29250117754732724,False,2
3,D19-P00,A_simple_B_complex,A,160,120,2026,0.7565561603166749,0.3870300287812522,0.2928099525019964,False,2
3,D19-P00,A_simple_B_complex,A,160,140,2026,0.8443839683325086,0.3872799425373677,0.32701297473528845,False,2
3,D19-P00,A_simple_B_complex,A,160,160,2026,0.84735279564572,0.39058603487151006,0.3309641685885507,True,2
4,D19-P01,A_complex_B_simple,N,184,0,2026,0.22052956111715633,0.15234695903441609,0.03359700801339317,False,4
4,D19-P01,A_complex_B_simple,N,184,20,2026,0.2841857091040987,0.18437890961278539,0.05239785117214993,False,4
4,D19-P01,A_complex_B_simple,N,184,40,2026,0.4936525208560029,0.24511463213033713,0.12100145604983273,False,3
4,D19-P01,A_complex_B_simple,N,184,60,2026,0.5707290533188248,0.38332007417173414,0.21877190305013555,False,2
4,D19-P01,A_complex_B_simple,N,184,80,2026,0.6764599202031193,0.47695411225219647,0.3226403407146704,False,1
4,D19-P01,A_complex_B_simple,N,184,100,2026,0.759702575262967,0.47737912052203985,0.36266614723736396,False,1
4,D19-P01,A_complex_B_simple,N,184,120,2026,0.759702575262967,0.4768788439327581,0.36228608582414285,False,1
4,D19-P01,A_complex_B_simple,N,184,140,2026,0.7611534276387377,0.47814482251457835,0.3639415705646872,False,1
4,D19-P01,A_complex_B_simple,N,184,160,2026,0.8346028291621328,0.47814482251457835,0.39906102161989293,False,1
4,D19-P01,A_complex_B_simple,N,184,180,2026,0.8371418208197315,0.47998644180209316,0.40181672385898837,False,1
4,D19-P01,A_complex_B_simple,N,184,184,2026,0.8371418208197315,0.48106184434174976,0.40271698829915065,True,1
5,D19-P01,A_complex_B_simple,A,184,0,2026,0.22052956111715633,0.15234695903441609,0.03359700801339317,False,4
5,D19-P01,A_complex_B_simple,A,184,20,2026,0.28164671744649983,0.1848613857448629,0.052065602477651816,False,4
5,D19-P01,A_complex_B_simple,A,184,40,2026,0.4408777656873413,0.2633134613812042,0.11608905052914535,False,3
5,D19-P01,A_complex_B_simple,A,184,60,2026,0.568190061661226,0.392335873542987,0.22292134418030074,False,2
5,D19-P01,A_complex_B_simple,A,184,80,2026,0.6626768226332971,0.5001988189866685,0.3314701640510132,False,1
5,D19-P01,A_complex_B_simple,A,184,100,2026,0.7626042800145085,0.5026023938951513,0.38328673672998026,False,1
5,D19-P01,A_complex_B_simple,A,184,120,2026,0.7694958287994197,0.5023502822289335,0.3865564467713756,False,1
5,D19-P01,A_complex_B_simple,A,184,140,2026,0.7694958287994197,0.5031348087555062,0.3871601366611558,False,1
5,D19-P01,A_complex_B_simple,A,184,160,2026,0.808487486398259,0.5036235476883123,0.4071733361614973,False,1
5,D19-P01,A_complex_B_simple,A,184,180,2026,0.8166485310119695,0.5053118338317854,0.412662166801692,False,1
5,D19-P01,A_complex_B_simple,A,184,184,2026,0.8166485310119695,0.505541797993589,0.41284996669661433,True,1
6,D19-P01,A_complex_B_simple,B,184,0,2026,0.22052956111715633,0.15234695903441609,0.03359700801339317,False,4
6,D19-P01,A_complex_B_simple,B,184,20,2026,0.2771128037722162,0.183597435655197,0.0508772001598007,False,4
6,D19-P01,A_complex_B_simple,B,184,40,2026,0.4767863619876678,0.2548925900255697,0.12152931069590546,False,3
6,D19-P01,A_complex_B_simple,B,184,60,2026,0.5700036271309394,0.3945518750481136,0.22489599986873796,False,2
6,D19-P01,A_complex_B_simple,B,184,80,2026,0.6737395719985492,0.495550566846977,0.3338720268111207,False,1
6,D19-P01,A_complex_B_simple,B,184,100,2026,0.7676822633297062,0.4962755090085705,0.3809819059908014,False,1
6,D19-P01,A_complex_B_simple,B,184,120,2026,0.7700398984403337,0.4957809137538191,0.3817710844756467,False,1
6,D19-P01,A_complex_B_simple,B,184,140,2026,0.7700398984403337,0.49883872678484015,0.3841257225115037,False,1
6,D19-P01,A_complex_B_simple,B,184,160,2026,0.818462096481683,0.4989471227141711,0.408369308090144,False,1
6,D19-P01,A_complex_B_simple,B,184,180,2026,0.8298875589408777,0.5009220701279017,0.4157089939980555,False,1
6,D19-P01,A_complex_B_simple,B,184,184,2026,0.8298875589408777,0.50106681279084,0.41582911413327595,True,1
7,D19-P01,A_simple_B_complex,N,184,0,2026,0.22052956111715633,0.1509090358419337,0.03327990344283485,False,4
7,D19-P01,A_simple_B_complex,N,184,20,2026,0.28327892636924196,0.18291160874694304,0.05181500414630487,False,4
7,D19-P01,A_simple_B_complex,N,184,40,2026,0.4923830250272035,0.24674036368959207,0.1214907666697937,False,3
7,D19-P01,A_simple_B_complex,N,184,60,2026,0.5709104098657961,0.3800522144154514,0.21697576550232878,False,2
7,D19-P01,A_simple_B_complex,N,184,80,2026,0.6766412767500907,0.47383963746036284,0.32061945726598,False,1
7,D19-P01,A_simple_B_complex,N,184,100,2026,0.7598839318099383,0.4742646457302062,0.36038608371591657,False,1
7,D19-P01,A_simple_B_complex,N,184,120,2026,0.7598839318099383,0.474050636689747,0.36022346168480956,False,1
7,D19-P01,A_simple_B_complex,N,184,140,2026,0.7613347841857091,0.47577398828052586,0.3622232866887283,False,1
7,D19-P01,A_simple_B_complex,N,184,160,2026,0.8347841857091041,0.47577398828052586,0.3971686013883316,False,1
7,D19-P01,A_simple_B_complex,N,184,180,2026,0.8373231773667029,0.4782935246319377,0.4004862537587335,False,1
7,D19-P01,A_simple_B_complex,N,184,184,2026,0.8373231773667029,0.47914992585855054,0.4012033383549017,True,1
8,D19-P01,A_simple_B_complex,A,184,0,2026,0.22052956111715633,0.1509090358419337,0.03327990344283485,False,4
8,D19-P01,A_simple_B_complex,A,184,20,2026,0.28164671744649983,0.1841640690707597,0.05186920552536993,False,4
8,D19-P01,A_simple_B_complex,A,184,40,2026,0.44414218353282553,0.2612051361309046,0.11601221951116891,False,3
8,D19-P01,A_simple_B_complex,A,184,60,2026,0.5680087051142546,0.3949218311731035,0.2243190379459848,False,2
8,D19-P01,A_simple_B_complex,A,184,80,2026,0.6624954660863257,0.5025803486228985,0.3329572023067552,False,1
8,D19-P01,A_simple_B_complex,A,184,100,2026,0.7624229234675372,0.5049839235313812,0.3850113192829029,False,1
8,D19-P01,A_simple_B_complex,A,184,120,2026,0.7693144722524483,0.5050672505413502,0.38855554530221387,False,1
8,D19-P01,A_simple_B_complex,A,184,140,2026,0.7693144722524483,0.5063129663653946,0.3895138925139651,False,1
8,D19-P01,A_simple_B_complex,A,184,160,2026,0.8083061298512876,0.5065805486521322,0.4094721627389469,False,1
8,D19-P01,A_simple_B_complex,A,184,180,2026,0.8164671744649982,0.5083635743916267,0.4150621711844584,False,1
8,D19-P01,A_simple_B_complex,A,184,184,2026,0.8164671744649982,0.5089688896675547,0.4155563912374558,True,1
9,D19-P01,A_simple_B_complex,B,184,0,2026,0.22052956111715633,0.1509090358419337,0.03327990344283485,False,4
9,D19-P01,A_simple_B_complex,B,184,20,2026,0.2771128037722162,0.1809075635098956,0.050131802147827434,False,4
9,D19-P01,A_simple_B_complex,B,184,40,2026,0.4733405875952122,0.2563360003286223,0.12133423301735659,False,3
9,D19-P01,A_simple_B_complex,B,184,60,2026,0.5700036271309394,0.3911557610986042,0.22296020259936764,False,2
9,D19-P01,A_simple_B_complex,B,184,80,2026,0.6737395719985492,0.48915912078155416,0.3295658566745509,False,1
9,D19-P01,A_simple_B_complex,B,184,100,2026,0.7676822633297062,0.4898840629431476,0.3760753062093478,False,1
9,D19-P01,A_simple_B_complex,B,184,120,2026,0.7700398984403337,0.48981492004372945,0.3771770312850336,False,1
9,D19-P01,A_simple_B_complex,B,184,140,2026,0.7700398984403337,0.49262486850450055,0.3793408037123884,False,1
9,D19-P01,A_simple_B_complex,B,184,160,2026,0.818462096481683,0.49241630775856016,0.40302408358984076,False,1
9,D19-P01,A_simple_B_complex,B,184,180,2026,0.8298875589408777,0.4938821111046933,0.4098666195892413,False,1
9,D19-P01,A_simple_B_complex,B,184,184,2026,0.8298875589408777,0.4941448358187228,0.4100846515608407,True,1
