index,parent,hypothesis,method,status,eligible,C_map,P2,R2,F2,J2,P5,R5,F5,J5,P10,R10,F10,J10,paid_actions,forward_m,turns,returned,collisions,planning_s,mapping_s,sensor_s,evaluation_s,total_s,main_source,replay_source,failure_source
0,P00,0,G,complete,True,0.9574829931972789,0.80487060546875,0.66558837890625,0.728633069287458,0.6976537721238756,0.873382568359375,0.749114990234375,0.8064899336236534,0.7722003956294504,0.892730712890625,0.78076171875,0.8330004397977187,0.7975837544321694,42,26,16,True,0,0.06440984713844955,4.528499348787591,0.2775496356189251,0.7259981709066778,8.963558299001306,audit_results/v39_external_cpu_20260920/case00/result.json,audit_results/v39_external_cpu_20260920/case00/replay/result.json,
1,P00,0,S,complete,True,0.9574829931972789,0.80487060546875,0.66558837890625,0.728633069287458,0.6976537721238756,0.873382568359375,0.749114990234375,0.8064899336236534,0.7722003956294504,0.892730712890625,0.78076171875,0.8330004397977187,0.7975837544321694,42,26,16,True,0,0.10388537961989641,5.63137012696825,0.3356889528222382,0.6250641790684313,10.120242888107896,audit_results/v39_external_cpu_20260920/case01/result.json,audit_results/v39_external_cpu_20260920/case01/replay/result.json,
2,P00,0,SWAP,complete,True,0.9574829931972789,0.7733154296875,0.41204833984375,0.5376296242026994,0.5147712218131288,0.828338623046875,0.432708740234375,0.5684629657897314,0.5442936220061544,0.85076904296875,0.44537353515625,0.5846733571805395,0.5598147960759247,42,26,16,True,0,0.7985541054513305,3.285212425980717,0.27582179894670844,0.4966767020523548,8.232598399976268,audit_results/v39_external_cpu_20260920/case02/result.json,audit_results/v39_external_cpu_20260920/case02/replay/result.json,
3,P00,0,VISTA,complete,True,0.9574829931972789,0.820953369140625,0.549835205078125,0.6585830558709934,0.6305820756043695,0.867950439453125,0.5828857421875,0.6974129022761274,0.6677609931657479,0.885955810546875,0.604705810546875,0.7187984435157977,0.6882372852030512,42,28,14,True,0,0.8844486826565117,3.6678432035259902,0.2728277698624879,0.5554641489870846,8.774991251993924,audit_results/v39_external_cpu_20260920/case03/result.json,audit_results/v39_external_cpu_20260920/case03/replay/result.json,
4,P00,1,G,complete,True,0.9574829931972789,0.777923583984375,0.5513916015625,0.6453556470731507,0.6179170566363671,0.855987548828125,0.595794677734375,0.7025748303948325,0.6727034515515148,0.87969970703125,0.608856201171875,0.7196378971638464,0.6890410477946353,42,28,14,True,0,0.0625324216671288,3.932788767153397,0.271343203028664,0.5677366899326444,8.176607260014862,audit_results/v39_external_cpu_20260920/case04/result.json,audit_results/v39_external_cpu_20260920/case04/replay/result.json,
5,P00,1,S,complete,True,0.9574829931972789,0.817108154296875,0.650970458984375,0.7246386745647795,0.6938292071087939,0.878143310546875,0.724945068359375,0.7942240373897208,0.7604560085891374,0.895904541015625,0.752532958984375,0.8179839335346674,0.7832057050680573,42,26,16,True,0,0.07717604702338576,4.172504564048722,0.29721554508432746,0.5872929610777646,8.492126574972644,audit_results/v39_external_cpu_20260920/case05/result.json,audit_results/v39_external_cpu_20260920/case05/replay/result.json,
6,P00,1,SWAP,complete,True,0.9574829931972789,0.760406494140625,0.414947509765625,0.5369085060409242,0.5140807634371435,0.8326416015625,0.43701171875,0.573186603902269,0.5488164251649277,0.8568115234375,0.445281982421875,0.5860143407540517,0.5610987650417195,42,26,16,True,0,0.8391036256216466,3.4515766645781696,0.27580294315703213,0.53271489799954,8.548377069178969,audit_results/v39_external_cpu_20260920/case06/result.json,audit_results/v39_external_cpu_20260920/case06/replay/result.json,
7,P00,1,VISTA,complete,True,0.9574829931972789,0.827545166015625,0.502838134765625,0.6255659815772562,0.5989687884829851,0.8665771484375,0.51812744140625,0.6485100201071925,0.6209373151706622,0.882598876953125,0.527740478515625,0.6605263504198031,0.6324427470856279,42,28,14,True,0,1.6993577100802213,8.243191117886454,0.5454699252732098,1.3300637728534639,18.733436031034216,audit_results/v39_external_cpu_20260920/case07/result.json,audit_results/v39_external_cpu_20260920/case07/replay/result.json,
8,P01,0,G,complete,True,0.9476047904191617,0.779052734375,0.6224365234375,0.6919937100562886,0.6557365545892675,0.8631591796875,0.69091796875,0.7674936701015238,0.7272806784045877,0.884765625,0.7176513671875,0.7924944175173307,0.7509715064198658,42,28,14,True,0,0.07051905849948525,4.553248003590852,0.2840610812418163,1.070800470886752,9.445730078965425,audit_results/v39_external_cpu_20260920/case08/result.json,audit_results/v39_external_cpu_20260920/case08/replay/result.json,
9,P01,0,S,complete,True,0.9476047904191617,0.779052734375,0.6224365234375,0.6919937100562886,0.6557365545892675,0.8631591796875,0.69091796875,0.7674936701015238,0.7272806784045877,0.884765625,0.7176513671875,0.7924944175173307,0.7509715064198658,42,28,14,True,0,0.16617985209450126,9.01476086420007,0.5500747528858483,1.4019816869404167,16.9623131218832,audit_results/v39_external_cpu_20260920/case09/result.json,audit_results/v39_external_cpu_20260920/case09/replay/result.json,
10,P01,0,SWAP,complete,True,0.9476047904191617,0.7593994140625,0.53936767578125,0.6307451122769221,0.5976970899270834,0.841339111328125,0.596527099609375,0.6980921813876755,0.6615154952371236,0.862457275390625,0.623046875,0.7234598571964171,0.6855540263552875,42,28,14,True,0,2.094099562847987,7.227420261828229,0.5930778426118195,1.0403131330385804,18.899778143968433,audit_results/v39_external_cpu_20260920/case10/result.json,audit_results/v39_external_cpu_20260920/case10/replay/result.json,
11,P01,0,VISTA,complete,True,0.9476047904191617,0.73504638671875,0.486480712890625,0.5854735279028452,0.5547975197043429,0.84112548828125,0.53759765625,0.6559505335146532,0.6215818678364902,0.864898681640625,0.55340576171875,0.6749466462774005,0.6395826752898122,42,28,14,True,0,0.99334367364645,4.1510511541273445,0.30894944933243096,0.6801265850663185,9.824833935126662,audit_results/v39_external_cpu_20260920/case11/result.json,audit_results/v39_external_cpu_20260920/case11/replay/result.json,
12,P01,1,G,complete,True,0.9476047904191617,0.787567138671875,0.519744873046875,0.6262223231112892,0.5934112732476737,0.854949951171875,0.555450439453125,0.6734007296728102,0.6381177573097139,0.87646484375,0.572357177734375,0.6924949192008952,0.6562115027756986,42,28,14,True,0,0.07394900685176253,4.347743866965175,0.29567685234360397,0.5944053349085152,8.687582009006292,audit_results/v39_external_cpu_20260920/case12/result.json,audit_results/v39_external_cpu_20260920/case12/replay/result.json,
13,P01,1,S,complete,True,0.9476047904191617,0.783721923828125,0.62445068359375,0.6950791238268467,0.6586603074586735,0.86334228515625,0.68450927734375,0.7635949312324404,0.7235862147756509,0.8822021484375,0.703521728515625,0.7827950242654947,0.7417803149102667,42,28,14,True,0,0.1469776234589517,9.033244607271627,0.5368399303406477,0.660101065877825,17.74755450990051,audit_results/v39_external_cpu_20260920/case13/result.json,audit_results/v39_external_cpu_20260920/case13/replay/result.json,
14,P01,1,SWAP,complete,True,0.9476047904191617,0.728851318359375,0.397186279296875,0.5141742050218042,0.48723393978862584,0.821197509765625,0.42926025390625,0.5638054507559869,0.5342647460008079,0.845184326171875,0.4410400390625,0.5796191369177374,0.5492498707618679,42,28,14,True,0,1.2959792811889201,5.003194705117494,0.3692730257753283,0.6156848878599703,11.124073049984872,audit_results/v39_external_cpu_20260920/case14/result.json,audit_results/v39_external_cpu_20260920/case14/replay/result.json,
15,P01,1,VISTA,complete,True,0.9476047904191617,0.768463134765625,0.54022216796875,0.6344394940475757,0.6011979037905919,0.841217041015625,0.58453369140625,0.6897695243311407,0.6536289055413355,0.862396240234375,0.60540771484375,0.7114047285181833,0.6741305286706737,42,28,14,True,0,1.977565410779789,9.667723573045805,0.5918910491745919,1.5477007240988314,21.124381952919066,audit_results/v39_external_cpu_20260920/case15/result.json,audit_results/v39_external_cpu_20260920/case15/replay/result.json,
