case,paid_step,instance_id,informative,old_applied,new_applied,rescued,new_reason,policy,legacy_eligible,association_cache_full,legacy_novel_support_frame_count,legacy_support_frame_capacity_exhausted,successful_feedback_count_before,successful_feedback_capacity,new_feedback_view,novel_fraction,rescue_translation_m,rescue_rotation_deg,cache_rescue_eligible,reason
core_P00_nom_S_b120_lexicographic,38,instance_0000,True,False,True,True,novel_paid_geometry_applied_after_cache_full,article_cache_independent_geometry_v1,False,True,9,False,0,32,True,0.24085365853658536,0.25,30.0,True,novel_paid_view_after_association_cache_full
core_P00_nom_S_b120_lexicographic,39,instance_0000,True,False,True,True,novel_paid_geometry_applied_after_cache_full,article_cache_independent_geometry_v1,False,True,9,False,1,32,True,0.09217101610216547,0.25,30.0,True,novel_paid_view_after_association_cache_full
core_P00_nom_S_b120_lexicographic,43,instance_0000,False,False,False,False,uninformative_cache_rescue_not_accumulated,article_cache_independent_geometry_v1,False,True,9,False,2,32,True,0.421259842519685,0.25,30.0,True,novel_paid_view_after_association_cache_full
core_P00_nom_S_b120_lexicographic,44,instance_0000,False,False,False,False,uninformative_cache_rescue_not_accumulated,article_cache_independent_geometry_v1,False,True,9,False,2,32,True,0.41338582677165353,0.25,30.0,True,novel_paid_view_after_association_cache_full
core_P00_nom_S_b120_lexicographic,48,instance_0000,True,False,False,False,repeated_support_or_feedback_or_history_cap,article_cache_independent_geometry_v1,False,True,9,False,2,32,False,,0.25,30.0,False,previously_used_or_nearby_feedback_view
core_P00_nom_S_b120_lexicographic,49,instance_0000,True,False,False,False,repeated_support_or_feedback_or_history_cap,article_cache_independent_geometry_v1,False,True,9,False,2,32,False,,0.25,30.0,False,previously_used_or_nearby_feedback_view
core_P00_nom_S_b120_lexicographic,51,instance_0000,True,False,True,True,novel_paid_geometry_applied_after_cache_full,article_cache_independent_geometry_v1,False,True,9,False,2,32,True,0.10911307528192624,0.25,30.0,True,novel_paid_view_after_association_cache_full
core_P00_nom_S_b120_lexicographic,56,instance_0000,True,False,True,True,novel_paid_geometry_applied_after_cache_full,article_cache_independent_geometry_v1,False,True,9,False,3,32,True,0.38078902229845624,0.25,30.0,True,novel_paid_view_after_association_cache_full
core_P00_nom_S_b120_lexicographic,57,instance_0000,False,False,False,False,uninformative_cache_rescue_not_accumulated,article_cache_independent_geometry_v1,False,True,9,False,4,32,True,0.5138282387190685,0.25,30.0,True,novel_paid_view_after_association_cache_full
core_P00_nom_S_b120_lexicographic,58,instance_0000,False,False,False,False,uninformative_cache_rescue_not_accumulated,article_cache_independent_geometry_v1,False,True,9,False,4,32,True,0.622568093385214,0.25,30.0,True,novel_paid_view_after_association_cache_full
core_P00_nom_S_b120_lexicographic,59,instance_0000,False,False,False,False,uninformative_cache_rescue_not_accumulated,article_cache_independent_geometry_v1,False,True,9,False,4,32,True,0.9762611275964391,0.25,30.0,True,novel_paid_view_after_association_cache_full
core_P00_nom_S_b120_lexicographic,62,instance_0000,False,False,False,False,uninformative_cache_rescue_not_accumulated,article_cache_independent_geometry_v1,False,True,9,False,4,32,True,0.946927374301676,0.25,30.0,True,novel_paid_view_after_association_cache_full
core_P00_nom_S_b120_lexicographic,63,instance_0000,False,False,False,False,uninformative_cache_rescue_not_accumulated,article_cache_independent_geometry_v1,False,True,9,False,4,32,True,0.5063731170336037,0.25,30.0,True,novel_paid_view_after_association_cache_full
core_P00_nom_S_b120_lexicographic,64,instance_0000,True,False,True,True,novel_paid_geometry_applied_after_cache_full,article_cache_independent_geometry_v1,False,True,9,False,4,32,True,0.1466403162055336,0.25,30.0,True,novel_paid_view_after_association_cache_full
core_P00_nom_S_b120_lexicographic,65,instance_0000,True,False,True,True,novel_paid_geometry_applied_after_cache_full,article_cache_independent_geometry_v1,False,True,9,False,5,32,True,0.19510022271714922,0.25,30.0,True,novel_paid_view_after_association_cache_full
core_P00_nom_S_b120_lexicographic,66,instance_0000,True,False,True,True,novel_paid_geometry_applied_after_cache_full,article_cache_independent_geometry_v1,False,True,9,False,6,32,True,0.2893569844789357,0.25,30.0,True,novel_paid_view_after_association_cache_full
core_P00_nom_S_b120_lexicographic,68,instance_0000,False,False,False,False,uninformative_cache_rescue_not_accumulated,article_cache_independent_geometry_v1,False,True,9,False,7,32,True,0.9395465994962217,0.25,30.0,True,novel_paid_view_after_association_cache_full
core_P00_nom_S_b120_lexicographic,75,instance_0000,False,False,False,False,uninformative_cache_rescue_not_accumulated,article_cache_independent_geometry_v1,False,True,9,False,7,32,True,0.8660130718954249,0.25,30.0,True,novel_paid_view_after_association_cache_full
core_P00_nom_S_b120_lexicographic,83,instance_0002,True,False,True,True,novel_paid_geometry_applied_after_cache_full,article_cache_independent_geometry_v1,False,True,6,False,0,32,True,0.16627945569200134,0.25,30.0,True,novel_paid_view_after_association_cache_full
core_P00_nom_S_b120_lexicographic,86,instance_0000,True,False,True,True,novel_paid_geometry_applied_after_cache_full,article_cache_independent_geometry_v1,False,True,9,False,7,32,True,0.39135514018691586,0.25,30.0,True,novel_paid_view_after_association_cache_full
core_P00_nom_S_b120_lexicographic,86,instance_0002,True,False,True,True,novel_paid_geometry_applied_after_cache_full,article_cache_independent_geometry_v1,False,True,6,False,1,32,True,0.15857988165680473,0.25,30.0,True,novel_paid_view_after_association_cache_full
core_P00_nom_S_b120_lexicographic,89,instance_0000,True,False,False,False,repeated_support_or_feedback_or_history_cap,article_cache_independent_geometry_v1,False,True,9,False,8,32,False,,0.25,30.0,False,previously_used_or_nearby_feedback_view
core_P00_nom_S_b120_lexicographic,89,instance_0002,True,False,False,False,repeated_support_or_feedback_or_history_cap,article_cache_independent_geometry_v1,False,True,6,False,2,32,False,,0.25,30.0,False,previously_used_or_nearby_feedback_view
core_P00_nom_S_b120_lexicographic,90,instance_0000,False,False,False,False,uninformative_cache_rescue_not_accumulated,article_cache_independent_geometry_v1,False,True,9,False,8,32,True,0.5108225108225108,0.25,30.0,True,novel_paid_view_after_association_cache_full
core_P00_nom_S_b120_lexicographic,90,instance_0002,True,False,True,True,novel_paid_geometry_applied_after_cache_full,article_cache_independent_geometry_v1,False,True,6,False,2,32,True,0.1964788732394366,0.25,30.0,True,novel_paid_view_after_association_cache_full
core_P00_nom_S_b120_lexicographic,91,instance_0000,False,False,False,False,uninformative_cache_rescue_not_accumulated,article_cache_independent_geometry_v1,False,True,9,False,8,32,True,0.6239015817223199,0.25,30.0,True,novel_paid_view_after_association_cache_full
core_P00_nom_S_b120_lexicographic,91,instance_0002,True,False,True,True,novel_paid_geometry_applied_after_cache_full,article_cache_independent_geometry_v1,False,True,6,False,3,32,True,0.24183006535947713,0.25,30.0,True,novel_paid_view_after_association_cache_full
core_P00_nom_S_b120_lexicographic,92,instance_0000,False,False,False,False,uninformative_cache_rescue_not_accumulated,article_cache_independent_geometry_v1,False,True,9,False,8,32,True,0.7043478260869566,0.25,30.0,True,novel_paid_view_after_association_cache_full
core_P00_nom_S_b120_lexicographic,92,instance_0002,True,False,True,True,novel_paid_geometry_applied_after_cache_full,article_cache_independent_geometry_v1,False,True,6,False,4,32,True,0.3701399688958009,0.25,30.0,True,novel_paid_view_after_association_cache_full
core_P00_nom_S_b120_lexicographic,93,instance_0000,False,False,False,False,uninformative_cache_rescue_not_accumulated,article_cache_independent_geometry_v1,False,True,9,False,8,32,True,0.7989276139410187,0.25,30.0,True,novel_paid_view_after_association_cache_full
core_P00_nom_S_b120_lexicographic,94,instance_0000,False,False,False,False,uninformative_cache_rescue_not_accumulated,article_cache_independent_geometry_v1,False,True,9,False,8,32,True,0.7897574123989218,0.25,30.0,True,novel_paid_view_after_association_cache_full
core_P00_nom_S_b120_lexicographic,95,instance_0000,False,False,False,False,uninformative_cache_rescue_not_accumulated,article_cache_independent_geometry_v1,False,True,9,False,8,32,True,0.988,0.25,30.0,True,novel_paid_view_after_association_cache_full
core_P00_nom_S_b120_lexicographic,105,instance_0002,True,False,True,True,novel_paid_geometry_applied_after_cache_full,article_cache_independent_geometry_v1,False,True,6,False,5,32,True,0.5026455026455027,0.25,30.0,True,novel_paid_view_after_association_cache_full
core_P00_nom_S_b120_lexicographic,119,instance_0002,False,False,False,False,uninformative_cache_rescue_not_accumulated,article_cache_independent_geometry_v1,False,True,6,False,6,32,True,0.73,0.25,30.0,True,novel_paid_view_after_association_cache_full
core_P01_nom_S_b120_lexicographic,0,instance_0000,True,True,True,False,paid_novel_support_applied,article_cache_independent_geometry_v1,True,False,1,False,0,32,True,,0.25,30.0,False,legacy_eligibility_preserved
core_P01_nom_S_b120_lexicographic,1,instance_0000,True,True,True,False,paid_novel_support_applied,article_cache_independent_geometry_v1,True,False,2,False,1,32,True,,0.25,30.0,False,legacy_eligibility_preserved
core_P01_nom_S_b120_lexicographic,2,instance_0000,True,True,True,False,paid_novel_support_applied,article_cache_independent_geometry_v1,True,False,3,False,2,32,False,,0.25,30.0,False,legacy_eligibility_preserved
core_P01_nom_S_b120_lexicographic,3,instance_0000,True,True,True,False,paid_novel_support_applied,article_cache_independent_geometry_v1,True,False,4,False,3,32,True,,0.25,30.0,False,legacy_eligibility_preserved
core_P01_nom_S_b120_lexicographic,5,instance_0000,True,True,True,False,paid_novel_support_applied,article_cache_independent_geometry_v1,True,False,5,False,4,32,True,,0.25,30.0,False,legacy_eligibility_preserved
core_P01_nom_S_b120_lexicographic,6,instance_0000,True,True,True,False,paid_novel_support_applied,article_cache_independent_geometry_v1,True,False,6,False,5,32,True,,0.25,30.0,False,legacy_eligibility_preserved
core_P01_nom_S_b120_lexicographic,8,instance_0000,False,True,True,False,paid_novel_support_applied,article_cache_independent_geometry_v1,True,True,7,False,6,32,True,,0.25,30.0,False,legacy_eligibility_preserved
core_P01_nom_S_b120_lexicographic,9,instance_0000,False,False,False,False,uninformative_cache_rescue_not_accumulated,article_cache_independent_geometry_v1,False,True,7,False,7,32,True,0.2059718799826062,0.25,30.0,True,novel_paid_view_after_association_cache_full
core_P01_nom_S_b120_lexicographic,22,instance_0000,True,False,True,True,novel_paid_geometry_applied_after_cache_full,article_cache_independent_geometry_v1,False,True,7,False,7,32,True,0.9641791044776119,0.25,30.0,True,novel_paid_view_after_association_cache_full
core_P01_nom_S_b120_lexicographic,24,instance_0000,True,False,True,True,novel_paid_geometry_applied_after_cache_full,article_cache_independent_geometry_v1,False,True,7,False,8,32,True,0.2156229825693996,0.25,30.0,True,novel_paid_view_after_association_cache_full
core_P01_nom_S_b120_lexicographic,25,instance_0000,True,False,True,True,novel_paid_geometry_applied_after_cache_full,article_cache_independent_geometry_v1,False,True,7,False,9,32,True,0.2558139534883721,0.25,30.0,True,novel_paid_view_after_association_cache_full
core_P01_nom_S_b120_lexicographic,38,instance_0000,True,False,True,True,novel_paid_geometry_applied_after_cache_full,article_cache_independent_geometry_v1,False,True,7,False,10,32,True,0.8165680473372781,0.25,30.0,True,novel_paid_view_after_association_cache_full
core_P01_nom_S_b120_lexicographic,78,instance_0000,True,False,True,True,novel_paid_geometry_applied_after_cache_full,article_cache_independent_geometry_v1,False,True,7,False,11,32,True,0.8809523809523809,0.25,30.0,True,novel_paid_view_after_association_cache_full
core_P01_nom_S_b120_lexicographic,79,instance_0000,True,False,True,True,novel_paid_geometry_applied_after_cache_full,article_cache_independent_geometry_v1,False,True,7,False,12,32,True,0.9754098360655737,0.25,30.0,True,novel_paid_view_after_association_cache_full
core_P01_nom_S_b120_lexicographic,91,instance_0000,True,False,True,True,novel_paid_geometry_applied_after_cache_full,article_cache_independent_geometry_v1,False,True,7,False,13,32,True,0.5981524249422633,0.25,30.0,True,novel_paid_view_after_association_cache_full
core_P01_nom_S_b120_lexicographic,103,instance_0000,False,False,False,False,uninformative_cache_rescue_not_accumulated,article_cache_independent_geometry_v1,False,True,7,False,14,32,True,0.6865431103948428,0.25,30.0,True,novel_paid_view_after_association_cache_full
core_P01_nom_S_b120_lexicographic,108,instance_0000,False,False,False,False,uninformative_cache_rescue_not_accumulated,article_cache_independent_geometry_v1,False,True,7,False,14,32,True,0.6869983948635634,0.25,30.0,True,novel_paid_view_after_association_cache_full
core_P01_nom_S_b120_lexicographic,109,instance_0000,False,False,False,False,uninformative_cache_rescue_not_accumulated,article_cache_independent_geometry_v1,False,True,7,False,14,32,True,0.8126142595978062,0.25,30.0,True,novel_paid_view_after_association_cache_full
core_P01_nom_S_b120_lexicographic,116,instance_0000,False,False,False,False,uninformative_cache_rescue_not_accumulated,article_cache_independent_geometry_v1,False,True,7,False,14,32,True,0.2477552377785168,0.25,30.0,True,novel_paid_view_after_association_cache_full
core_P01_nom_S_b120_lexicographic,117,instance_0000,True,False,False,False,repeated_support_or_feedback_or_history_cap,article_cache_independent_geometry_v1,False,True,7,False,14,32,False,,0.25,30.0,False,previously_used_or_nearby_feedback_view
core_P01_nom_S_b120_lexicographic,118,instance_0000,True,False,False,False,repeated_support_or_feedback_or_history_cap,article_cache_independent_geometry_v1,False,True,7,False,14,32,False,,0.25,30.0,False,previously_used_or_nearby_feedback_view
core_P01_nom_S_b120_lexicographic,119,instance_0000,True,False,False,False,repeated_support_or_feedback_or_history_cap,article_cache_independent_geometry_v1,False,True,7,False,14,32,False,,0.25,30.0,False,previously_used_or_nearby_feedback_view
core_P02_nom_S_b120_lexicographic,43,instance_0000,True,True,True,False,paid_novel_support_applied,article_cache_independent_geometry_v1,True,False,4,False,0,32,True,,0.25,30.0,False,legacy_eligibility_preserved
core_P02_nom_S_b120_lexicographic,44,instance_0000,True,True,True,False,paid_novel_support_applied,article_cache_independent_geometry_v1,True,False,5,False,1,32,True,,0.25,30.0,False,legacy_eligibility_preserved
core_P02_nom_S_b120_lexicographic,45,instance_0000,True,False,False,False,repeated_support_or_feedback_or_history_cap,article_cache_independent_geometry_v1,False,False,5,False,2,32,False,,0.25,30.0,False,not_blocked_by_full_association_cache
core_P02_nom_S_b120_lexicographic,46,instance_0000,True,True,True,False,paid_novel_support_applied,article_cache_independent_geometry_v1,True,False,6,False,2,32,True,,0.25,30.0,False,legacy_eligibility_preserved
core_P02_nom_S_b120_lexicographic,48,instance_0000,True,False,False,False,repeated_support_or_feedback_or_history_cap,article_cache_independent_geometry_v1,False,False,6,False,3,32,True,,0.25,30.0,False,not_blocked_by_full_association_cache
core_P02_nom_S_b120_lexicographic,49,instance_0000,True,False,False,False,repeated_support_or_feedback_or_history_cap,article_cache_independent_geometry_v1,False,False,6,False,3,32,True,,0.25,30.0,False,not_blocked_by_full_association_cache
core_P02_nom_S_b120_lexicographic,53,instance_0000,True,False,False,False,repeated_support_or_feedback_or_history_cap,article_cache_independent_geometry_v1,False,False,6,False,3,32,True,,0.25,30.0,False,not_blocked_by_full_association_cache
core_P02_nom_S_b120_lexicographic,55,instance_0000,True,False,False,False,repeated_support_or_feedback_or_history_cap,article_cache_independent_geometry_v1,False,False,6,False,3,32,True,,0.25,30.0,False,not_blocked_by_full_association_cache
core_P02_nom_S_b120_lexicographic,70,instance_0001,True,False,False,False,repeated_support_or_feedback_or_history_cap,article_cache_independent_geometry_v1,False,False,6,False,0,32,True,,0.25,30.0,False,not_blocked_by_full_association_cache
core_P02_nom_S_b120_lexicographic,71,instance_0001,True,True,True,False,paid_novel_support_applied,article_cache_independent_geometry_v1,True,True,7,False,0,32,True,,0.25,30.0,False,legacy_eligibility_preserved
core_P02_nom_S_b120_lexicographic,72,instance_0001,True,False,False,False,repeated_support_or_feedback_or_history_cap,article_cache_independent_geometry_v1,False,True,7,False,1,32,False,,0.25,30.0,False,previously_used_or_nearby_feedback_view
core_P02_nom_S_b120_lexicographic,75,instance_0001,True,False,False,False,repeated_support_or_feedback_or_history_cap,article_cache_independent_geometry_v1,False,True,7,False,1,32,False,,0.25,30.0,False,previously_used_or_nearby_feedback_view
core_P02_nom_S_b120_lexicographic,76,instance_0001,True,False,False,False,repeated_support_or_feedback_or_history_cap,article_cache_independent_geometry_v1,False,True,7,False,1,32,True,0.0,0.25,30.0,False,insufficient_novel_measured_support
core_P02_nom_S_b120_lexicographic,77,instance_0001,True,False,False,False,repeated_support_or_feedback_or_history_cap,article_cache_independent_geometry_v1,False,True,7,False,1,32,True,0.0,0.25,30.0,False,insufficient_novel_measured_support
core_P02_nom_S_b120_lexicographic,80,instance_0001,False,False,False,False,uninformative_cache_rescue_not_accumulated,article_cache_independent_geometry_v1,False,True,7,False,1,32,True,0.5085789705235372,0.25,30.0,True,novel_paid_view_after_association_cache_full
core_P02_nom_S_b120_lexicographic,81,instance_0001,False,False,False,False,uninformative_cache_rescue_not_accumulated,article_cache_independent_geometry_v1,False,True,7,False,1,32,True,0.8608534322820037,0.25,30.0,True,novel_paid_view_after_association_cache_full
core_P02_nom_S_b120_lexicographic,92,instance_0001,False,False,False,False,uninformative_cache_rescue_not_accumulated,article_cache_independent_geometry_v1,False,True,7,False,1,32,True,0.9435483870967742,0.25,30.0,True,novel_paid_view_after_association_cache_full
core_P02_nom_S_b120_lexicographic,93,instance_0001,False,False,False,False,uninformative_cache_rescue_not_accumulated,article_cache_independent_geometry_v1,False,True,7,False,1,32,True,0.5366717248356095,0.25,30.0,True,novel_paid_view_after_association_cache_full
core_P02_nom_S_b120_lexicographic,94,instance_0001,False,False,False,False,uninformative_cache_rescue_not_accumulated,article_cache_independent_geometry_v1,False,True,7,False,1,32,True,0.5466666666666666,0.25,30.0,True,novel_paid_view_after_association_cache_full
core_P02_nom_S_b120_lexicographic,95,instance_0001,False,False,False,False,uninformative_cache_rescue_not_accumulated,article_cache_independent_geometry_v1,False,True,7,False,1,32,True,0.6125064069707842,0.25,30.0,True,novel_paid_view_after_association_cache_full
core_P02_nom_S_b120_lexicographic,96,instance_0001,False,False,False,False,uninformative_cache_rescue_not_accumulated,article_cache_independent_geometry_v1,False,True,7,False,1,32,True,0.6996919917864476,0.25,30.0,True,novel_paid_view_after_association_cache_full
core_P02_nom_S_b120_lexicographic,98,instance_0001,False,False,False,False,uninformative_cache_rescue_not_accumulated,article_cache_independent_geometry_v1,False,True,7,False,1,32,True,0.6090150250417362,0.25,30.0,True,novel_paid_view_after_association_cache_full
core_P02_nom_S_b120_lexicographic,100,instance_0001,True,False,True,True,novel_paid_geometry_applied_after_cache_full,article_cache_independent_geometry_v1,False,True,7,False,1,32,True,0.4263934016495876,0.25,30.0,True,novel_paid_view_after_association_cache_full
core_P02_nom_S_b120_lexicographic,101,instance_0001,True,False,False,False,repeated_support_or_feedback_or_history_cap,article_cache_independent_geometry_v1,False,True,7,False,2,32,False,,0.25,30.0,False,previously_used_or_nearby_feedback_view
core_P02_nom_S_b120_lexicographic,102,instance_0001,True,False,True,True,novel_paid_geometry_applied_after_cache_full,article_cache_independent_geometry_v1,False,True,7,False,2,32,True,0.42559074912016087,0.25,30.0,True,novel_paid_view_after_association_cache_full
core_P02_nom_S_b120_lexicographic,103,instance_0001,True,False,True,True,novel_paid_geometry_applied_after_cache_full,article_cache_independent_geometry_v1,False,True,7,False,3,32,True,0.4353724084975685,0.25,30.0,True,novel_paid_view_after_association_cache_full
core_P02_nom_S_b120_lexicographic,105,instance_0001,True,False,True,True,novel_paid_geometry_applied_after_cache_full,article_cache_independent_geometry_v1,False,True,7,False,4,32,True,0.5419513528286417,0.25,30.0,True,novel_paid_view_after_association_cache_full
core_P02_nom_S_b120_lexicographic,106,instance_0001,True,False,False,False,repeated_support_or_feedback_or_history_cap,article_cache_independent_geometry_v1,False,True,7,False,5,32,False,,0.25,30.0,False,previously_used_or_nearby_feedback_view
core_P02_nom_S_b120_lexicographic,107,instance_0001,True,False,True,True,novel_paid_geometry_applied_after_cache_full,article_cache_independent_geometry_v1,False,True,7,False,5,32,True,0.635305528612997,0.25,30.0,True,novel_paid_view_after_association_cache_full
core_P02_nom_S_b120_lexicographic,108,instance_0001,True,False,True,True,novel_paid_geometry_applied_after_cache_full,article_cache_independent_geometry_v1,False,True,7,False,6,32,True,0.7616959064327485,0.25,30.0,True,novel_paid_view_after_association_cache_full
core_P02_nom_S_b120_lexicographic,109,instance_0001,True,False,True,True,novel_paid_geometry_applied_after_cache_full,article_cache_independent_geometry_v1,False,True,7,False,7,32,True,0.8916666666666667,0.25,30.0,True,novel_paid_view_after_association_cache_full
core_P02_nom_S_b120_lexicographic,116,instance_0000,True,True,True,False,paid_novel_support_applied,article_cache_independent_geometry_v1,True,False,7,False,3,32,True,,0.25,30.0,False,legacy_eligibility_preserved
core_P02_nom_S_b120_lexicographic,117,instance_0001,True,False,True,True,novel_paid_geometry_applied_after_cache_full,article_cache_independent_geometry_v1,False,True,7,False,8,32,True,0.9189082278481012,0.25,30.0,True,novel_paid_view_after_association_cache_full
core_P03_nom_S_b120_lexicographic,80,instance_0000,True,False,True,True,novel_paid_geometry_applied_after_cache_full,article_cache_independent_geometry_v1,False,True,9,False,0,32,True,0.38263473053892216,0.25,30.0,True,novel_paid_view_after_association_cache_full
core_P03_nom_S_b120_lexicographic,82,instance_0000,False,False,False,False,uninformative_cache_rescue_not_accumulated,article_cache_independent_geometry_v1,False,True,9,False,1,32,True,0.5375175315568023,0.25,30.0,True,novel_paid_view_after_association_cache_full
core_P03_nom_S_b120_lexicographic,83,instance_0000,False,False,False,False,uninformative_cache_rescue_not_accumulated,article_cache_independent_geometry_v1,False,True,9,False,1,32,True,0.6018433179723502,0.25,30.0,True,novel_paid_view_after_association_cache_full
core_P03_nom_S_b120_lexicographic,85,instance_0000,False,False,False,False,uninformative_cache_rescue_not_accumulated,article_cache_independent_geometry_v1,False,True,9,False,1,32,True,0.4965034965034965,0.25,30.0,True,novel_paid_view_after_association_cache_full
core_P05_nom_S_b120_lexicographic,75,instance_0002,True,True,True,False,paid_novel_support_applied,article_cache_independent_geometry_v1,True,False,5,False,0,32,True,,0.25,30.0,False,legacy_eligibility_preserved
core_P05_nom_S_b120_lexicographic,76,instance_0002,True,True,True,False,paid_novel_support_applied,article_cache_independent_geometry_v1,True,False,6,False,1,32,True,,0.25,30.0,False,legacy_eligibility_preserved
core_P05_nom_S_b120_lexicographic,79,instance_0002,False,True,True,False,paid_novel_support_applied,article_cache_independent_geometry_v1,True,False,7,False,2,32,True,,0.25,30.0,False,legacy_eligibility_preserved
core_P05_nom_S_b120_lexicographic,81,instance_0002,False,True,True,False,paid_novel_support_applied,article_cache_independent_geometry_v1,True,True,8,False,3,32,True,,0.25,30.0,False,legacy_eligibility_preserved
core_P05_nom_S_b120_lexicographic,82,instance_0002,False,False,False,False,repeated_support_or_feedback_or_history_cap,article_cache_independent_geometry_v1,False,True,8,False,4,32,False,,0.25,30.0,False,previously_used_or_nearby_feedback_view
core_P05_nom_S_b120_lexicographic,83,instance_0002,False,False,False,False,uninformative_cache_rescue_not_accumulated,article_cache_independent_geometry_v1,False,True,8,False,4,32,True,0.5419063270336894,0.25,30.0,True,novel_paid_view_after_association_cache_full
core_P05_nom_S_b120_lexicographic,84,instance_0002,False,False,False,False,uninformative_cache_rescue_not_accumulated,article_cache_independent_geometry_v1,False,True,8,False,4,32,True,0.603728679095597,0.25,30.0,True,novel_paid_view_after_association_cache_full
core_P05_nom_S_b120_lexicographic,85,instance_0002,False,False,False,False,uninformative_cache_rescue_not_accumulated,article_cache_independent_geometry_v1,False,True,8,False,4,32,True,0.6930509104422148,0.25,30.0,True,novel_paid_view_after_association_cache_full
core_P05_nom_S_b120_lexicographic,86,instance_0002,False,False,False,False,uninformative_cache_rescue_not_accumulated,article_cache_independent_geometry_v1,False,True,8,False,4,32,True,0.7243133265513734,0.25,30.0,True,novel_paid_view_after_association_cache_full
core_P05_nom_S_b120_lexicographic,89,instance_0002,True,False,True,True,novel_paid_geometry_applied_after_cache_full,article_cache_independent_geometry_v1,False,True,8,False,4,32,True,0.49240121580547114,0.25,30.0,True,novel_paid_view_after_association_cache_full
core_P05_nom_S_b120_lexicographic,90,instance_0002,True,False,True,True,novel_paid_geometry_applied_after_cache_full,article_cache_independent_geometry_v1,False,True,8,False,5,32,True,0.5039424065821049,0.25,30.0,True,novel_paid_view_after_association_cache_full
core_P05_nom_S_b120_lexicographic,91,instance_0002,True,False,True,True,novel_paid_geometry_applied_after_cache_full,article_cache_independent_geometry_v1,False,True,8,False,6,32,True,0.5361736334405145,0.25,30.0,True,novel_paid_view_after_association_cache_full
core_P05_nom_S_b120_lexicographic,92,instance_0002,True,False,True,True,novel_paid_geometry_applied_after_cache_full,article_cache_independent_geometry_v1,False,True,8,False,7,32,True,0.6399253731343284,0.25,30.0,True,novel_paid_view_after_association_cache_full
core_P05_nom_S_b120_lexicographic,93,instance_0002,False,False,False,False,uninformative_cache_rescue_not_accumulated,article_cache_independent_geometry_v1,False,True,8,False,8,32,True,0.8410672853828306,0.25,30.0,True,novel_paid_view_after_association_cache_full
core_P05_nom_S_b120_lexicographic,94,instance_0002,False,False,False,False,uninformative_cache_rescue_not_accumulated,article_cache_independent_geometry_v1,False,True,8,False,8,32,True,0.9802816901408451,0.25,30.0,True,novel_paid_view_after_association_cache_full
