pair_id,phase,protocol_sha256,scene_id,budget,noise_seed,left_method,right_method,left_run,right_run,left_status,right_status,status,left_C_nav,right_C_nav,delta_C_nav,left_P,right_P,delta_P,left_R,right_R,delta_R,left_F1,right_F1,delta_F1,left_J_nav,right_J_nav,delta_J_nav,left_paid_actions,right_paid_actions,delta_paid_actions,left_path_length_m,right_path_length_m,delta_path_length_m,left_turns,right_turns,delta_turns,left_explicit_observe_actions,right_explicit_observe_actions,delta_explicit_observe_actions,left_observation_frames,right_observation_frames,delta_observation_frames,left_planning_s,right_planning_s,delta_planning_s,left_evidence_s,right_evidence_s,delta_evidence_s,left_acquisition_s,right_acquisition_s,delta_acquisition_s,left_mapping_s,right_mapping_s,delta_mapping_s,left_elapsed_episode_s,right_elapsed_episode_s,delta_elapsed_episode_s,mechanism_available,first_action_divergence_paid_step,actions_identical,first_namespaced_receipt_hash_difference_paid_step,observation_equality_rule,first_observation_divergence_paid_step,common_observation_prefix_frames,common_replan_count,numeric_common_candidate_scores,common_selected_target_differences,unique_target_score_order_differences,changed_common_candidate_scores,first_changed_score_paid_step,max_abs_common_score_delta,changed_posterior_instance_steps,changed_reliability_instance_steps,changed_posterior_with_both_forecasts,changed_posterior_with_both_zero_forecast_bases,changed_posterior_at_replan_without_feasible_options,first_changed_posterior_paid_step
dev_AISLE_S_b160_n92801__vs__dev_AISLE_B_b160_n92801,development,2bfac2bb22995b9b90cdb870f214f6d584439db5d126c02480d806e82cebb4a9,ART1_AISLE_DEV,160,92801,S,B,dev_AISLE_S_b160_n92801,dev_AISLE_B_b160_n92801,reviewed_qualified,reviewed_qualified,both_reviewed_qualified,0.9992889310263096,0.9992889310263096,0.0,0.9219296742556982,0.9219296742556982,0.0,0.8192724375246199,0.8192724375246199,0.0,0.8573627321588744,0.8573627321588744,0.0,0.8567530881208377,0.8567530881208377,0.0,160,160,0,24.0,24.0,0.0,54,54,0,10,10,0,161,161,0,49.596174243837595,46.85568279447034,2.740491449367255,37.97134194150567,37.074104653671384,0.8972372878342867,153.30003724992275,150.6516341897659,2.648403060156852,8.430928922723979,8.190558819565922,0.24037010315805674,261.40180196613073,254.6788658569567,6.722936109174043,True,,True,0,"exact uncompressed NPY arrays: RGB-D excluding frame_id only, plus complete scan, including calibration/pose/time/paid_step",,161,46,294,0,0,0,,0.0,38,38,38,0,38,136
dev_AISLE_S_b160_n92801__vs__dev_AISLE_G_b160_n92801,development,2bfac2bb22995b9b90cdb870f214f6d584439db5d126c02480d806e82cebb4a9,ART1_AISLE_DEV,160,92801,S,G,dev_AISLE_S_b160_n92801,dev_AISLE_G_b160_n92801,reviewed_qualified,reviewed_qualified,both_reviewed_qualified,0.9992889310263096,0.9992889310263096,0.0,0.9219296742556982,0.9219296742556982,0.0,0.8192724375246199,0.8192724375246199,0.0,0.8573627321588744,0.8573627321588744,0.0,0.8567530881208377,0.8567530881208377,0.0,160,160,0,24.0,24.0,0.0,54,54,0,10,10,0,161,161,0,49.596174243837595,38.82764171482995,10.768532529007643,37.97134194150567,30.43073151167482,7.540610429830849,153.30003724992275,124.5756276184693,28.724409631453454,8.430928922723979,6.320189987774938,2.1107389349490404,261.40180196613073,211.16011927695945,50.241682689171284,True,,True,0,"exact uncompressed NPY arrays: RGB-D excluding frame_id only, plus complete scan, including calibration/pose/time/paid_step",,161,46,294,0,0,24,12,0.006072082653583111,181,0,70,13,65,1
dev_AISLE_S_b160_n92801__vs__dev_AISLE_NBV_b160_n92801,development,2bfac2bb22995b9b90cdb870f214f6d584439db5d126c02480d806e82cebb4a9,ART1_AISLE_DEV,160,92801,S,NBV,dev_AISLE_S_b160_n92801,dev_AISLE_NBV_b160_n92801,reviewed_qualified,reviewed_qualified,both_reviewed_qualified,0.9992889310263096,0.9992889310263096,0.0,0.9219296742556982,0.9219296742556982,0.0,0.8192724375246199,0.8192724375246199,0.0,0.8573627321588744,0.8573627321588744,0.0,0.8567530881208377,0.8567530881208377,0.0,160,160,0,24.0,24.0,0.0,54,54,0,10,10,0,161,161,0,49.596174243837595,39.23453901428729,10.361635229550302,37.97134194150567,35.37136394297704,2.5999779985286295,153.30003724992275,142.919500191696,10.380537058226764,8.430928922723979,7.622511331923306,0.8084175908006728,261.40180196613073,237.1166829932481,24.28511897288263,True,,True,0,"exact uncompressed NPY arrays: RGB-D excluding frame_id only, plus complete scan, including calibration/pose/time/paid_step",,161,46,284,0,2,14,12,0.006072082653583111,181,0,70,13,65,1
dev_AISLE_B_b160_n92801__vs__dev_AISLE_G_b160_n92801,development,2bfac2bb22995b9b90cdb870f214f6d584439db5d126c02480d806e82cebb4a9,ART1_AISLE_DEV,160,92801,B,G,dev_AISLE_B_b160_n92801,dev_AISLE_G_b160_n92801,reviewed_qualified,reviewed_qualified,both_reviewed_qualified,0.9992889310263096,0.9992889310263096,0.0,0.9219296742556982,0.9219296742556982,0.0,0.8192724375246199,0.8192724375246199,0.0,0.8573627321588744,0.8573627321588744,0.0,0.8567530881208377,0.8567530881208377,0.0,160,160,0,24.0,24.0,0.0,54,54,0,10,10,0,161,161,0,46.85568279447034,38.82764171482995,8.028041079640388,37.074104653671384,30.43073151167482,6.6433731419965625,150.6516341897659,124.5756276184693,26.076006571296602,8.190558819565922,6.320189987774938,1.8703688317909837,254.6788658569567,211.16011927695945,43.51874657999724,True,,True,0,"exact uncompressed NPY arrays: RGB-D excluding frame_id only, plus complete scan, including calibration/pose/time/paid_step",,161,46,294,0,0,24,12,0.006072082653583111,181,0,70,13,65,1
dev_AISLE_B_b160_n92801__vs__dev_AISLE_NBV_b160_n92801,development,2bfac2bb22995b9b90cdb870f214f6d584439db5d126c02480d806e82cebb4a9,ART1_AISLE_DEV,160,92801,B,NBV,dev_AISLE_B_b160_n92801,dev_AISLE_NBV_b160_n92801,reviewed_qualified,reviewed_qualified,both_reviewed_qualified,0.9992889310263096,0.9992889310263096,0.0,0.9219296742556982,0.9219296742556982,0.0,0.8192724375246199,0.8192724375246199,0.0,0.8573627321588744,0.8573627321588744,0.0,0.8567530881208377,0.8567530881208377,0.0,160,160,0,24.0,24.0,0.0,54,54,0,10,10,0,161,161,0,46.85568279447034,39.23453901428729,7.621143780183047,37.074104653671384,35.37136394297704,1.7027407106943429,150.6516341897659,142.919500191696,7.732133998069912,8.190558819565922,7.622511331923306,0.568047487642616,254.6788658569567,237.1166829932481,17.562182863708586,True,,True,0,"exact uncompressed NPY arrays: RGB-D excluding frame_id only, plus complete scan, including calibration/pose/time/paid_step",,161,46,284,0,2,14,12,0.006072082653583111,181,0,70,13,65,1
dev_AISLE_G_b160_n92801__vs__dev_AISLE_NBV_b160_n92801,development,2bfac2bb22995b9b90cdb870f214f6d584439db5d126c02480d806e82cebb4a9,ART1_AISLE_DEV,160,92801,G,NBV,dev_AISLE_G_b160_n92801,dev_AISLE_NBV_b160_n92801,reviewed_qualified,reviewed_qualified,both_reviewed_qualified,0.9992889310263096,0.9992889310263096,0.0,0.9219296742556982,0.9219296742556982,0.0,0.8192724375246199,0.8192724375246199,0.0,0.8573627321588744,0.8573627321588744,0.0,0.8567530881208377,0.8567530881208377,0.0,160,160,0,24.0,24.0,0.0,54,54,0,10,10,0,161,161,0,38.82764171482995,39.23453901428729,-0.40689729945734143,30.43073151167482,35.37136394297704,-4.94063243130222,124.5756276184693,142.919500191696,-18.34387257322669,6.320189987774938,7.622511331923306,-1.3023213441483676,211.16011927695945,237.1166829932481,-25.956563716288656,True,,True,0,"exact uncompressed NPY arrays: RGB-D excluding frame_id only, plus complete scan, including calibration/pose/time/paid_step",,161,46,284,0,2,0,,0.0,0,0,0,0,0,
dev_CELL_S_b160_n92801__vs__dev_CELL_B_b160_n92801,development,2bfac2bb22995b9b90cdb870f214f6d584439db5d126c02480d806e82cebb4a9,ART1_CELL_DEV,160,92801,S,B,dev_CELL_S_b160_n92801,dev_CELL_B_b160_n92801,reviewed_qualified,reviewed_qualified,both_reviewed_qualified,0.9364502950522016,0.9364502950522016,0.0,0.962244708146526,0.962244708146526,0.0,0.756044003059668,0.756044003059668,0.0,0.8185386400022125,0.8185386400022125,0.0,0.7665207509416997,0.7665207509416997,0.0,158,158,0,22.0,22.0,0.0,56,56,0,14,14,0,159,159,0,34.237406466156244,31.127098598517478,3.1103078676387668,35.40964413713664,34.81980967707932,0.5898344600573182,179.838263948448,179.89665094576776,-0.05838699731975794,8.444645236711949,8.230304478667676,0.21434075804427266,270.213988549076,265.65187149401754,4.562117055058479,True,,True,0,"exact uncompressed NPY arrays: RGB-D excluding frame_id only, plus complete scan, including calibration/pose/time/paid_step",,159,38,486,0,0,0,,1.3877787807814457e-17,82,82,24,24,0,26
dev_CELL_S_b160_n92801__vs__dev_CELL_G_b160_n92801,development,2bfac2bb22995b9b90cdb870f214f6d584439db5d126c02480d806e82cebb4a9,ART1_CELL_DEV,160,92801,S,G,dev_CELL_S_b160_n92801,dev_CELL_G_b160_n92801,reviewed_qualified,failed_attempt_reviewed,unavailable,,,,,,,,,,,,,,,,,,,,,,,,,,,,,,,,,,,,,,,,,,,,,,,,,,,,,,,,,,,,,,,,,
dev_CELL_S_b160_n92801__vs__dev_CELL_NBV_b160_n92801,development,2bfac2bb22995b9b90cdb870f214f6d584439db5d126c02480d806e82cebb4a9,ART1_CELL_DEV,160,92801,S,NBV,dev_CELL_S_b160_n92801,dev_CELL_NBV_b160_n92801,reviewed_qualified,reviewed_qualified,both_reviewed_qualified,0.9364502950522016,0.9364502950522016,0.0,0.962244708146526,0.905422586763195,0.05682212138333098,0.756044003059668,0.6763195067464839,0.07972449631318412,0.8185386400022125,0.7363360599634481,0.08220258003876446,0.7665207509416997,0.6895421206103466,0.0769786303313531,158,160,-2,22.0,24.0,-2.0,56,56,0,14,8,6,159,161,-2,34.237406466156244,33.74935336550698,0.48805310064926744,35.40964413713664,44.02892169589177,-8.61927755875513,179.838263948448,200.6800002786331,-20.841736330185086,8.444645236711949,9.250434048473835,-0.8057888117618859,270.213988549076,302.2666673399508,-32.05267879087478,True,18,False,0,"exact uncompressed NPY arrays: RGB-D excluding frame_id only, plus complete scan, including calibration/pose/time/paid_step",18,18,2,32,1,1,7,17,0.003894963144190959,17,0,1,0,0,1
dev_CELL_B_b160_n92801__vs__dev_CELL_G_b160_n92801,development,2bfac2bb22995b9b90cdb870f214f6d584439db5d126c02480d806e82cebb4a9,ART1_CELL_DEV,160,92801,B,G,dev_CELL_B_b160_n92801,dev_CELL_G_b160_n92801,reviewed_qualified,failed_attempt_reviewed,unavailable,,,,,,,,,,,,,,,,,,,,,,,,,,,,,,,,,,,,,,,,,,,,,,,,,,,,,,,,,,,,,,,,,
dev_CELL_B_b160_n92801__vs__dev_CELL_NBV_b160_n92801,development,2bfac2bb22995b9b90cdb870f214f6d584439db5d126c02480d806e82cebb4a9,ART1_CELL_DEV,160,92801,B,NBV,dev_CELL_B_b160_n92801,dev_CELL_NBV_b160_n92801,reviewed_qualified,reviewed_qualified,both_reviewed_qualified,0.9364502950522016,0.9364502950522016,0.0,0.962244708146526,0.905422586763195,0.05682212138333098,0.756044003059668,0.6763195067464839,0.07972449631318412,0.8185386400022125,0.7363360599634481,0.08220258003876446,0.7665207509416997,0.6895421206103466,0.0769786303313531,158,160,-2,22.0,24.0,-2.0,56,56,0,14,8,6,159,161,-2,31.127098598517478,33.74935336550698,-2.6222547669894993,34.81980967707932,44.02892169589177,-9.209112018812448,179.89665094576776,200.6800002786331,-20.783349332865328,8.230304478667676,9.250434048473835,-1.0201295698061585,265.65187149401754,302.2666673399508,-36.61479584593326,True,18,False,0,"exact uncompressed NPY arrays: RGB-D excluding frame_id only, plus complete scan, including calibration/pose/time/paid_step",18,18,2,32,1,1,7,17,0.003894963144190959,17,0,1,0,0,1
dev_CELL_G_b160_n92801__vs__dev_CELL_NBV_b160_n92801,development,2bfac2bb22995b9b90cdb870f214f6d584439db5d126c02480d806e82cebb4a9,ART1_CELL_DEV,160,92801,G,NBV,dev_CELL_G_b160_n92801,dev_CELL_NBV_b160_n92801,failed_attempt_reviewed,reviewed_qualified,unavailable,,,,,,,,,,,,,,,,,,,,,,,,,,,,,,,,,,,,,,,,,,,,,,,,,,,,,,,,,,,,,,,,,
dev_LOOP_S_b160_n92801__vs__dev_LOOP_B_b160_n92801,development,2bfac2bb22995b9b90cdb870f214f6d584439db5d126c02480d806e82cebb4a9,ART1_LOOP_DEV,160,92801,S,B,dev_LOOP_S_b160_n92801,dev_LOOP_B_b160_n92801,reviewed_qualified,reviewed_qualified,both_reviewed_qualified,0.9563040509786072,0.9563040509786072,0.0,0.9102514016569246,0.9102514016569246,0.0,0.5651483613418962,0.5651483613418962,0.0,0.6489561501851431,0.6489561501851431,0.0,0.6205993953295337,0.6205993953295337,0.0,160,160,0,20.0,20.0,0.0,62,62,0,18,18,0,161,161,0,41.70880671450868,49.69361678417772,-7.984810069669038,30.891573931090534,37.11921845609322,-6.227644525002688,160.59127235645428,186.29953382257372,-25.70826146611944,6.813020396512002,8.540968844201416,-1.727948447689414,250.2213958390057,293.04926634579897,-42.82787050679326,True,,True,0,"exact uncompressed NPY arrays: RGB-D excluding frame_id only, plus complete scan, including calibration/pose/time/paid_step",,161,41,575,0,0,0,,0.0,0,0,0,0,0,
dev_LOOP_S_b160_n92801__vs__dev_LOOP_G_b160_n92801,development,2bfac2bb22995b9b90cdb870f214f6d584439db5d126c02480d806e82cebb4a9,ART1_LOOP_DEV,160,92801,S,G,dev_LOOP_S_b160_n92801,dev_LOOP_G_b160_n92801,reviewed_qualified,reviewed_qualified,both_reviewed_qualified,0.9563040509786072,0.9563040509786072,0.0,0.9102514016569246,0.9102514016569246,0.0,0.5651483613418962,0.5651483613418962,0.0,0.6489561501851431,0.6489561501851431,0.0,0.6205993953295337,0.6205993953295337,0.0,160,160,0,20.0,20.0,0.0,62,62,0,18,18,0,161,161,0,41.70880671450868,49.69592770282179,-7.987120988313109,30.891573931090534,35.977016425691545,-5.085442494601011,160.59127235645428,184.10404405044392,-23.512771693989635,6.813020396512002,8.229622649028897,-1.4166022525168955,250.2213958390057,289.2272563939914,-39.0058605549857,True,,True,0,"exact uncompressed NPY arrays: RGB-D excluding frame_id only, plus complete scan, including calibration/pose/time/paid_step",,161,41,575,0,1,127,28,0.0014419964212125241,163,0,55,0,39,2
dev_LOOP_S_b160_n92801__vs__dev_LOOP_NBV_b160_n92801,development,2bfac2bb22995b9b90cdb870f214f6d584439db5d126c02480d806e82cebb4a9,ART1_LOOP_DEV,160,92801,S,NBV,dev_LOOP_S_b160_n92801,dev_LOOP_NBV_b160_n92801,reviewed_qualified,reviewed_qualified,both_reviewed_qualified,0.9563040509786072,0.9563040509786072,0.0,0.9102514016569246,0.9102514016569246,0.0,0.5651483613418962,0.5651483613418962,0.0,0.6489561501851431,0.6489561501851431,0.0,0.6205993953295337,0.6205993953295337,0.0,160,160,0,20.0,20.0,0.0,62,62,0,18,18,0,161,161,0,41.70880671450868,32.39747314574197,9.311333568766713,30.891573931090534,34.72157593537122,-3.8300020042806864,160.59127235645428,175.2367865173146,-14.64551416086033,6.813020396512002,7.652726288884878,-0.8397058923728764,250.2213958390057,260.92346023069695,-10.702064391691238,True,,True,0,"exact uncompressed NPY arrays: RGB-D excluding frame_id only, plus complete scan, including calibration/pose/time/paid_step",,161,41,516,0,12,80,28,0.0014419964212125241,163,0,55,0,39,2
dev_LOOP_B_b160_n92801__vs__dev_LOOP_G_b160_n92801,development,2bfac2bb22995b9b90cdb870f214f6d584439db5d126c02480d806e82cebb4a9,ART1_LOOP_DEV,160,92801,B,G,dev_LOOP_B_b160_n92801,dev_LOOP_G_b160_n92801,reviewed_qualified,reviewed_qualified,both_reviewed_qualified,0.9563040509786072,0.9563040509786072,0.0,0.9102514016569246,0.9102514016569246,0.0,0.5651483613418962,0.5651483613418962,0.0,0.6489561501851431,0.6489561501851431,0.0,0.6205993953295337,0.6205993953295337,0.0,160,160,0,20.0,20.0,0.0,62,62,0,18,18,0,161,161,0,49.69361678417772,49.69592770282179,-0.0023109186440706253,37.11921845609322,35.977016425691545,1.142202030401677,186.29953382257372,184.10404405044392,2.195489772129804,8.540968844201416,8.229622649028897,0.3113461951725185,293.04926634579897,289.2272563939914,3.8220099518075585,True,,True,0,"exact uncompressed NPY arrays: RGB-D excluding frame_id only, plus complete scan, including calibration/pose/time/paid_step",,161,41,575,0,1,127,28,0.0014419964212125241,163,0,55,0,39,2
dev_LOOP_B_b160_n92801__vs__dev_LOOP_NBV_b160_n92801,development,2bfac2bb22995b9b90cdb870f214f6d584439db5d126c02480d806e82cebb4a9,ART1_LOOP_DEV,160,92801,B,NBV,dev_LOOP_B_b160_n92801,dev_LOOP_NBV_b160_n92801,reviewed_qualified,reviewed_qualified,both_reviewed_qualified,0.9563040509786072,0.9563040509786072,0.0,0.9102514016569246,0.9102514016569246,0.0,0.5651483613418962,0.5651483613418962,0.0,0.6489561501851431,0.6489561501851431,0.0,0.6205993953295337,0.6205993953295337,0.0,160,160,0,20.0,20.0,0.0,62,62,0,18,18,0,161,161,0,49.69361678417772,32.39747314574197,17.29614363843575,37.11921845609322,34.72157593537122,2.397642520722002,186.29953382257372,175.2367865173146,11.062747305259109,8.540968844201416,7.652726288884878,0.8882425553165376,293.04926634579897,260.92346023069695,32.12580611510202,True,,True,0,"exact uncompressed NPY arrays: RGB-D excluding frame_id only, plus complete scan, including calibration/pose/time/paid_step",,161,41,516,0,12,80,28,0.0014419964212125241,163,0,55,0,39,2
dev_LOOP_G_b160_n92801__vs__dev_LOOP_NBV_b160_n92801,development,2bfac2bb22995b9b90cdb870f214f6d584439db5d126c02480d806e82cebb4a9,ART1_LOOP_DEV,160,92801,G,NBV,dev_LOOP_G_b160_n92801,dev_LOOP_NBV_b160_n92801,reviewed_qualified,reviewed_qualified,both_reviewed_qualified,0.9563040509786072,0.9563040509786072,0.0,0.9102514016569246,0.9102514016569246,0.0,0.5651483613418962,0.5651483613418962,0.0,0.6489561501851431,0.6489561501851431,0.0,0.6205993953295337,0.6205993953295337,0.0,160,160,0,20.0,20.0,0.0,62,62,0,18,18,0,161,161,0,49.69592770282179,32.39747314574197,17.298454557079822,35.977016425691545,34.72157593537122,1.255440490320325,184.10404405044392,175.2367865173146,8.867257533129305,8.229622649028897,7.652726288884878,0.5768963601440191,289.2272563939914,260.92346023069695,28.303796163294464,True,,True,0,"exact uncompressed NPY arrays: RGB-D excluding frame_id only, plus complete scan, including calibration/pose/time/paid_step",,161,41,516,0,12,0,,0.0,0,0,0,0,0,
