arm,run_id,scene_id,method,budget,noise_seed,status,online_status,original_end_to_end_qualified,review_status,review_passed,motion_completion_verified,quality_measurement_available,metric_version,quality_mode,trace_status,trace_review_scope,C_nav,P,R,F1,J_nav,paid_actions,path_length_m,turns,explicit_observe_actions,observation_frames,planning_s,evidence_s,acquisition_s,mapping_s,elapsed_episode_s,reference_fingerprint,observed_instance_count,qualified_category_instance_count,first_recorded_peer_step,first_informative_peer_step,macro_count,replans,final_budget_remaining,input_artifact_manifest_sha256,input_review_manifest_sha256,input_evaluation_sha256,input_protocol_sha256,exposure_audit
GroundV2,ground_AISLE_B_b160_n92801,ART1_AISLE_DEV,B,160,92801,reviewed_qualified,controller_stop,True,reviewed,True,True,True,article.common_numeric_face_evaluation.v1,original_online_canonical_evaluation,sealed_trace_available,complete_independent_GroundV2_review,0.944536620052145,0.9370764443605132,0.5711172628398056,0.6911626410782391,0.6528284249103538,160,22.0,56,16,161,26.86664307070896,57.9858741867356,194.89421859337017,11.766140271443874,307.0240034610033,fc24045b56cf07d5dc2169c917247c3cad4adc0b564f7dc67d12d087c749b44c,2,2,,,16,21,0,da9ab31c72f8359b79e7debdcc873a553d4f5fe93f4f4ab31c2eb460f994067c,94d8f3871928e74af8883501769da41278547f0f53f50844c2bfebcd0a8b8982,649a00e8026b4a03d8a7a1ed221e4f7dcbcdf847a53eab413edc8fca717df802,6621c39667e15a91f010d52c81f5a357049a447b6379246d07141953f631338a,
ExposureV3,exposure_AISLE_B_b160_n92801,ART1_AISLE_DEV,B,160,92801,reviewed_qualified,controller_stop,True,reviewed,True,True,True,article.common_numeric_face_evaluation.v1,original_online_canonical_evaluation,sealed_trace_available,complete_independent_ExposureV3_review,0.9530694477364304,0.9587395429477163,0.6747851856490961,0.7703761722434271,0.7342219930293483,160,24.0,52,12,161,59.33895080629736,35.25095737958327,162.88892809022218,8.868142423219979,276.5322767230682,fc24045b56cf07d5dc2169c917247c3cad4adc0b564f7dc67d12d087c749b44c,2,2,,,12,33,0,a7dca833e439419934216a4fe3dfeef536967f1438e427f62c047dfdc740ffc0,8c07a8a5391f4b8e2ffaa177b8334a9f20bd36516017ee9f9e53ca7134683a76,f0f49c50f4abb23678614065042b459bd4769c0053d2631eaa12613a7d013a20,c78d7eaa0e3784f8402541809c8edd346d654fc0adc683a1c5e1ea57720f6fb7,"{""all_candidates"": 488, ""all_candidates_geometrically_recomputed"": false, ""first_geometry_replan"": 27, ""independent_geometry_candidates"": 15, ""paid_support_plane_frames"": 161, ""scope"": ""all selected-target instance candidates, plus all candidates at first replan with any nonfallback forecast; all other candidates receive full provenance and receipt-arithmetic checks""}"
GroundV2,ground_AISLE_G_b160_n92801,ART1_AISLE_DEV,G,160,92801,reviewed_qualified,controller_stop,True,reviewed,True,True,True,article.common_numeric_face_evaluation.v1,original_online_canonical_evaluation,sealed_trace_available,complete_independent_GroundV2_review,0.944536620052145,0.9370764443605132,0.5711172628398056,0.6911626410782391,0.6528284249103538,160,22.0,56,16,161,24.86939376872033,53.36332977935672,179.6333989794366,11.028887163847685,284.8708011857234,fc24045b56cf07d5dc2169c917247c3cad4adc0b564f7dc67d12d087c749b44c,2,2,,,16,21,0,df159c36ebd71a0edaacf80a108b31572ec80b49efad3a7385e2b643edcda472,453521b8fcd38b8e4906ec47edb92e7ea24c6565277b46e56635ed342ed5bc14,ddca147715faa94189c443650ca5b9eeabb73bdcdfd55bc08a80f498d41add9d,6621c39667e15a91f010d52c81f5a357049a447b6379246d07141953f631338a,
ExposureV3,exposure_AISLE_G_b160_n92801,ART1_AISLE_DEV,G,160,92801,reviewed_qualified,controller_stop,True,reviewed,True,True,True,article.common_numeric_face_evaluation.v1,original_online_canonical_evaluation,sealed_trace_available,complete_independent_ExposureV3_review,0.9838824365963499,0.9447383990805425,0.7024263839812072,0.7957640784271567,0.7829383004387598,159,22.0,58,13,160,44.50657334085554,44.82444012723863,159.91018734127283,8.828881395515054,270.0192000842653,fc24045b56cf07d5dc2169c917247c3cad4adc0b564f7dc67d12d087c749b44c,3,3,,,13,27,1,025f36d8c69d4fba8a199affcf8f106ff5de828cb375e2eb97a9b561fd688c1d,e4d17db14334af146647333c1b6fa5ea4d6a0d7c6f91312b5142c35a20652b4d,e0b3213b72baa106b1db3d74f7d6303feacd7950dea4533984ef7b003df3da5d,c78d7eaa0e3784f8402541809c8edd346d654fc0adc683a1c5e1ea57720f6fb7,"{""all_candidates"": 528, ""all_candidates_geometrically_recomputed"": false, ""first_geometry_replan"": 27, ""independent_geometry_candidates"": 15, ""paid_support_plane_frames"": 160, ""scope"": ""all selected-target instance candidates, plus all candidates at first replan with any nonfallback forecast; all other candidates receive full provenance and receipt-arithmetic checks""}"
GroundV2,ground_AISLE_NBV_b160_n92801,ART1_AISLE_DEV,NBV,160,92801,reviewed_qualified,controller_stop,True,reviewed,True,True,True,article.common_numeric_face_evaluation.v1,original_online_canonical_evaluation,sealed_trace_available,complete_independent_GroundV2_review,0.944536620052145,0.9370764443605132,0.5711172628398056,0.6911626410782391,0.6528284249103538,160,22.0,56,16,161,11.464250333141536,44.46079905703664,156.4098239922896,8.172336984891444,231.82153462991118,fc24045b56cf07d5dc2169c917247c3cad4adc0b564f7dc67d12d087c749b44c,2,2,,,16,21,0,f6f7e92a7949d78e4db261e8af26643d737d43bc171db55c6a4ac57c1e34687e,a3c1f62e637085535a5a87ffc1c87404b13f60e64f8e90c21635612500bc31ec,2645d3adca922b3bc05baac848958c1297471db999a3ecec87f7e45fc2553045,6621c39667e15a91f010d52c81f5a357049a447b6379246d07141953f631338a,
ExposureV3,exposure_AISLE_NBV_b160_n92801,ART1_AISLE_DEV,NBV,160,92801,reviewed_qualified,controller_stop,True,reviewed,True,True,True,article.common_numeric_face_evaluation.v1,original_online_canonical_evaluation,sealed_trace_available,complete_independent_ExposureV3_review,0.9838824365963499,0.9447383990805425,0.7024263839812072,0.7957640784271567,0.7829383004387598,159,22.0,58,13,160,39.4295438490808,43.16352833202109,154.67888348829,8.871278980746865,258.6643523629755,fc24045b56cf07d5dc2169c917247c3cad4adc0b564f7dc67d12d087c749b44c,3,3,,,13,27,1,7170d387e1588b6e3e22fed02706f56cab1261b4d43db3a77601bd6149a655b7,26b3a49f91749da51e76f7e14e3f09dcb5acf8acea0b8668d3de29f615efcec9,bab307936cefc9454e6117d8993be1158b152a963fe204ece8e1923d7ee96102,c78d7eaa0e3784f8402541809c8edd346d654fc0adc683a1c5e1ea57720f6fb7,"{""all_candidates"": 528, ""all_candidates_geometrically_recomputed"": false, ""first_geometry_replan"": 27, ""independent_geometry_candidates"": 15, ""paid_support_plane_frames"": 160, ""scope"": ""all selected-target instance candidates, plus all candidates at first replan with any nonfallback forecast; all other candidates receive full provenance and receipt-arithmetic checks""}"
GroundV2,ground_AISLE_S_b160_n92801,ART1_AISLE_DEV,S,160,92801,reviewed_qualified,controller_stop,True,reviewed,True,True,True,article.common_numeric_face_evaluation.v1,original_online_canonical_evaluation,sealed_trace_available,complete_independent_GroundV2_review,0.944536620052145,0.9370764443605132,0.5711172628398056,0.6911626410782391,0.6528284249103538,160,22.0,56,16,161,19.866434982512146,41.983403970487416,154.31357915094122,8.019688377156854,235.07548368535936,fc24045b56cf07d5dc2169c917247c3cad4adc0b564f7dc67d12d087c749b44c,2,2,,,16,21,0,6ac8b77f28a54bb916ad3666e9dd26e7f0c1f558d207c8ec86c33b11609615a6,c410ccdab58b1fba0225583d5177c02fe16c6152c6a960fe7582109e59801bf8,83fad198d07c4cd53551d0243eb93c104c02e570fbe4e34181a412649f5d240c,6621c39667e15a91f010d52c81f5a357049a447b6379246d07141953f631338a,
ExposureV3,exposure_AISLE_S_b160_n92801,ART1_AISLE_DEV,S,160,92801,reviewed_qualified,controller_stop,True,reviewed,True,True,True,article.common_numeric_face_evaluation.v1,original_online_canonical_evaluation,sealed_trace_available,complete_independent_ExposureV3_review,0.9530694477364304,0.9587395429477163,0.6747851856490961,0.7703761722434271,0.7342219930293483,160,24.0,52,12,161,60.15279931947589,32.53392165573314,152.93126415554434,8.787666699383408,265.0057180249132,fc24045b56cf07d5dc2169c917247c3cad4adc0b564f7dc67d12d087c749b44c,2,2,,,12,33,0,41ad69912ec0c4303cd6ed21f8bad652f6f72dea066f34e0e8ad35b417ed8d5f,37bc6ec831469863816dc6fcef85de30ac1dc0e211b66915bd1be441f13d1094,bebe8d2bed82222a066e63b93afb03204ec564305e02212e612357930c923349,c78d7eaa0e3784f8402541809c8edd346d654fc0adc683a1c5e1ea57720f6fb7,"{""all_candidates"": 488, ""all_candidates_geometrically_recomputed"": false, ""first_geometry_replan"": 27, ""independent_geometry_candidates"": 15, ""paid_support_plane_frames"": 161, ""scope"": ""all selected-target instance candidates, plus all candidates at first replan with any nonfallback forecast; all other candidates receive full provenance and receipt-arithmetic checks""}"
GroundV2,ground_CELL_B_b160_n92801,ART1_CELL_DEV,B,160,92801,reviewed_qualified,controller_stop,True,reviewed,True,True,True,article.common_numeric_face_evaluation.v1,original_online_canonical_evaluation,sealed_trace_available,complete_independent_GroundV2_review,0.7914207898320472,0.975845559497805,0.5581394528385508,0.6711556549341564,0.531166538528235,159,16.0,74,21,160,42.17174165835604,54.60920090880245,195.0428126300685,9.104302998632193,314.36053787590936,95dfb51c9dc102ba7f1f050607c18c01234f5d65d5d0ec302e0568923b82e091,3,3,,,24,26,1,0959a9476cab4346fb5ad8f9b57b1f4792b52054fe4986d9725a0efbe1dbdec7,a349f70afce219664234e05d1fc29e54593446e98feb0d2be2866b236fdf609f,20ff7731bf7809d563b7be6581b0dd4cfd701bce730240cc859f95f59f395d81,6621c39667e15a91f010d52c81f5a357049a447b6379246d07141953f631338a,
ExposureV3,exposure_CELL_B_b160_n92801,ART1_CELL_DEV,B,160,92801,running_reserved,reserved,False,,,,False,,,unavailable,,,,,,,,,,,,,,,,,,,,,,,,,,,,,
GroundV2,ground_CELL_G_b160_n92801,ART1_CELL_DEV,G,160,92801,reviewed_qualified,controller_stop,True,reviewed,True,True,True,article.common_numeric_face_evaluation.v1,original_online_canonical_evaluation,sealed_trace_available,complete_independent_GroundV2_review,0.7916477530640036,0.9776923831017035,0.5614417330740349,0.6740714810657299,0.5336271733902102,159,16.0,76,19,160,39.784284244757146,52.40208860859275,197.0387409273535,8.680176793597639,310.991873415187,95dfb51c9dc102ba7f1f050607c18c01234f5d65d5d0ec302e0568923b82e091,3,3,,,22,31,1,ea54d8d46c6fdddafc1854b749f6ff5b1f6a8f9a3535224cdb955be6fae5d906,c11b5a8becffebd94bbfcc9ba67ca071aa4bbd70d5cb86cc8b43acb3e9ba31aa,cf95ba88ae14a2c742ddee910a878c1b3cee7932aa2ef26078fc95ca88ac800c,6621c39667e15a91f010d52c81f5a357049a447b6379246d07141953f631338a,
ExposureV3,exposure_CELL_G_b160_n92801,ART1_CELL_DEV,G,160,92801,running_reserved,reserved,False,,,,False,,,unavailable,,,,,,,,,,,,,,,,,,,,,,,,,,,,,
GroundV2,ground_CELL_NBV_b160_n92801,ART1_CELL_DEV,NBV,160,92801,reviewed_qualified,controller_stop,True,reviewed,True,True,True,article.common_numeric_face_evaluation.v1,original_online_canonical_evaluation,sealed_trace_available,complete_independent_GroundV2_review,0.7957330912392192,0.971428737872625,0.48833887438919726,0.584984400796823,0.46549144557277833,160,20.0,64,16,161,29.11340833734721,50.234688287135214,210.58865739125758,9.586102616041899,312.50460086297244,95dfb51c9dc102ba7f1f050607c18c01234f5d65d5d0ec302e0568923b82e091,3,3,,,17,28,0,898fa2edaeb2e6e0e8d33244decec61559b1b368405d683090c32beb7b807d33,06808ac559af1291de3341334b9a7a393f18d6df561419bcd7f3cd2f10039558,1dc6ec25fdf7e273231943251e3f6d883a3ec3208393b4ef8bc784bad7cec866,6621c39667e15a91f010d52c81f5a357049a447b6379246d07141953f631338a,
ExposureV3,exposure_CELL_NBV_b160_n92801,ART1_CELL_DEV,NBV,160,92801,unstarted,,,,,,False,,,unavailable,,,,,,,,,,,,,,,,,,,,,,,,,,,,,
GroundV2,ground_CELL_S_b160_n92801,ART1_CELL_DEV,S,160,92801,reviewed_qualified,controller_stop,True,reviewed,True,True,True,article.common_numeric_face_evaluation.v1,original_online_canonical_evaluation,sealed_trace_available,complete_independent_GroundV2_review,0.7914207898320472,0.975845559497805,0.5581394528385508,0.6711556549341564,0.531166538528235,159,16.0,74,21,160,44.45006566634402,55.04606317682192,204.87615123065189,9.319277740549296,327.16730038030073,95dfb51c9dc102ba7f1f050607c18c01234f5d65d5d0ec302e0568923b82e091,3,3,20,137,24,26,1,9b942f2b2d146e0e55af9043fba4ad8eb9514ec1f69dd60c358488ddd7159b1e,de9b68e28082500fc3fb1ae4728a2a27001a8a77ce7c700c6ad291b87bcadf88,b217df7a80e98e635e6d63c11311ab91aee8c871d2e79d6106e1654652017380,6621c39667e15a91f010d52c81f5a357049a447b6379246d07141953f631338a,
ExposureV3,exposure_CELL_S_b160_n92801,ART1_CELL_DEV,S,160,92801,unstarted,,,,,,False,,,unavailable,,,,,,,,,,,,,,,,,,,,,,,,,,,,,
GroundV2,ground_LOOP_B_b160_n92801,ART1_LOOP_DEV,B,160,92801,reviewed_qualified,controller_stop,True,reviewed,True,True,True,article.common_numeric_face_evaluation.v1,original_online_canonical_evaluation,sealed_trace_available,complete_independent_GroundV2_review,0.9701866181156122,0.947600594646048,0.6643680626794787,0.7529355015834904,0.7304879479404688,160,20.0,66,14,161,31.749586020596325,60.94090066663921,181.2656111922115,8.113280946854502,297.210053761024,39417c4c65c787c360932bea8ec05e3fd8a625a8828e0e698e9403287c894e56,3,2,,,16,33,0,1a760a7e2d172cad01fa5b6708131a259fb9e4acdc8d7778157d6d77ef714e80,4e2ba125678fa7e4dd9b00bd0e5e3d7e5b6a53f8bf4442ed62d72159405f9ac4,92ce7930702d7464db2fce5db2376945cf32361df3ef675840ba4f190eae9944,6621c39667e15a91f010d52c81f5a357049a447b6379246d07141953f631338a,
ExposureV3,exposure_LOOP_B_b160_n92801,ART1_LOOP_DEV,B,160,92801,unstarted,,,,,,False,,,unavailable,,,,,,,,,,,,,,,,,,,,,,,,,,,,,
GroundV2,ground_LOOP_G_b160_n92801,ART1_LOOP_DEV,G,160,92801,reviewed_qualified,controller_stop,True,reviewed,True,True,True,article.common_numeric_face_evaluation.v1,original_online_canonical_evaluation,sealed_trace_available,complete_independent_GroundV2_review,0.9701866181156122,0.947600594646048,0.6643680626794787,0.7529355015834904,0.7304879479404688,160,20.0,66,14,161,30.19377863407135,62.12995500676334,178.5973880328238,8.201511821243912,294.114741130732,39417c4c65c787c360932bea8ec05e3fd8a625a8828e0e698e9403287c894e56,3,2,,,16,33,0,91382c9e86832948850842abe97f5d2e2ec5c5b8e317d49e20c631aa7de69ed9,a52684b90d7804d8397d67d09cc5014d52b2d54576c004c63649c0eb412fa670,88f308c7211d03b26af8991b418cc582ccf5892ff98f7e903383e6cf095fb315,6621c39667e15a91f010d52c81f5a357049a447b6379246d07141953f631338a,
ExposureV3,exposure_LOOP_G_b160_n92801,ART1_LOOP_DEV,G,160,92801,unstarted,,,,,,False,,,unavailable,,,,,,,,,,,,,,,,,,,,,,,,,,,,,
GroundV2,ground_LOOP_NBV_b160_n92801,ART1_LOOP_DEV,NBV,160,92801,reviewed_qualified,controller_stop,True,reviewed,True,True,True,article.common_numeric_face_evaluation.v1,original_online_canonical_evaluation,sealed_trace_available,complete_independent_GroundV2_review,0.9701866181156122,0.947600594646048,0.6643680626794787,0.7529355015834904,0.7304879479404688,160,20.0,66,14,161,21.434933729469776,56.18121725227684,173.96647166460752,7.4438853417523205,273.3680980592035,39417c4c65c787c360932bea8ec05e3fd8a625a8828e0e698e9403287c894e56,3,2,,,16,33,0,d59633e1967bd16e39ab0c15b511bb5a3c2457be09ea50fa2aa9e6d9dedab00c,786a475417dbdc4352be5c50b81f340c5255d70052305481244ab7efa0f3ef90,892a5edcca58f622c869100655d6e6bfd4236988e082f0e6140216118f82c9f6,6621c39667e15a91f010d52c81f5a357049a447b6379246d07141953f631338a,
ExposureV3,exposure_LOOP_NBV_b160_n92801,ART1_LOOP_DEV,NBV,160,92801,unstarted,,,,,,False,,,unavailable,,,,,,,,,,,,,,,,,,,,,,,,,,,,,
GroundV2,ground_LOOP_S_b160_n92801,ART1_LOOP_DEV,S,160,92801,reviewed_qualified,controller_stop,True,reviewed,True,True,True,article.common_numeric_face_evaluation.v1,original_online_canonical_evaluation,sealed_trace_available,complete_independent_GroundV2_review,0.9701866181156122,0.947600594646048,0.6643680626794787,0.7529355015834904,0.7304879479404688,160,20.0,66,14,161,29.88651823857799,60.46920192614198,177.97216886887327,7.936383453197777,290.94644633308053,39417c4c65c787c360932bea8ec05e3fd8a625a8828e0e698e9403287c894e56,3,2,65,65,16,33,0,23c04a412c7707808ba91b674ddcdee5dc469f346f5930b964199abfc1025dce,69fe0ea2b583b0cf9c3d017965ad42f89210cd419def7c4b10bbad0dd7d5d275,22af08aa60d9d833d4cf16a6f2642cb2a4e6b815aedbb122cacfaa85a963454d,6621c39667e15a91f010d52c81f5a357049a447b6379246d07141953f631338a,
ExposureV3,exposure_LOOP_S_b160_n92801,ART1_LOOP_DEV,S,160,92801,unstarted,,,,,,False,,,unavailable,,,,,,,,,,,,,,,,,,,,,,,,,,,,,
