scene,hypothesis,budget,noise_seed,probability_correct_episode_category,mixture_J5,G_J5,delta_J5,new_reliability_trials
P00,0,42,2026092801,0.0,0.668176438995624,0.7723831535256808,-0.10420671453005681,0
P00,0,42,2026092801,0.1,0.6785971104486297,0.7723831535256808,-0.09378604307705107,0
P00,0,42,2026092801,0.2,0.6890177819016353,0.7723831535256808,-0.08336537162404545,0
P00,0,42,2026092801,0.3,0.6994384533546409,0.7723831535256808,-0.07294470017103982,0
P00,0,42,2026092801,0.4,0.7098591248076467,0.7723831535256808,-0.06252402871803409,0
P00,0,42,2026092801,0.5,0.7202797962606524,0.7723831535256808,-0.05210335726502835,0
P00,0,42,2026092801,0.6,0.7307004677136579,0.7723831535256808,-0.041682685812022835,0
P00,0,42,2026092801,0.7,0.7411211391666637,0.7723831535256808,-0.0312620143590171,0
P00,0,42,2026092801,0.8,0.7515418106196694,0.7723831535256808,-0.020841342906011362,0
P00,0,42,2026092801,0.9,0.761962482072675,0.7723831535256808,-0.010420671453005736,0
P00,0,42,2026092801,1.0,0.7723831535256808,0.7723831535256808,0.0,0
P00,0,42,2026092802,0.0,0.6709993460796708,0.7725218437817181,-0.10152249770204724,0
P00,0,42,2026092802,0.1,0.6811515958498756,0.7725218437817181,-0.09137024793184245,0
P00,0,42,2026092802,0.2,0.6913038456200803,0.7725218437817181,-0.08121799816163777,0
P00,0,42,2026092802,0.3,0.701456095390285,0.7725218437817181,-0.07106574839143309,0
P00,0,42,2026092802,0.4,0.7116083451604898,0.7725218437817181,-0.0609134986212283,0
P00,0,42,2026092802,0.5,0.7217605949306944,0.7725218437817181,-0.05076124885102362,0
P00,0,42,2026092802,0.6,0.7319128447008991,0.7725218437817181,-0.04060899908081894,0
P00,0,42,2026092802,0.7,0.7420650944711038,0.7725218437817181,-0.03045674931061426,0
P00,0,42,2026092802,0.8,0.7522173442413087,0.7725218437817181,-0.02030449954040936,0
P00,0,42,2026092802,0.9,0.7623695940115133,0.7725218437817181,-0.010152249770204791,0
P00,0,42,2026092802,1.0,0.7725218437817181,0.7725218437817181,0.0,0
P00,1,42,2026092801,0.0,0.6733260626645294,0.6733260626645294,0.0,0
P00,1,42,2026092801,0.1,0.6824607594390576,0.6733260626645294,0.009134696774528162,0
P00,1,42,2026092801,0.2,0.6915954562135856,0.6733260626645294,0.018269393549056212,0
P00,1,42,2026092801,0.3,0.7007301529881137,0.6733260626645294,0.027404090323584263,0
P00,1,42,2026092801,0.4,0.7098648497626419,0.6733260626645294,0.036538787098112424,0
P00,1,42,2026092801,0.5,0.7189995465371699,0.6733260626645294,0.045673483872640475,0
P00,1,42,2026092801,0.6,0.728134243311698,0.6733260626645294,0.054808180647168525,0
P00,1,42,2026092801,0.7,0.7372689400862261,0.6733260626645294,0.06394287742169669,0
P00,1,42,2026092801,0.8,0.7464036368607542,0.6733260626645294,0.07307757419622474,0
P00,1,42,2026092801,0.9,0.7555383336352823,0.6733260626645294,0.0822122709707529,0
P00,1,42,2026092801,1.0,0.7646730304098104,0.6733260626645294,0.09134696774528095,0
P00,1,42,2026092802,0.0,0.6746502408156813,0.6746502408156813,0.0,0
P00,1,42,2026092802,0.1,0.6832619139136388,0.6746502408156813,0.008611673097957517,0
P00,1,42,2026092802,0.2,0.6918735870115962,0.6746502408156813,0.017223346195914924,0
P00,1,42,2026092802,0.3,0.7004852601095537,0.6746502408156813,0.02583501929387244,0
P00,1,42,2026092802,0.4,0.7090969332075112,0.6746502408156813,0.03444669239182996,0
P00,1,42,2026092802,0.5,0.7177086063054687,0.6746502408156813,0.043058365489787476,0
P00,1,42,2026092802,0.6,0.7263202794034261,0.6746502408156813,0.05167003858774488,0
P00,1,42,2026092802,0.7,0.7349319525013837,0.6746502408156813,0.0602817116857024,0
P00,1,42,2026092802,0.8,0.7435436255993412,0.6746502408156813,0.06889338478365992,0
P00,1,42,2026092802,0.9,0.7521552986972986,0.6746502408156813,0.07750505788161732,0
P00,1,42,2026092802,1.0,0.7607669717952561,0.6746502408156813,0.08611673097957484,0
P00,0,54,2026092801,0.0,0.9351010478051898,0.9351010478051898,0.0,0
P00,0,54,2026092801,0.1,0.9343732109130684,0.9351010478051898,-0.000727836892121414,0
P00,0,54,2026092801,0.2,0.9336453740209468,0.9351010478051898,-0.001455673784242939,0
P00,0,54,2026092801,0.3,0.9329175371288252,0.9351010478051898,-0.002183510676364575,0
P00,0,54,2026092801,0.4,0.9321897002367037,0.9351010478051898,-0.0029113475684861,0
P00,0,54,2026092801,0.5,0.9314618633445823,0.9351010478051898,-0.003639184460607514,0
P00,0,54,2026092801,0.6,0.9307340264524608,0.9351010478051898,-0.004367021352728928,0
P00,0,54,2026092801,0.7,0.9300061895603392,0.9351010478051898,-0.005094858244850564,0
P00,0,54,2026092801,0.8,0.9292783526682178,0.9351010478051898,-0.005822695136971978,0
P00,0,54,2026092801,0.9,0.9285505157760962,0.9351010478051898,-0.006550532029093614,0
P00,0,54,2026092801,1.0,0.9278226788839747,0.9351010478051898,-0.007278368921215028,0
P00,0,54,2026092802,0.0,0.9353156557848491,0.9353156557848491,0.0,0
P00,0,54,2026092802,0.1,0.9346391136013779,0.9353156557848491,-0.0006765421834712404,0
P00,0,54,2026092802,0.2,0.9339625714179065,0.9353156557848491,-0.0013530843669425918,0
P00,0,54,2026092802,0.3,0.9332860292344352,0.9353156557848491,-0.0020296265504139432,0
P00,0,54,2026092802,0.4,0.932609487050964,0.9353156557848491,-0.0027061687338850726,0
P00,0,54,2026092802,0.5,0.9319329448674927,0.9353156557848491,-0.003382710917356424,0
P00,0,54,2026092802,0.6,0.9312564026840214,0.9353156557848491,-0.0040592531008276644,0
P00,0,54,2026092802,0.7,0.9305798605005502,0.9353156557848491,-0.004735795284298905,0
P00,0,54,2026092802,0.8,0.929903318317079,0.9353156557848491,-0.005412337467770145,0
P00,0,54,2026092802,0.9,0.9292267761336076,0.9353156557848491,-0.006088879651241497,0
P00,0,54,2026092802,1.0,0.9285502339501364,0.9353156557848491,-0.006765421834712737,0
P00,1,54,2026092801,0.0,0.9353684452873242,0.9304794403323633,0.004889004954960918,0
P00,1,54,2026092801,0.1,0.9348795447918281,0.9304794403323633,0.004400104459464815,0
P00,1,54,2026092801,0.2,0.9343906442963321,0.9304794403323633,0.003911203963968823,0
P00,1,54,2026092801,0.3,0.9339017438008359,0.9304794403323633,0.0034223034684726095,0
P00,1,54,2026092801,0.4,0.9334128433053399,0.9304794403323633,0.0029334029729766176,0
P00,1,54,2026092801,0.5,0.9329239428098437,0.9304794403323633,0.0024445024774804036,0
P00,1,54,2026092801,0.6,0.9324350423143477,0.9304794403323633,0.0019556019819844117,0
P00,1,54,2026092801,0.7,0.9319461418188515,0.9304794403323633,0.0014667014864881978,0
P00,1,54,2026092801,0.8,0.9314572413233555,0.9304794403323633,0.0009778009909922059,0
P00,1,54,2026092801,0.9,0.9309683408278593,0.9304794403323633,0.0004889004954959919,0
P00,1,54,2026092801,1.0,0.9304794403323633,0.9304794403323633,0.0,0
P00,1,54,2026092802,0.0,0.9348430287793521,0.9302624496945096,0.004580579084842551,0
P00,1,54,2026092802,0.1,0.9343849708708679,0.9302624496945096,0.0041225211763583625,0
P00,1,54,2026092802,0.2,0.9339269129623836,0.9302624496945096,0.003664463267874063,0
P00,1,54,2026092802,0.3,0.9334688550538992,0.9302624496945096,0.0032064053593896524,0
P00,1,54,2026092802,0.4,0.9330107971454151,0.9302624496945096,0.002748347450905575,0
P00,1,54,2026092802,0.5,0.9325527392369308,0.9302624496945096,0.0022902895424212755,0
P00,1,54,2026092802,0.6,0.9320946813284465,0.9302624496945096,0.001832231633936976,0
P00,1,54,2026092802,0.7,0.9316366234199623,0.9302624496945096,0.0013741737254527875,0
P00,1,54,2026092802,0.8,0.931178565511478,0.9302624496945096,0.000916115816968488,0
P00,1,54,2026092802,0.9,0.9307205076029939,0.9302624496945096,0.0004580579084842995,0
P00,1,54,2026092802,1.0,0.9302624496945096,0.9302624496945096,0.0,0
P01,0,42,2026092801,0.0,0.6306549848825689,0.7270279215158143,-0.09637293663324542,0
P01,0,42,2026092801,0.1,0.6402922785458935,0.7270279215158143,-0.08673564296992076,0
P01,0,42,2026092801,0.2,0.649929572209218,0.7270279215158143,-0.07709834930659631,0
P01,0,42,2026092801,0.3,0.6595668658725424,0.7270279215158143,-0.06746105564327187,0
P01,0,42,2026092801,0.4,0.6692041595358671,0.7270279215158143,-0.05782376197994721,0
P01,0,42,2026092801,0.5,0.6788414531991915,0.7270279215158143,-0.048186468316622766,0
P01,0,42,2026092801,0.6,0.6884787468625162,0.7270279215158143,-0.0385491746532981,0
P01,0,42,2026092801,0.7,0.6981160405258406,0.7270279215158143,-0.02891188098997366,0
P01,0,42,2026092801,0.8,0.7077533341891652,0.7270279215158143,-0.019274587326649106,0
P01,0,42,2026092801,0.9,0.7173906278524897,0.7270279215158143,-0.009637293663324553,0
P01,0,42,2026092801,1.0,0.7270279215158143,0.7270279215158143,0.0,0
P01,0,42,2026092802,0.0,0.6299089146172945,0.7286766345118246,-0.09876771989453015,0
P01,0,42,2026092802,0.1,0.6397856866067475,0.7286766345118246,-0.08889094790507712,0
P01,0,42,2026092802,0.2,0.6496624585962005,0.7286766345118246,-0.0790141759156241,0
P01,0,42,2026092802,0.3,0.6595392305856534,0.7286766345118246,-0.06913740392617118,0
P01,0,42,2026092802,0.4,0.6694160025751066,0.7286766345118246,-0.059260631936718045,0
P01,0,42,2026092802,0.5,0.6792927745645596,0.7286766345118246,-0.04938385994726502,0
P01,0,42,2026092802,0.6,0.6891695465540126,0.7286766345118246,-0.03950708795781199,0
P01,0,42,2026092802,0.7,0.6990463185434656,0.7286766345118246,-0.029630315968359078,0
P01,0,42,2026092802,0.8,0.7089230905329186,0.7286766345118246,-0.019753543978906052,0
P01,0,42,2026092802,0.9,0.7187998625223716,0.7286766345118246,-0.009876771989453026,0
P01,0,42,2026092802,1.0,0.7286766345118246,0.7286766345118246,0.0,0
P01,1,42,2026092801,0.0,0.6367745312664972,0.6367745312664972,0.0,0
P01,1,42,2026092801,0.1,0.6453867049035423,0.6367745312664972,0.00861217363704514,0
P01,1,42,2026092801,0.2,0.6539988785405876,0.6367745312664972,0.01722434727409039,0
P01,1,42,2026092801,0.3,0.6626110521776327,0.6367745312664972,0.02583652091113553,0
P01,1,42,2026092801,0.4,0.6712232258146779,0.6367745312664972,0.03444869454818067,0
P01,1,42,2026092801,0.5,0.679835399451723,0.6367745312664972,0.04306086818522581,0
P01,1,42,2026092801,0.6,0.6884475730887682,0.6367745312664972,0.05167304182227106,0
P01,1,42,2026092801,0.7,0.6970597467258134,0.6367745312664972,0.0602852154593162,0
P01,1,42,2026092801,0.8,0.7056719203628585,0.6367745312664972,0.06889738909636134,0
P01,1,42,2026092801,0.9,0.7142840939999038,0.6367745312664972,0.07750956273340659,0
P01,1,42,2026092801,1.0,0.7228962676369489,0.6367745312664972,0.08612173637045173,0
P01,1,42,2026092802,0.0,0.6358250693090177,0.6358250693090177,0.0,0
P01,1,42,2026092802,0.1,0.6446019718328441,0.6358250693090177,0.008776902523826347,0
P01,1,42,2026092802,0.2,0.6533788743566704,0.6358250693090177,0.017553805047652693,0
P01,1,42,2026092802,0.3,0.6621557768804966,0.6358250693090177,0.02633070757147893,0
P01,1,42,2026092802,0.4,0.6709326794043231,0.6358250693090177,0.035107610095305386,0
P01,1,42,2026092802,0.5,0.6797095819281493,0.6358250693090177,0.04388451261913162,0
P01,1,42,2026092802,0.6,0.6884864844519756,0.6358250693090177,0.05266141514295786,0
P01,1,42,2026092802,0.7,0.697263386975802,0.6358250693090177,0.061438317666784314,0
P01,1,42,2026092802,0.8,0.7060402894996283,0.6358250693090177,0.07021522019061055,0
P01,1,42,2026092802,0.9,0.7148171920234546,0.6358250693090177,0.0789921227144369,0
P01,1,42,2026092802,1.0,0.723594094547281,0.6358250693090177,0.08776902523826324,0
P01,0,54,2026092801,0.0,0.9270526600549802,0.9270526600549802,0.0,0
P01,0,54,2026092801,0.1,0.9253528238978512,0.9270526600549802,-0.0016998361571289866,0
P01,0,54,2026092801,0.2,0.9236529877407221,0.9270526600549802,-0.0033996723142580842,0
P01,0,54,2026092801,0.3,0.921953151583593,0.9270526600549802,-0.005099508471387182,0
P01,0,54,2026092801,0.4,0.9202533154264639,0.9270526600549802,-0.0067993446285162795,0
P01,0,54,2026092801,0.5,0.9185534792693348,0.9270526600549802,-0.008499180785645377,0
P01,0,54,2026092801,0.6,0.9168536431122059,0.9270526600549802,-0.010199016942774364,0
P01,0,54,2026092801,0.7,0.9151538069550768,0.9270526600549802,-0.011898853099903461,0
P01,0,54,2026092801,0.8,0.9134539707979477,0.9270526600549802,-0.013598689257032559,0
P01,0,54,2026092801,0.9,0.9117541346408187,0.9270526600549802,-0.015298525414161546,0
P01,0,54,2026092801,1.0,0.9100542984836896,0.9270526600549802,-0.016998361571290643,0
P01,0,54,2026092802,0.0,0.9294177119947641,0.9294177119947641,0.0,0
P01,0,54,2026092802,0.1,0.927338569808032,0.9294177119947641,-0.002079142186732108,0
P01,0,54,2026092802,0.2,0.9252594276213001,0.9294177119947641,-0.004158284373463994,0
P01,0,54,2026092802,0.3,0.923180285434568,0.9294177119947641,-0.006237426560196102,0
P01,0,54,2026092802,0.4,0.921101143247836,0.9294177119947641,-0.008316568746928099,0
P01,0,54,2026092802,0.5,0.9190220010611039,0.9294177119947641,-0.010395710933660207,0
P01,0,54,2026092802,0.6,0.9169428588743719,0.9294177119947641,-0.012474853120392204,0
P01,0,54,2026092802,0.7,0.9148637166876399,0.9294177119947641,-0.014553995307124201,0
P01,0,54,2026092802,0.8,0.9127845745009078,0.9294177119947641,-0.01663313749385631,0
P01,0,54,2026092802,0.9,0.9107054323141757,0.9294177119947641,-0.018712279680588417,0
P01,0,54,2026092802,1.0,0.9086262901274437,0.9294177119947641,-0.020791421867320414,0
P01,1,54,2026092801,0.0,0.925727335895713,0.9119879811292496,0.013739354766463374,0
P01,1,54,2026092801,0.1,0.9243534004190667,0.9119879811292496,0.012365419289817048,0
P01,1,54,2026092801,0.2,0.9229794649424203,0.9119879811292496,0.010991483813170722,0
P01,1,54,2026092801,0.3,0.9216055294657739,0.9119879811292496,0.009617548336524284,0
P01,1,54,2026092801,0.4,0.9202315939891277,0.9119879811292496,0.008243612859878069,0
P01,1,54,2026092801,0.5,0.9188576585124812,0.9119879811292496,0.006869677383231632,0
P01,1,54,2026092801,0.6,0.9174837230358349,0.9119879811292496,0.005495741906585305,0
P01,1,54,2026092801,0.7,0.9161097875591886,0.9119879811292496,0.004121806429938979,0
P01,1,54,2026092801,0.8,0.9147358520825424,0.9119879811292496,0.0027478709532927637,0
P01,1,54,2026092801,0.9,0.9133619166058959,0.9119879811292496,0.0013739354766463263,0
P01,1,54,2026092801,1.0,0.9119879811292496,0.9119879811292496,0.0,0
P01,1,54,2026092802,0.0,0.9255705181975414,0.9107664347886641,0.014804083408877289,0
P01,1,54,2026092802,0.1,0.9240901098566537,0.9107664347886641,0.013323675067989593,0
P01,1,54,2026092802,0.2,0.922609701515766,0.9107664347886641,0.011843266727101898,0
P01,1,54,2026092802,0.3,0.9211292931748782,0.9107664347886641,0.010362858386214091,0
P01,1,54,2026092802,0.4,0.9196488848339905,0.9107664347886641,0.008882450045326395,0
P01,1,54,2026092802,0.5,0.9181684764931028,0.9107664347886641,0.0074020417044387,0
P01,1,54,2026092802,0.6,0.916688068152215,0.9107664347886641,0.005921633363550893,0
P01,1,54,2026092802,0.7,0.9152076598113273,0.9107664347886641,0.004441225022663198,0
P01,1,54,2026092802,0.8,0.9137272514704395,0.9107664347886641,0.002960816681775391,0
P01,1,54,2026092802,0.9,0.912246843129552,0.9107664347886641,0.0014804083408878066,0
P01,1,54,2026092802,1.0,0.9107664347886641,0.9107664347886641,0.0,0
P00_rib_shift,0,42,2026092801,0.0,0.6681970569550326,0.7578108683879795,-0.08961381143294689,0
P00_rib_shift,0,42,2026092801,0.1,0.6771584380983273,0.7578108683879795,-0.08065243028965219,0
P00_rib_shift,0,42,2026092801,0.2,0.686119819241622,0.7578108683879795,-0.07169104914635749,0
P00_rib_shift,0,42,2026092801,0.3,0.6950812003849166,0.7578108683879795,-0.0627296680030629,0
P00_rib_shift,0,42,2026092801,0.4,0.7040425815282114,0.7578108683879795,-0.05376828685976809,0
P00_rib_shift,0,42,2026092801,0.5,0.7130039626715061,0.7578108683879795,-0.04480690571647339,0
P00_rib_shift,0,42,2026092801,0.6,0.7219653438148007,0.7578108683879795,-0.0358455245731788,0
P00_rib_shift,0,42,2026092801,0.7,0.7309267249580955,0.7578108683879795,-0.02688414342988399,0
P00_rib_shift,0,42,2026092801,0.8,0.7398881061013902,0.7578108683879795,-0.01792276228658929,0
P00_rib_shift,0,42,2026092801,0.9,0.7488494872446848,0.7578108683879795,-0.0089613811432947,0
P00_rib_shift,0,42,2026092801,1.0,0.7578108683879795,0.7578108683879795,0.0,0
P00_rib_shift,0,42,2026092802,0.0,0.6709993460796708,0.7583505052437522,-0.08735115916408143,0
P00_rib_shift,0,42,2026092802,0.1,0.679734461996079,0.7583505052437522,-0.07861604324767324,0
P00_rib_shift,0,42,2026092802,0.2,0.6884695779124871,0.7583505052437522,-0.06988092733126516,0
P00_rib_shift,0,42,2026092802,0.3,0.6972046938288952,0.7583505052437522,-0.06114581141485709,0
P00_rib_shift,0,42,2026092802,0.4,0.7059398097453033,0.7583505052437522,-0.0524106954984489,0
P00_rib_shift,0,42,2026092802,0.5,0.7146749256617115,0.7583505052437522,-0.04367557958204071,0
P00_rib_shift,0,42,2026092802,0.6,0.7234100415781197,0.7583505052437522,-0.034940463665632526,0
P00_rib_shift,0,42,2026092802,0.7,0.7321451574945279,0.7583505052437522,-0.02620534774922434,0
P00_rib_shift,0,42,2026092802,0.8,0.7408802734109359,0.7583505052437522,-0.017470231832816374,0
P00_rib_shift,0,42,2026092802,0.9,0.7496153893273441,0.7583505052437522,-0.008735115916408187,0
P00_rib_shift,0,42,2026092802,1.0,0.7583505052437522,0.7583505052437522,0.0,0
P00_rib_shift,1,42,2026092801,0.0,0.6733260626645294,0.6733260626645294,0.0,0
P00_rib_shift,1,42,2026092801,0.1,0.6807554388436409,0.6733260626645294,0.0074293761791114354,0
P00_rib_shift,1,42,2026092801,0.2,0.6881848150227523,0.6733260626645294,0.014858752358222871,0
P00_rib_shift,1,42,2026092801,0.3,0.6956141912018636,0.6733260626645294,0.022288128537334195,0
P00_rib_shift,1,42,2026092801,0.4,0.7030435673809751,0.6733260626645294,0.02971750471644563,0
P00_rib_shift,1,42,2026092801,0.5,0.7104729435600865,0.6733260626645294,0.037146880895557066,0
P00_rib_shift,1,42,2026092801,0.6,0.7179023197391979,0.6733260626645294,0.0445762570746685,0
P00_rib_shift,1,42,2026092801,0.7,0.7253316959183094,0.6733260626645294,0.05200563325377994,0
P00_rib_shift,1,42,2026092801,0.8,0.7327610720974207,0.6733260626645294,0.05943500943289126,0
P00_rib_shift,1,42,2026092801,0.9,0.7401904482765322,0.6733260626645294,0.06686438561200281,0
P00_rib_shift,1,42,2026092801,1.0,0.7476198244556436,0.6733260626645294,0.07429376179111413,0
P00_rib_shift,1,42,2026092802,0.0,0.6746297980245051,0.6746297980245051,0.0,0
P00_rib_shift,1,42,2026092802,0.1,0.6816175702277,0.6746297980245051,0.0069877722031949085,0
P00_rib_shift,1,42,2026092802,0.2,0.6886053424308951,0.6746297980245051,0.01397554440639004,0
P00_rib_shift,1,42,2026092802,0.3,0.69559311463409,0.6746297980245051,0.020963316609584948,0
P00_rib_shift,1,42,2026092802,0.4,0.7025808868372849,0.6746297980245051,0.027951088812779856,0
P00_rib_shift,1,42,2026092802,0.5,0.7095686590404799,0.6746297980245051,0.034938861015974876,0
P00_rib_shift,1,42,2026092802,0.6,0.716556431243675,0.6746297980245051,0.041926633219169895,0
P00_rib_shift,1,42,2026092802,0.7,0.72354420344687,0.6746297980245051,0.048914405422364915,0
P00_rib_shift,1,42,2026092802,0.8,0.7305319756500648,0.6746297980245051,0.05590217762555971,0
P00_rib_shift,1,42,2026092802,0.9,0.7375197478532599,0.6746297980245051,0.06288994982875484,0
P00_rib_shift,1,42,2026092802,1.0,0.7445075200564548,0.6746297980245051,0.06987772203194975,0
P01_lower_ribs,0,42,2026092801,0.0,0.6500766440890783,0.7217732966434004,-0.07169665255432212,0
P01_lower_ribs,0,42,2026092801,0.1,0.6572463093445104,0.7217732966434004,-0.06452698729888995,0
P01_lower_ribs,0,42,2026092801,0.2,0.6644159745999427,0.7217732966434004,-0.05735732204345767,0
P01_lower_ribs,0,42,2026092801,0.3,0.6715856398553749,0.7217732966434004,-0.0501876567880255,0
P01_lower_ribs,0,42,2026092801,0.4,0.6787553051108071,0.7217732966434004,-0.043017991532593336,0
P01_lower_ribs,0,42,2026092801,0.5,0.6859249703662393,0.7217732966434004,-0.03584832627716106,0
P01_lower_ribs,0,42,2026092801,0.6,0.6930946356216716,0.7217732966434004,-0.02867866102172878,0
P01_lower_ribs,0,42,2026092801,0.7,0.7002643008771037,0.7217732966434004,-0.021508995766296723,0
P01_lower_ribs,0,42,2026092801,0.8,0.707433966132536,0.7217732966434004,-0.014339330510864445,0
P01_lower_ribs,0,42,2026092801,0.9,0.7146036313879682,0.7217732966434004,-0.007169665255432167,0
P01_lower_ribs,0,42,2026092801,1.0,0.7217732966434004,0.7217732966434004,0.0,0
P01_lower_ribs,0,42,2026092802,0.0,0.6491314579121441,0.7238719976054372,-0.07474053969329308,0
P01_lower_ribs,0,42,2026092802,0.1,0.6566055118814734,0.7238719976054372,-0.06726648572396376,0
P01_lower_ribs,0,42,2026092802,0.2,0.6640795658508027,0.7238719976054372,-0.059792431754634445,0
P01_lower_ribs,0,42,2026092802,0.3,0.671553619820132,0.7238719976054372,-0.05231837778530524,0
P01_lower_ribs,0,42,2026092802,0.4,0.6790276737894614,0.7238719976054372,-0.044844323815975806,0
P01_lower_ribs,0,42,2026092802,0.5,0.6865017277587906,0.7238719976054372,-0.0373702698466466,0
P01_lower_ribs,0,42,2026092802,0.6,0.69397578172812,0.7238719976054372,-0.029896215877317167,0
P01_lower_ribs,0,42,2026092802,0.7,0.7014498356974493,0.7238719976054372,-0.022422161907987848,0
P01_lower_ribs,0,42,2026092802,0.8,0.7089238896667786,0.7238719976054372,-0.014948107938658639,0
P01_lower_ribs,0,42,2026092802,0.9,0.7163979436361079,0.7238719976054372,-0.0074740539693293195,0
P01_lower_ribs,0,42,2026092802,1.0,0.7238719976054372,0.7238719976054372,0.0,0
P01_lower_ribs,1,42,2026092801,0.0,0.6638612515178826,0.6634386011555344,0.00042265036234812037,0
P01_lower_ribs,1,42,2026092801,0.1,0.6684997764385808,0.6634386011555344,0.005061175283046393,0
P01_lower_ribs,1,42,2026092801,0.2,0.673138301359279,0.6634386011555344,0.009699700203744555,0
P01_lower_ribs,1,42,2026092801,0.3,0.6777768262799772,0.6634386011555344,0.014338225124442716,0
P01_lower_ribs,1,42,2026092801,0.4,0.6824153512006754,0.6634386011555344,0.01897675004514099,0
P01_lower_ribs,1,42,2026092801,0.5,0.6870538761213736,0.6634386011555344,0.02361527496583915,0
P01_lower_ribs,1,42,2026092801,0.6,0.6916924010420719,0.6634386011555344,0.028253799886537423,0
P01_lower_ribs,1,42,2026092801,0.7,0.6963309259627701,0.6634386011555344,0.032892324807235696,0
P01_lower_ribs,1,42,2026092801,0.8,0.7009694508834683,0.6634386011555344,0.03753084972793386,0
P01_lower_ribs,1,42,2026092801,0.9,0.7056079758041665,0.6634386011555344,0.04216937464863202,0
P01_lower_ribs,1,42,2026092801,1.0,0.7102465007248647,0.6634386011555344,0.04680789956933029,0
P01_lower_ribs,1,42,2026092802,0.0,0.6642303964107451,0.6632920015252491,0.0009383948854959634,0
P01_lower_ribs,1,42,2026092802,0.1,0.668874533626629,0.6632920015252491,0.005582532101379822,0
P01_lower_ribs,1,42,2026092802,0.2,0.673518670842513,0.6632920015252491,0.010226669317263903,0
P01_lower_ribs,1,42,2026092802,0.3,0.6781628080583968,0.6632920015252491,0.014870806533147651,0
P01_lower_ribs,1,42,2026092802,0.4,0.6828069452742809,0.6632920015252491,0.019514943749031732,0
P01_lower_ribs,1,42,2026092802,0.5,0.6874510824901647,0.6632920015252491,0.02415908096491559,0
P01_lower_ribs,1,42,2026092802,0.6,0.6920952197060486,0.6632920015252491,0.02880321818079945,0
P01_lower_ribs,1,42,2026092802,0.7,0.6967393569219326,0.6632920015252491,0.03344735539668342,0
P01_lower_ribs,1,42,2026092802,0.8,0.7013834941378165,0.6632920015252491,0.03809149261256739,0
P01_lower_ribs,1,42,2026092802,0.9,0.7060276313537005,0.6632920015252491,0.04273562982845136,0
P01_lower_ribs,1,42,2026092802,1.0,0.7106717685695844,0.6632920015252491,0.04737976704433522,0
