scope,budget,matched_conditions,G_mean,S_correct_mean,X_wrong_mean,mixing_slope,algebraic_crossing_correct_category_probability,crossing_inside_probability_interval,semantic_prior_in_controller,new_reliability_trials,interpretation
originals,42,8,0.7026481821738454,0.7465674897155418,0.6525394485788605,0.09402804113668128,0.532912660832163,True,0.9,0,descriptive linear mixture of observed complete endpoints; not calibration or guarantee
originals,54,8,0.9262979226980712,0.9198187259237539,0.9310495504749643,-0.011230824551210383,0.4230880604737955,True,0.9,0,descriptive linear mixture of observed complete endpoints; not calibration or guarantee
same_family_variants,42,8,0.7045616414062984,0.7343565352108896,0.6643065017066985,0.07005003350419114,0.5746626758885338,True,0.9,0,descriptive linear mixture of observed complete endpoints; not calibration or guarantee
P00,42,4,0.7232203251969024,0.7675862498781163,0.6717880221388763,0.09579822773923996,0.5368815715257624,True,0.9,0,descriptive linear mixture of observed complete endpoints; not calibration or guarantee
P00,54,4,0.932789648404228,0.929278700715246,0.9351570444141788,-0.005878343698932809,0.40273181208860437,True,0.9,0,descriptive linear mixture of observed complete endpoints; not calibration or guarantee
P01,42,4,0.6820760391507885,0.7255487295529672,0.6332908750188446,0.09225785453412261,0.528791444135525,True,0.9,0,descriptive linear mixture of observed complete endpoints; not calibration or guarantee
P01,54,4,0.9198061969919145,0.9103587511322617,0.9269420565357497,-0.016583305403487958,0.4303038127932167,True,0.9,0,descriptive linear mixture of observed complete endpoints; not calibration or guarantee
P00_rib_shift,42,4,0.7160293085801915,0.7520721795359575,0.6717880659309345,0.08028411360502297,0.5510584929281581,True,0.9,0,descriptive linear mixture of observed complete endpoints; not calibration or guarantee
P01_lower_ribs,42,4,0.6930939742324053,0.7166408908858217,0.6568249374824625,0.05981595340335921,0.6063438712640483,True,0.9,0,descriptive linear mixture of observed complete endpoints; not calibration or guarantee
