scope,budget,mode,threshold,declared_episodes,completed_episodes,qualified_episodes,all_qualified,mean_C_map,mean_precision,mean_recall,mean_f1,mean_joint,mean_paid_actions,mean_online_seconds
originals,30,G,02cm,8,0,0,False,,,,,,18.0,3.64555427612504
originals,30,G,05cm,8,0,0,False,,,,,,18.0,3.64555427612504
originals,30,G,10cm,8,0,0,False,,,,,,18.0,3.64555427612504
originals,30,S,02cm,8,0,0,False,,,,,,18.0,3.7215378172695637
originals,30,S,05cm,8,0,0,False,,,,,,18.0,3.7215378172695637
originals,30,S,10cm,8,0,0,False,,,,,,18.0,3.7215378172695637
originals,30,X,02cm,8,0,0,False,,,,,,18.0,3.831145996169653
originals,30,X,05cm,8,0,0,False,,,,,,18.0,3.831145996169653
originals,30,X,10cm,8,0,0,False,,,,,,18.0,3.831145996169653
originals,30,Xnf,02cm,8,0,0,False,,,,,,18.0,3.6554276414681226
originals,30,Xnf,05cm,8,0,0,False,,,,,,18.0,3.6554276414681226
originals,30,Xnf,10cm,8,0,0,False,,,,,,18.0,3.6554276414681226
originals,42,G,02cm,8,8,8,True,0.9525438918082203,0.78900146484375,0.5897293090820312,0.6736626421656718,0.6417704145049921,42.0,8.758486751408782
originals,42,G,05cm,8,8,8,True,0.9525438918082203,0.8616905212402344,0.6478805541992188,0.7375622343454201,0.7026481821738454,42.0,8.758486751408782
originals,42,G,10cm,8,8,8,True,0.9525438918082203,0.8832511901855469,0.670166015625,0.7596652176490476,0.7236995295323397,42.0,8.758486751408782
originals,42,S,02cm,8,8,8,True,0.9525438918082203,0.7964324951171875,0.6416702270507812,0.7106993610385453,0.6770620037562363,42.0,8.884294073563069
originals,42,S,05cm,8,8,8,True,0.9525438918082203,0.8694801330566406,0.71356201171875,0.7836684273692228,0.7465674897155418,42.0,8.884294073563069
originals,42,S,10cm,8,8,8,True,0.9525438918082203,0.8894233703613281,0.7398910522460938,0.8075671662743813,0.7693385124828748,42.0,8.884294073563069
originals,42,X,02cm,8,8,8,True,0.9525438918082203,0.7901268005371094,0.532684326171875,0.6362631706519625,0.6061405387147786,42.0,8.73981823597569
originals,42,X,05cm,8,8,8,True,0.9525438918082203,0.8538551330566406,0.5720481872558594,0.6849628547596316,0.6525394485788605,42.0,8.73981823597569
originals,42,X,10cm,8,8,8,True,0.9525438918082203,0.8755912780761719,0.5866432189941406,0.7024316933028492,0.6691761024763663,42.0,8.73981823597569
originals,42,Xnf,02cm,8,8,8,True,0.9525438918082203,0.799835205078125,0.5238876342773438,0.6330649569266398,0.6030783034641719,42.0,8.574723691155668
originals,42,Xnf,05cm,8,8,8,True,0.9525438918082203,0.8527870178222656,0.5563392639160156,0.6733546175998669,0.6414247589173852,42.0,8.574723691155668
originals,42,Xnf,10cm,8,8,8,True,0.9525438918082203,0.8746795654296875,0.5721893310546875,0.6917769057646904,0.6589743246124491,42.0,8.574723691155668
originals,54,G,02cm,8,8,8,True,1.0,0.790252685546875,0.8988418579101562,0.8407382958562405,0.8407382958562405,54.0,15.617465913237538
originals,54,G,05cm,8,8,8,True,1.0,0.8737640380859375,0.9857635498046875,0.9262979226980712,0.9262979226980712,54.0,15.617465913237538
originals,54,G,10cm,8,8,8,True,1.0,0.8964729309082031,0.9986572265625,0.9447860232356714,0.9447860232356714,54.0,15.617465913237538
originals,54,S,02cm,8,8,8,True,1.0,0.7779579162597656,0.8911972045898438,0.8304665940618932,0.8304665940618932,54.0,15.933878661191557
originals,54,S,05cm,8,8,8,True,1.0,0.8637886047363281,0.98382568359375,0.9198187259237539,0.9198187259237539,54.0,15.933878661191557
originals,54,S,10cm,8,8,8,True,1.0,0.8924217224121094,0.9976081848144531,0.9420779051371212,0.9420779051371212,54.0,15.933878661191557
originals,54,X,02cm,8,8,8,True,1.0,0.8027496337890625,0.9070625305175781,0.8512998559550115,0.8512998559550115,54.0,15.641610405349638
originals,54,X,05cm,8,8,8,True,1.0,0.88104248046875,0.9872627258300781,0.9310495504749643,0.9310495504749643,54.0,15.641610405349638
originals,54,X,10cm,8,8,8,True,1.0,0.8987770080566406,0.9997406005859375,0.9465358257152732,0.9465358257152732,54.0,15.641610405349638
originals,54,Xnf,02cm,8,8,8,True,1.0,0.8143577575683594,0.8749465942382812,0.843532698998453,0.843532698998453,54.0,15.37880335393129
originals,54,Xnf,05cm,8,8,8,True,1.0,0.874420166015625,0.9447097778320312,0.9081965978469209,0.9081965978469209,54.0,15.37880335393129
originals,54,Xnf,10cm,8,8,8,True,1.0,0.8924217224121094,0.9643211364746094,0.9269609569744648,0.9269609569744648,54.0,15.37880335393129
same_family_variants,42,G,02cm,8,8,8,True,0.9525438918082203,0.7870864868164062,0.5964126586914062,0.6778381782865411,0.6456993413745674,42.0,9.79301545425551
same_family_variants,42,G,05cm,8,8,8,True,0.9525438918082203,0.8596229553222656,0.6507949829101562,0.7396206383877859,0.7045616414062984,42.0,9.79301545425551
same_family_variants,42,G,10cm,8,8,8,True,0.9525438918082203,0.88128662109375,0.6719932556152344,0.7611133812639881,0.7250366479049346,42.0,9.79301545425551
same_family_variants,42,S,02cm,8,8,8,True,0.9525438918082203,0.7917442321777344,0.63104248046875,0.7022780770355355,0.6690255840890654,42.0,9.873927482578438
same_family_variants,42,S,05cm,8,8,8,True,0.9525438918082203,0.8653831481933594,0.69512939453125,0.7708667546627395,0.7343565352108896,42.0,9.873927482578438
same_family_variants,42,S,10cm,8,8,8,True,0.9525438918082203,0.8854522705078125,0.720611572265625,0.7944099507100306,0.75679525190161,42.0,9.873927482578438
same_family_variants,42,X,02cm,8,8,8,True,0.9525438918082203,0.7898826599121094,0.5481071472167969,0.6470892639836525,0.6163983831439696,42.0,9.742445917567238
same_family_variants,42,X,05cm,8,8,8,True,0.9525438918082203,0.8547172546386719,0.5890045166015625,0.6973805345992777,0.6643065017066985,42.0,9.742445917567238
same_family_variants,42,X,10cm,8,8,8,True,0.9525438918082203,0.8762931823730469,0.6037406921386719,0.7148874312641844,0.6809792194367335,42.0,9.742445917567238
same_family_variants,42,Xnf,02cm,8,8,8,True,0.9525438918082203,0.799591064453125,0.53955078125,0.6440642994540724,0.6135020310518715,42.0,9.632419609697536
same_family_variants,42,Xnf,05cm,8,8,8,True,0.9525438918082203,0.8536491394042969,0.5732955932617188,0.6857722745711914,0.6531917901491942,42.0,9.632419609697536
same_family_variants,42,Xnf,10cm,8,8,8,True,0.9525438918082203,0.8753814697265625,0.5892868041992188,0.7042326437260258,0.6707774415728163,42.0,9.632419609697536
P00,30,G,02cm,4,0,0,False,,,,,,18.0,3.501489221700467
P00,30,G,05cm,4,0,0,False,,,,,,18.0,3.501489221700467
P00,30,G,10cm,4,0,0,False,,,,,,18.0,3.501489221700467
P00,30,S,02cm,4,0,0,False,,,,,,18.0,3.516202273312956
P00,30,S,05cm,4,0,0,False,,,,,,18.0,3.516202273312956
P00,30,S,10cm,4,0,0,False,,,,,,18.0,3.516202273312956
P00,30,X,02cm,4,0,0,False,,,,,,18.0,3.49262701603584
P00,30,X,05cm,4,0,0,False,,,,,,18.0,3.49262701603584
P00,30,X,10cm,4,0,0,False,,,,,,18.0,3.49262701603584
P00,30,Xnf,02cm,4,0,0,False,,,,,,18.0,3.515131139429286
P00,30,Xnf,05cm,4,0,0,False,,,,,,18.0,3.515131139429286
P00,30,Xnf,10cm,4,0,0,False,,,,,,18.0,3.515131139429286
P00,42,G,02cm,4,4,4,True,0.9574829931972789,0.7985687255859375,0.60797119140625,0.68928887953458,0.6599823795543682,42.0,8.20798657706473
P00,42,G,05cm,4,4,4,True,0.9574829931972789,0.8681716918945312,0.67169189453125,0.7553349044685232,0.7232203251969024,42.0,8.20798657706473
P00,42,G,10cm,4,4,4,True,0.9574829931972789,0.8893051147460938,0.6937179565429688,0.7768883185486567,0.7438573526239689,42.0,8.20798657706473
P00,42,S,02cm,4,4,4,True,0.9574829931972789,0.8130874633789062,0.6604690551757812,0.7288541790715493,0.6978654809817725,42.0,8.273218525922857
P00,42,S,05cm,4,4,4,True,0.9574829931972789,0.87603759765625,0.7389984130859375,0.8016708968531658,0.7675862498781163,42.0,8.273218525922857
P00,42,S,10cm,4,4,4,True,0.9574829931972789,0.8953628540039062,0.7681732177734375,0.8268704799400188,0.7917144221194399,42.0,8.273218525922857
P00,42,X,02cm,4,4,4,True,0.9574829931972789,0.7987823486328125,0.5491943359375,0.6508289635064569,0.623157664037645,42.0,8.23505268106237
P00,42,X,05cm,4,4,4,True,0.9574829931972789,0.8599853515625,0.5925140380859375,0.7016187513635157,0.6717880221388763,42.0,8.23505268106237
P00,42,X,10cm,4,4,4,True,0.9574829931972789,0.881317138671875,0.60638427734375,0.7184434334966004,0.6878973691472552,42.0,8.23505268106237
P00,42,Xnf,02cm,4,4,4,True,0.9574829931972789,0.8181991577148438,0.5316009521484375,0.6444325360558114,0.6170331935364317,42.0,7.96420985495206
P00,42,Xnf,05cm,4,4,4,True,0.9574829931972789,0.85784912109375,0.56109619140625,0.6784022770439864,0.6495586428159258,42.0,7.96420985495206
P00,42,Xnf,10cm,4,4,4,True,0.9574829931972789,0.8794937133789062,0.5774765014648438,0.6971338584202831,0.6674938134194206,42.0,7.96420985495206
P00,54,G,02cm,4,4,4,True,1.0,0.8228988647460938,0.9019012451171875,0.8605663782808992,0.8605663782808992,54.0,14.688678527367301
P00,54,G,05cm,4,4,4,True,1.0,0.8873748779296875,0.9831314086914062,0.932789648404228,0.932789648404228,54.0,14.688678527367301
P00,54,G,10cm,4,4,4,True,1.0,0.9057998657226562,0.9996871948242188,0.950424301740612,0.950424301740612,54.0,14.688678527367301
P00,54,S,02cm,4,4,4,True,1.0,0.8136672973632812,0.9001007080078125,0.8547019027542405,0.8547019027542405,54.0,14.83866443298757
P00,54,S,05cm,4,4,4,True,1.0,0.8805923461914062,0.9836654663085938,0.929278700715246,0.929278700715246,54.0,14.83866443298757
P00,54,S,10cm,4,4,4,True,1.0,0.899932861328125,0.9996795654296875,0.9471869154756343,0.9471869154756343,54.0,14.83866443298757
P00,54,X,02cm,4,4,4,True,1.0,0.8342819213867188,0.9024124145507812,0.8670089788590825,0.8670089788590825,54.0,14.759621101315133
P00,54,X,05cm,4,4,4,True,1.0,0.892730712890625,0.9818191528320312,0.9351570444141788,0.9351570444141788,54.0,14.759621101315133
P00,54,X,10cm,4,4,4,True,1.0,0.9100265502929688,0.9996261596679688,0.9527242199826624,0.9527242199826624,54.0,14.759621101315133
P00,54,Xnf,02cm,4,4,4,True,1.0,0.8358154296875,0.8878707885742188,0.8610491426675551,0.8610491426675551,54.0,14.658512264373712
P00,54,Xnf,05cm,4,4,4,True,1.0,0.8886871337890625,0.9660873413085938,0.9257709870105159,0.9257709870105159,54.0,14.658512264373712
P00,54,Xnf,10cm,4,4,4,True,1.0,0.90655517578125,0.9879837036132812,0.9455190276299563,0.9455190276299563,54.0,14.658512264373712
P01,30,G,02cm,4,0,0,False,,,,,,18.0,3.7896193305496126
P01,30,G,05cm,4,0,0,False,,,,,,18.0,3.7896193305496126
P01,30,G,10cm,4,0,0,False,,,,,,18.0,3.7896193305496126
P01,30,S,02cm,4,0,0,False,,,,,,18.0,3.9268733612261713
P01,30,S,05cm,4,0,0,False,,,,,,18.0,3.9268733612261713
P01,30,S,10cm,4,0,0,False,,,,,,18.0,3.9268733612261713
P01,30,X,02cm,4,0,0,False,,,,,,18.0,4.169664976303466
P01,30,X,05cm,4,0,0,False,,,,,,18.0,4.169664976303466
P01,30,X,10cm,4,0,0,False,,,,,,18.0,4.169664976303466
P01,30,Xnf,02cm,4,0,0,False,,,,,,18.0,3.795724143506959
P01,30,Xnf,05cm,4,0,0,False,,,,,,18.0,3.795724143506959
P01,30,Xnf,10cm,4,0,0,False,,,,,,18.0,3.795724143506959
P01,42,G,02cm,4,4,4,True,0.9476047904191617,0.7794342041015625,0.5714874267578125,0.6580364047967637,0.6235584494556159,42.0,9.308986925752833
P01,42,G,05cm,4,4,4,True,0.9476047904191617,0.8552093505859375,0.6240692138671875,0.7197895642223171,0.6820760391507885,42.0,9.308986925752833
P01,42,G,10cm,4,4,4,True,0.9476047904191617,0.877197265625,0.6466140747070312,0.7424421167494386,0.7035417064407105,42.0,9.308986925752833
P01,42,S,02cm,4,4,4,True,0.9476047904191617,0.7797775268554688,0.6228713989257812,0.6925445430055411,0.6562585265306999,42.0,9.495369621203281
P01,42,S,05cm,4,4,4,True,0.9476047904191617,0.8629226684570312,0.6881256103515625,0.7656659578852798,0.7255487295529672,42.0,9.495369621203281
P01,42,S,10cm,4,4,4,True,0.9476047904191617,0.88348388671875,0.71160888671875,0.7882638526087438,0.7469626028463097,42.0,9.495369621203281
P01,42,X,02cm,4,4,4,True,0.9476047904191617,0.7814712524414062,0.51617431640625,0.6216973777974681,0.5891234133919121,42.0,9.24458379088901
P01,42,X,05cm,4,4,4,True,0.9476047904191617,0.8477249145507812,0.5515823364257812,0.6683069581557475,0.6332908750188446,42.0,9.24458379088901
P01,42,X,10cm,4,4,4,True,0.9476047904191617,0.8698654174804688,0.5669021606445312,0.6864199531090979,0.6504548358054775,42.0,9.24458379088901
P01,42,Xnf,02cm,4,4,4,True,0.9476047904191617,0.7814712524414062,0.51617431640625,0.6216973777974681,0.5891234133919121,42.0,9.185237527359277
P01,42,Xnf,05cm,4,4,4,True,0.9476047904191617,0.8477249145507812,0.5515823364257812,0.6683069581557475,0.6332908750188446,42.0,9.185237527359277
P01,42,Xnf,10cm,4,4,4,True,0.9476047904191617,0.8698654174804688,0.5669021606445312,0.6864199531090979,0.6504548358054775,42.0,9.185237527359277
P01,54,G,02cm,4,4,4,True,1.0,0.7576065063476562,0.895782470703125,0.8209102134315819,0.8209102134315819,54.0,16.546253299107775
P01,54,G,05cm,4,4,4,True,1.0,0.8601531982421875,0.9883956909179688,0.9198061969919145,0.9198061969919145,54.0,16.546253299107775
P01,54,G,10cm,4,4,4,True,1.0,0.88714599609375,0.9976272583007812,0.9391477447307308,0.9391477447307308,54.0,16.546253299107775
P01,54,S,02cm,4,4,4,True,1.0,0.74224853515625,0.882293701171875,0.8062312853695459,0.8062312853695459,54.0,17.029092889395542
P01,54,S,05cm,4,4,4,True,1.0,0.84698486328125,0.9839859008789062,0.9103587511322617,0.9103587511322617,54.0,17.029092889395542
P01,54,S,10cm,4,4,4,True,1.0,0.8849105834960938,0.9955368041992188,0.9369688947986081,0.9369688947986081,54.0,17.029092889395542
P01,54,X,02cm,4,4,4,True,1.0,0.7712173461914062,0.911712646484375,0.8355907330509404,0.8355907330509404,54.0,16.523599709384143
P01,54,X,05cm,4,4,4,True,1.0,0.869354248046875,0.992706298828125,0.9269420565357497,0.9269420565357497,54.0,16.523599709384143
P01,54,X,10cm,4,4,4,True,1.0,0.8875274658203125,0.9998550415039062,0.9403474314478838,0.9403474314478838,54.0,16.523599709384143
P01,54,Xnf,02cm,4,4,4,True,1.0,0.7929000854492188,0.8620223999023438,0.8260162553293507,0.8260162553293507,54.0,16.099094443488866
P01,54,Xnf,05cm,4,4,4,True,1.0,0.8601531982421875,0.9233322143554688,0.890622208683326,0.890622208683326,54.0,16.099094443488866
P01,54,Xnf,10cm,4,4,4,True,1.0,0.8782882690429688,0.9406585693359375,0.9084028863189731,0.9084028863189731,54.0,16.099094443488866
P00_rib_shift,42,G,02cm,4,4,4,True,0.9574829931972789,0.796417236328125,0.6001434326171875,0.6836540162393334,0.6545870937801781,42.0,9.465007298393175
P00_rib_shift,42,G,05cm,4,4,4,True,0.9574829931972789,0.86688232421875,0.6598663330078125,0.7478245709505376,0.7160293085801915,42.0,9.465007298393175
P00_rib_shift,42,G,10cm,4,4,4,True,0.9574829931972789,0.888092041015625,0.6823272705078125,0.7697679127373223,0.7370396851549531,42.0,9.465007298393175
P00_rib_shift,42,S,02cm,4,4,4,True,0.9574829931972789,0.8103103637695312,0.6437301635742188,0.7174410494355883,0.686937603456184,42.0,9.511873626732267
P00_rib_shift,42,S,05cm,4,4,4,True,0.9574829931972789,0.8737411499023438,0.7134780883789062,0.7854679246308047,0.7520721795359575,42.0,9.511873626732267
P00_rib_shift,42,S,10cm,4,4,4,True,0.9574829931972789,0.89312744140625,0.7437973022460938,0.8116004787864586,0.777093655708803,42.0,9.511873626732267
P00_rib_shift,42,X,02cm,4,4,4,True,0.9574829931972789,0.7987823486328125,0.5489044189453125,0.650623769613166,0.622961194374511,42.0,9.574279111810029
P00_rib_shift,42,X,05cm,4,4,4,True,0.9574829931972789,0.8599853515625,0.5925140380859375,0.701618797100159,0.6717880659309345,42.0,9.574279111810029
P00_rib_shift,42,X,10cm,4,4,4,True,0.9574829931972789,0.881317138671875,0.60638427734375,0.7184434334966004,0.6878973691472552,42.0,9.574279111810029
P00_rib_shift,42,Xnf,02cm,4,4,4,True,0.9574829931972789,0.8181991577148438,0.5317916870117188,0.6445738405540058,0.6171684901903151,42.0,9.239679393009283
P00_rib_shift,42,Xnf,05cm,4,4,4,True,0.9574829931972789,0.85784912109375,0.56109619140625,0.6784022770439864,0.6495586428159258,42.0,9.239679393009283
P00_rib_shift,42,Xnf,10cm,4,4,4,True,0.9574829931972789,0.8794937133789062,0.5774765014648438,0.6971338584202831,0.6674938134194206,42.0,9.239679393009283
P01_lower_ribs,42,G,02cm,4,4,4,True,0.9476047904191617,0.7777557373046875,0.592681884765625,0.672022340333749,0.6368115889689567,42.0,10.121023610117845
P01_lower_ribs,42,G,05cm,4,4,4,True,0.9476047904191617,0.8523635864257812,0.6417236328125,0.7314167058250343,0.6930939742324053,42.0,10.121023610117845
P01_lower_ribs,42,G,10cm,4,4,4,True,0.9476047904191617,0.874481201171875,0.6616592407226562,0.7524588497906538,0.713033610654916,42.0,10.121023610117845
P01_lower_ribs,42,S,02cm,4,4,4,True,0.9476047904191617,0.7731781005859375,0.6183547973632812,0.6871151046354825,0.6511135647219468,42.0,10.235981338424608
P01_lower_ribs,42,S,05cm,4,4,4,True,0.9476047904191617,0.857025146484375,0.6767807006835938,0.7562655846946744,0.7166408908858217,42.0,10.235981338424608
P01_lower_ribs,42,S,10cm,4,4,4,True,0.9476047904191617,0.877777099609375,0.6974258422851562,0.7772194226336027,0.736496848094417,42.0,10.235981338424608
P01_lower_ribs,42,X,02cm,4,4,4,True,0.9476047904191617,0.7809829711914062,0.5473098754882812,0.643554758354139,0.6098355719134281,42.0,9.910612723324448
P01_lower_ribs,42,X,05cm,4,4,4,True,0.9476047904191617,0.8494491577148438,0.5854949951171875,0.6931422720983964,0.6568249374824625,42.0,9.910612723324448
P01_lower_ribs,42,X,10cm,4,4,4,True,0.9476047904191617,0.8712692260742188,0.6010971069335938,0.7113314290317685,0.6740610697262118,42.0,9.910612723324448
P01_lower_ribs,42,Xnf,02cm,4,4,4,True,0.9476047904191617,0.7809829711914062,0.5473098754882812,0.643554758354139,0.6098355719134281,42.0,10.025159826385789
P01_lower_ribs,42,Xnf,05cm,4,4,4,True,0.9476047904191617,0.8494491577148438,0.5854949951171875,0.6931422720983964,0.6568249374824625,42.0,10.025159826385789
P01_lower_ribs,42,Xnf,10cm,4,4,4,True,0.9476047904191617,0.8712692260742188,0.6010971069335938,0.7113314290317685,0.6740610697262118,42.0,10.025159826385789
