pair_id,comparison,scene_id,left_run,right_run,left_status,right_status,quality_status,mechanism_status,both_original_end_to_end_qualified,interpretation,left_C_nav,right_C_nav,delta_C_nav,left_P,right_P,delta_P,left_R,right_R,delta_R,left_F1,right_F1,delta_F1,left_J_nav,right_J_nav,delta_J_nav,left_paid_actions,right_paid_actions,delta_paid_actions,left_path_length_m,right_path_length_m,delta_path_length_m,left_turns,right_turns,delta_turns,left_explicit_observe_actions,right_explicit_observe_actions,delta_explicit_observe_actions,left_observation_frames,right_observation_frames,delta_observation_frames,left_planning_s,right_planning_s,delta_planning_s,left_evidence_s,right_evidence_s,delta_evidence_s,left_acquisition_s,right_acquisition_s,delta_acquisition_s,left_mapping_s,right_mapping_s,delta_mapping_s,left_elapsed_episode_s,right_elapsed_episode_s,delta_elapsed_episode_s,first_action_divergence_paid_step,actions_identical,first_namespaced_receipt_hash_difference_paid_step,observation_equality_rule,first_observation_divergence_paid_step,common_observation_prefix_frames,common_replan_count,numeric_common_candidate_scores,common_selected_target_differences,unique_target_score_order_differences,changed_common_candidate_scores,first_changed_score_paid_step,max_abs_common_score_delta,changed_posterior_instance_steps,changed_reliability_instance_steps,changed_posterior_with_both_forecasts,changed_posterior_with_both_zero_forecast_bases,changed_posterior_at_replan_without_feasible_options,first_changed_posterior_paid_step,first_xy_divergence_paid_step,first_full_pose_divergence_paid_step,unmatched_left_instance_prefix_frames,unmatched_right_instance_prefix_frames,identity_rule,left_trace_review_scope,right_trace_review_scope
ground_AISLE_G_b160_n92801__vs__dev_AISLE_G_b160_n92801,GroundOn-GroundOff/G,ART1_AISLE_DEV,ground_AISLE_G_b160_n92801,dev_AISLE_G_b160_n92801,reviewed_qualified,reviewed_common_derived_quality,motion_complete_common_derived_metric,common_actual_prefix_only,True,original online failures remain failures; paired score concerns motion-complete saved predictions under one derived metric,0.944536620052145,0.9992889310263096,-0.05475231097416455,0.9370764443605132,0.9219296742556982,0.015146770104815022,0.5711172628398056,0.8192724375246199,-0.2481551746848143,0.6911626410782391,0.8573627321588744,-0.16620009108063527,0.6528284249103538,0.8567530881208377,-0.20392466321048397,160,160,0,22.0,24.0,-2.0,56,54,2,16,10,6,161,161,0,24.86939376872033,38.82764171482995,-13.958247946109623,53.36332977935672,30.43073151167482,22.932598267681897,179.6333989794366,124.5756276184693,55.05777136096731,11.028887163847685,6.320189987774938,4.7086971760727465,284.8708011857234,211.16011927695945,73.71068190876395,6,False,0,"exact uncompressed NPY arrays: RGB-D excluding frame_id only, plus complete scan, including calibration/pose/time/paid_step",6,6,1,0,0,0,0,,,0,0,0,0,0,,8,6,0,0,bidirectionally unique observed marker anchors within 0.25m at each paid step; no class or GT; unmatched identities not compared,complete_independent_ground_review,complete_independent_v1_review_plus_common_derived_metric
ground_AISLE_B_b160_n92801__vs__dev_AISLE_B_b160_n92801,GroundOn-GroundOff/B,ART1_AISLE_DEV,ground_AISLE_B_b160_n92801,dev_AISLE_B_b160_n92801,reviewed_qualified,reviewed_common_derived_quality,motion_complete_common_derived_metric,common_actual_prefix_only,True,original online failures remain failures; paired score concerns motion-complete saved predictions under one derived metric,0.944536620052145,0.9992889310263096,-0.05475231097416455,0.9370764443605132,0.9219296742556982,0.015146770104815022,0.5711172628398056,0.8192724375246199,-0.2481551746848143,0.6911626410782391,0.8573627321588744,-0.16620009108063527,0.6528284249103538,0.8567530881208377,-0.20392466321048397,160,160,0,22.0,24.0,-2.0,56,54,2,16,10,6,161,161,0,26.86664307070896,46.85568279447034,-19.98903972376138,57.9858741867356,37.074104653671384,20.911769533064216,194.89421859337017,150.6516341897659,44.24258440360427,11.766140271443874,8.190558819565922,3.5755814518779516,307.0240034610033,254.6788658569567,52.34513760404661,6,False,0,"exact uncompressed NPY arrays: RGB-D excluding frame_id only, plus complete scan, including calibration/pose/time/paid_step",6,6,1,0,0,0,0,,,1,0,0,0,0,5,8,6,0,0,bidirectionally unique observed marker anchors within 0.25m at each paid step; no class or GT; unmatched identities not compared,complete_independent_ground_review,complete_independent_v1_review_plus_common_derived_metric
ground_AISLE_S_b160_n92801__vs__dev_AISLE_S_b160_n92801,GroundOn-GroundOff/S,ART1_AISLE_DEV,ground_AISLE_S_b160_n92801,dev_AISLE_S_b160_n92801,reviewed_qualified,reviewed_common_derived_quality,motion_complete_common_derived_metric,common_actual_prefix_only,True,original online failures remain failures; paired score concerns motion-complete saved predictions under one derived metric,0.944536620052145,0.9992889310263096,-0.05475231097416455,0.9370764443605132,0.9219296742556982,0.015146770104815022,0.5711172628398056,0.8192724375246199,-0.2481551746848143,0.6911626410782391,0.8573627321588744,-0.16620009108063527,0.6528284249103538,0.8567530881208377,-0.20392466321048397,160,160,0,22.0,24.0,-2.0,56,54,2,16,10,6,161,161,0,19.866434982512146,49.596174243837595,-29.72973926132545,41.983403970487416,37.97134194150567,4.012062028981745,154.31357915094122,153.30003724992275,1.0135419010184705,8.019688377156854,8.430928922723979,-0.4112405455671251,235.07548368535936,261.40180196613073,-26.326318280771375,6,False,0,"exact uncompressed NPY arrays: RGB-D excluding frame_id only, plus complete scan, including calibration/pose/time/paid_step",6,6,1,0,0,0,0,,,1,0,0,0,0,5,8,6,0,0,bidirectionally unique observed marker anchors within 0.25m at each paid step; no class or GT; unmatched identities not compared,complete_independent_ground_review,complete_independent_v1_review_plus_common_derived_metric
ground_AISLE_NBV_b160_n92801__vs__dev_AISLE_NBV_b160_n92801,GroundOn-GroundOff/NBV,ART1_AISLE_DEV,ground_AISLE_NBV_b160_n92801,dev_AISLE_NBV_b160_n92801,reviewed_qualified,reviewed_common_derived_quality,motion_complete_common_derived_metric,common_actual_prefix_only,True,original online failures remain failures; paired score concerns motion-complete saved predictions under one derived metric,0.944536620052145,0.9992889310263096,-0.05475231097416455,0.9370764443605132,0.9219296742556982,0.015146770104815022,0.5711172628398056,0.8192724375246199,-0.2481551746848143,0.6911626410782391,0.8573627321588744,-0.16620009108063527,0.6528284249103538,0.8567530881208377,-0.20392466321048397,160,160,0,22.0,24.0,-2.0,56,54,2,16,10,6,161,161,0,11.464250333141536,39.23453901428729,-27.770288681145757,44.46079905703664,35.37136394297704,9.089435114059597,156.4098239922896,142.919500191696,13.490323800593615,8.172336984891444,7.622511331923306,0.5498256529681385,231.82153462991118,237.1166829932481,-5.295148363336921,6,False,0,"exact uncompressed NPY arrays: RGB-D excluding frame_id only, plus complete scan, including calibration/pose/time/paid_step",6,6,1,0,0,0,0,,,0,0,0,0,0,,8,6,0,0,bidirectionally unique observed marker anchors within 0.25m at each paid step; no class or GT; unmatched identities not compared,complete_independent_ground_review,complete_independent_v1_review_plus_common_derived_metric
dev_AISLE_S_b160_n92801__vs__dev_AISLE_B_b160_n92801,GroundOff/S-B,ART1_AISLE_DEV,dev_AISLE_S_b160_n92801,dev_AISLE_B_b160_n92801,reviewed_common_derived_quality,reviewed_common_derived_quality,motion_complete_common_derived_metric,common_actual_prefix_only,True,original online failures remain failures; paired score concerns motion-complete saved predictions under one derived metric,0.9992889310263096,0.9992889310263096,0.0,0.9219296742556982,0.9219296742556982,0.0,0.8192724375246199,0.8192724375246199,0.0,0.8573627321588744,0.8573627321588744,0.0,0.8567530881208377,0.8567530881208377,0.0,160,160,0,24.0,24.0,0.0,54,54,0,10,10,0,161,161,0,49.596174243837595,46.85568279447034,2.740491449367255,37.97134194150567,37.074104653671384,0.8972372878342867,153.30003724992275,150.6516341897659,2.648403060156852,8.430928922723979,8.190558819565922,0.24037010315805674,261.40180196613073,254.6788658569567,6.722936109174043,,True,0,"exact uncompressed NPY arrays: RGB-D excluding frame_id only, plus complete scan, including calibration/pose/time/paid_step",,161,46,294,0,0,0,,0.0,38,38,38,0,38,136,,,0,0,bidirectionally unique observed marker anchors within 0.25m at each paid step; no class or GT; unmatched identities not compared,complete_independent_v1_review_plus_common_derived_metric,complete_independent_v1_review_plus_common_derived_metric
dev_AISLE_B_b160_n92801__vs__dev_AISLE_G_b160_n92801,GroundOff/B-G,ART1_AISLE_DEV,dev_AISLE_B_b160_n92801,dev_AISLE_G_b160_n92801,reviewed_common_derived_quality,reviewed_common_derived_quality,motion_complete_common_derived_metric,common_actual_prefix_only,True,original online failures remain failures; paired score concerns motion-complete saved predictions under one derived metric,0.9992889310263096,0.9992889310263096,0.0,0.9219296742556982,0.9219296742556982,0.0,0.8192724375246199,0.8192724375246199,0.0,0.8573627321588744,0.8573627321588744,0.0,0.8567530881208377,0.8567530881208377,0.0,160,160,0,24.0,24.0,0.0,54,54,0,10,10,0,161,161,0,46.85568279447034,38.82764171482995,8.028041079640388,37.074104653671384,30.43073151167482,6.6433731419965625,150.6516341897659,124.5756276184693,26.076006571296602,8.190558819565922,6.320189987774938,1.8703688317909837,254.6788658569567,211.16011927695945,43.51874657999724,,True,0,"exact uncompressed NPY arrays: RGB-D excluding frame_id only, plus complete scan, including calibration/pose/time/paid_step",,161,46,294,0,0,24,12,0.006072082653583111,181,0,70,13,65,1,,,0,0,bidirectionally unique observed marker anchors within 0.25m at each paid step; no class or GT; unmatched identities not compared,complete_independent_v1_review_plus_common_derived_metric,complete_independent_v1_review_plus_common_derived_metric
ground_AISLE_S_b160_n92801__vs__ground_AISLE_B_b160_n92801,GroundOn/S-B,ART1_AISLE_DEV,ground_AISLE_S_b160_n92801,ground_AISLE_B_b160_n92801,reviewed_qualified,reviewed_qualified,motion_complete_common_derived_metric,common_actual_prefix_only,True,original online failures remain failures; paired score concerns motion-complete saved predictions under one derived metric,0.944536620052145,0.944536620052145,0.0,0.9370764443605132,0.9370764443605132,0.0,0.5711172628398056,0.5711172628398056,0.0,0.6911626410782391,0.6911626410782391,0.0,0.6528284249103538,0.6528284249103538,0.0,160,160,0,22.0,22.0,0.0,56,56,0,16,16,0,161,161,0,19.866434982512146,26.86664307070896,-7.000208088196814,41.983403970487416,57.9858741867356,-16.002470216248184,154.31357915094122,194.89421859337017,-40.58063944242895,8.019688377156854,11.766140271443874,-3.74645189428702,235.07548368535936,307.0240034610033,-71.94851977564394,,True,0,"exact uncompressed NPY arrays: RGB-D excluding frame_id only, plus complete scan, including calibration/pose/time/paid_step",,161,21,474,0,0,0,,0.0,0,0,0,0,0,,,,0,0,bidirectionally unique observed marker anchors within 0.25m at each paid step; no class or GT; unmatched identities not compared,complete_independent_ground_review,complete_independent_ground_review
ground_AISLE_B_b160_n92801__vs__ground_AISLE_G_b160_n92801,GroundOn/B-G,ART1_AISLE_DEV,ground_AISLE_B_b160_n92801,ground_AISLE_G_b160_n92801,reviewed_qualified,reviewed_qualified,motion_complete_common_derived_metric,common_actual_prefix_only,True,original online failures remain failures; paired score concerns motion-complete saved predictions under one derived metric,0.944536620052145,0.944536620052145,0.0,0.9370764443605132,0.9370764443605132,0.0,0.5711172628398056,0.5711172628398056,0.0,0.6911626410782391,0.6911626410782391,0.0,0.6528284249103538,0.6528284249103538,0.0,160,160,0,22.0,22.0,0.0,56,56,0,16,16,0,161,161,0,26.86664307070896,24.86939376872033,1.9972493019886315,57.9858741867356,53.36332977935672,4.622544407378882,194.89421859337017,179.6333989794366,15.260819613933563,11.766140271443874,11.028887163847685,0.7372531075961888,307.0240034610033,284.8708011857234,22.15320227527991,,True,0,"exact uncompressed NPY arrays: RGB-D excluding frame_id only, plus complete scan, including calibration/pose/time/paid_step",,161,21,474,0,5,138,27,0.005115107623405085,281,0,33,15,10,1,,,0,0,bidirectionally unique observed marker anchors within 0.25m at each paid step; no class or GT; unmatched identities not compared,complete_independent_ground_review,complete_independent_ground_review
ground_CELL_G_b160_n92801__vs__dev_CELL_G_b160_n92801,GroundOn-GroundOff/G,ART1_CELL_DEV,ground_CELL_G_b160_n92801,dev_CELL_G_b160_n92801,reviewed_qualified,original_failed_motion_complete_derived_quality,motion_complete_common_derived_metric,common_actual_prefix_only,False,original online failures remain failures; paired score concerns motion-complete saved predictions under one derived metric,0.7916477530640036,0.9364502950522016,-0.14480254198819797,0.9776923831017035,0.9605402909027645,0.017152092198938984,0.5614417330740349,0.7554416535229942,-0.1939999204489593,0.6740714810657299,0.8172644669785176,-0.14319298591278773,0.5336271733902102,0.7653275512377131,-0.23170037784750297,159,160,-1,16.0,22.0,-6.0,76,58,18,19,14,5,160,161,-1,39.784284244757146,34.72644490888342,5.057839335873723,52.40208860859275,41.95271772937849,10.449370879214257,197.0387409273535,204.1269105602987,-7.08816963294521,8.680176793597639,9.635535869281739,-0.9553590756841004,310.991873415187,304.0447083679028,6.947165047284216,18,False,0,"exact uncompressed NPY arrays: RGB-D excluding frame_id only, plus complete scan, including calibration/pose/time/paid_step",18,18,2,39,1,1,14,17,0.013879889953971228,1,0,1,0,0,17,18,18,0,0,bidirectionally unique observed marker anchors within 0.25m at each paid step; no class or GT; unmatched identities not compared,complete_independent_ground_review,terminal_failure_forensic_capture_with_motion_audit_only
ground_CELL_B_b160_n92801__vs__dev_CELL_B_b160_n92801,GroundOn-GroundOff/B,ART1_CELL_DEV,ground_CELL_B_b160_n92801,dev_CELL_B_b160_n92801,reviewed_qualified,reviewed_common_derived_quality,motion_complete_common_derived_metric,common_actual_prefix_only,True,original online failures remain failures; paired score concerns motion-complete saved predictions under one derived metric,0.7914207898320472,0.9364502950522016,-0.14502950522015434,0.975845559497805,0.962244708146526,0.013600851351279086,0.5581394528385508,0.756044003059668,-0.1979045502211172,0.6711556549341564,0.8185386400022125,-0.14738298506805614,0.531166538528235,0.7665207509416997,-0.23535421241346466,159,158,1,16.0,22.0,-6.0,74,56,18,21,14,7,160,159,1,42.17174165835604,31.127098598517478,11.044643059838563,54.60920090880245,34.81980967707932,19.78939123172313,195.0428126300685,179.89665094576776,15.14616168430075,9.104302998632193,8.230304478667676,0.8739985199645162,314.36053787590936,265.65187149401754,48.70866638189182,18,False,0,"exact uncompressed NPY arrays: RGB-D excluding frame_id only, plus complete scan, including calibration/pose/time/paid_step",18,18,2,39,1,1,14,17,0.014733525143105275,1,0,1,0,0,17,18,18,0,0,bidirectionally unique observed marker anchors within 0.25m at each paid step; no class or GT; unmatched identities not compared,complete_independent_ground_review,complete_independent_v1_review_plus_common_derived_metric
ground_CELL_S_b160_n92801__vs__dev_CELL_S_b160_n92801,GroundOn-GroundOff/S,ART1_CELL_DEV,ground_CELL_S_b160_n92801,dev_CELL_S_b160_n92801,reviewed_qualified,reviewed_common_derived_quality,motion_complete_common_derived_metric,common_actual_prefix_only,True,original online failures remain failures; paired score concerns motion-complete saved predictions under one derived metric,0.7914207898320472,0.9364502950522016,-0.14502950522015434,0.975845559497805,0.962244708146526,0.013600851351279086,0.5581394528385508,0.756044003059668,-0.1979045502211172,0.6711556549341564,0.8185386400022125,-0.14738298506805614,0.531166538528235,0.7665207509416997,-0.23535421241346466,159,158,1,16.0,22.0,-6.0,74,56,18,21,14,7,160,159,1,44.45006566634402,34.237406466156244,10.212659200187773,55.04606317682192,35.40964413713664,19.63641903968528,204.87615123065189,179.838263948448,25.037887282203883,9.319277740549296,8.444645236711949,0.874632503837347,327.16730038030073,270.213988549076,56.95331183122471,18,False,0,"exact uncompressed NPY arrays: RGB-D excluding frame_id only, plus complete scan, including calibration/pose/time/paid_step",18,18,2,39,1,1,14,17,0.014733525143105275,1,0,1,0,0,17,18,18,0,0,bidirectionally unique observed marker anchors within 0.25m at each paid step; no class or GT; unmatched identities not compared,complete_independent_ground_review,complete_independent_v1_review_plus_common_derived_metric
ground_CELL_NBV_b160_n92801__vs__dev_CELL_NBV_b160_n92801,GroundOn-GroundOff/NBV,ART1_CELL_DEV,ground_CELL_NBV_b160_n92801,dev_CELL_NBV_b160_n92801,reviewed_qualified,reviewed_common_derived_quality,motion_complete_common_derived_metric,common_actual_prefix_only,True,original online failures remain failures; paired score concerns motion-complete saved predictions under one derived metric,0.7957330912392192,0.9364502950522016,-0.14071720381298236,0.971428737872625,0.905422586763195,0.06600615110942998,0.48833887438919726,0.6763195067464839,-0.18798063235728663,0.584984400796823,0.7363360599634481,-0.15135165916662507,0.46549144557277833,0.6895421206103466,-0.22405067503756826,160,160,0,20.0,24.0,-4.0,64,56,8,16,8,8,161,161,0,29.11340833734721,33.74935336550698,-4.635945028159767,50.234688287135214,44.02892169589177,6.205766591243446,210.58865739125758,200.6800002786331,9.908657112624496,9.586102616041899,9.250434048473835,0.33566856756806374,312.50460086297244,302.2666673399508,10.237933523021638,68,False,0,"exact uncompressed NPY arrays: RGB-D excluding frame_id only, plus complete scan, including calibration/pose/time/paid_step",68,68,6,96,0,3,14,17,0.032116877532583715,51,0,3,0,0,17,68,68,0,0,bidirectionally unique observed marker anchors within 0.25m at each paid step; no class or GT; unmatched identities not compared,complete_independent_ground_review,complete_independent_v1_review_plus_common_derived_metric
dev_CELL_S_b160_n92801__vs__dev_CELL_B_b160_n92801,GroundOff/S-B,ART1_CELL_DEV,dev_CELL_S_b160_n92801,dev_CELL_B_b160_n92801,reviewed_common_derived_quality,reviewed_common_derived_quality,motion_complete_common_derived_metric,common_actual_prefix_only,True,original online failures remain failures; paired score concerns motion-complete saved predictions under one derived metric,0.9364502950522016,0.9364502950522016,0.0,0.962244708146526,0.962244708146526,0.0,0.756044003059668,0.756044003059668,0.0,0.8185386400022125,0.8185386400022125,0.0,0.7665207509416997,0.7665207509416997,0.0,158,158,0,22.0,22.0,0.0,56,56,0,14,14,0,159,159,0,34.237406466156244,31.127098598517478,3.1103078676387668,35.40964413713664,34.81980967707932,0.5898344600573182,179.838263948448,179.89665094576776,-0.05838699731975794,8.444645236711949,8.230304478667676,0.21434075804427266,270.213988549076,265.65187149401754,4.562117055058479,,True,0,"exact uncompressed NPY arrays: RGB-D excluding frame_id only, plus complete scan, including calibration/pose/time/paid_step",,159,38,486,0,0,0,,1.3877787807814457e-17,82,82,24,24,0,26,,,0,0,bidirectionally unique observed marker anchors within 0.25m at each paid step; no class or GT; unmatched identities not compared,complete_independent_v1_review_plus_common_derived_metric,complete_independent_v1_review_plus_common_derived_metric
dev_CELL_B_b160_n92801__vs__dev_CELL_G_b160_n92801,GroundOff/B-G,ART1_CELL_DEV,dev_CELL_B_b160_n92801,dev_CELL_G_b160_n92801,reviewed_common_derived_quality,original_failed_motion_complete_derived_quality,motion_complete_common_derived_metric,common_actual_prefix_only,False,original online failures remain failures; paired score concerns motion-complete saved predictions under one derived metric,0.9364502950522016,0.9364502950522016,0.0,0.962244708146526,0.9605402909027645,0.001704417243761469,0.756044003059668,0.7554416535229942,0.0006023495366738185,0.8185386400022125,0.8172644669785176,0.0012741730236949245,0.7665207509416997,0.7653275512377131,0.0011931997039865694,158,160,-2,22.0,22.0,0.0,56,58,-2,14,14,0,159,161,-2,31.127098598517478,34.72644490888342,-3.599346310365945,34.81980967707932,41.95271772937849,-7.132908052299172,179.89665094576776,204.1269105602987,-24.23025961453095,8.230304478667676,9.635535869281739,-1.4052313906140625,265.65187149401754,304.0447083679028,-38.392836873885244,49,False,0,"exact uncompressed NPY arrays: RGB-D excluding frame_id only, plus complete scan, including calibration/pose/time/paid_step",49,49,5,155,1,4,52,17,0.004029272218128571,63,0,5,1,0,1,53,49,0,0,bidirectionally unique observed marker anchors within 0.25m at each paid step; no class or GT; unmatched identities not compared,complete_independent_v1_review_plus_common_derived_metric,terminal_failure_forensic_capture_with_motion_audit_only
ground_CELL_S_b160_n92801__vs__ground_CELL_B_b160_n92801,GroundOn/S-B,ART1_CELL_DEV,ground_CELL_S_b160_n92801,ground_CELL_B_b160_n92801,reviewed_qualified,reviewed_qualified,motion_complete_common_derived_metric,common_actual_prefix_only,True,original online failures remain failures; paired score concerns motion-complete saved predictions under one derived metric,0.7914207898320472,0.7914207898320472,0.0,0.975845559497805,0.975845559497805,0.0,0.5581394528385508,0.5581394528385508,0.0,0.6711556549341564,0.6711556549341564,0.0,0.531166538528235,0.531166538528235,0.0,159,159,0,16.0,16.0,0.0,74,74,0,21,21,0,160,160,0,44.45006566634402,42.17174165835604,2.278324007987976,55.04606317682192,54.60920090880245,0.4368622680194676,204.87615123065189,195.0428126300685,9.833338600583375,9.319277740549296,9.104302998632193,0.21497474191710353,327.16730038030073,314.36053787590936,12.806762504391372,,True,0,"exact uncompressed NPY arrays: RGB-D excluding frame_id only, plus complete scan, including calibration/pose/time/paid_step",,160,26,744,0,0,0,,2.7755575615628914e-17,23,23,3,3,2,137,,,0,0,bidirectionally unique observed marker anchors within 0.25m at each paid step; no class or GT; unmatched identities not compared,complete_independent_ground_review,complete_independent_ground_review
ground_CELL_B_b160_n92801__vs__ground_CELL_G_b160_n92801,GroundOn/B-G,ART1_CELL_DEV,ground_CELL_B_b160_n92801,ground_CELL_G_b160_n92801,reviewed_qualified,reviewed_qualified,motion_complete_common_derived_metric,common_actual_prefix_only,True,original online failures remain failures; paired score concerns motion-complete saved predictions under one derived metric,0.7914207898320472,0.7916477530640036,-0.00022696323195636747,0.975845559497805,0.9776923831017035,-0.0018468236038984287,0.5581394528385508,0.5614417330740349,-0.0033022802354840675,0.6711556549341564,0.6740714810657299,-0.0029158261315734846,0.531166538528235,0.5336271733902102,-0.0024606348619751195,159,159,0,16.0,16.0,0.0,74,76,-2,21,19,2,160,160,0,42.17174165835604,39.784284244757146,2.387457413598895,54.60920090880245,52.40208860859275,2.207112300209701,195.0428126300685,197.0387409273535,-1.9959282972849905,9.104302998632193,8.680176793597639,0.424126205034554,314.36053787590936,310.991873415187,3.368664460722357,56,False,0,"exact uncompressed NPY arrays: RGB-D excluding frame_id only, plus complete scan, including calibration/pose/time/paid_step",56,56,6,189,1,2,57,17,0.002683296676411956,86,0,8,3,0,1,61,56,0,0,bidirectionally unique observed marker anchors within 0.25m at each paid step; no class or GT; unmatched identities not compared,complete_independent_ground_review,complete_independent_ground_review
ground_LOOP_G_b160_n92801__vs__dev_LOOP_G_b160_n92801,GroundOn-GroundOff/G,ART1_LOOP_DEV,ground_LOOP_G_b160_n92801,dev_LOOP_G_b160_n92801,reviewed_qualified,reviewed_common_derived_quality,motion_complete_common_derived_metric,common_actual_prefix_only,True,original online failures remain failures; paired score concerns motion-complete saved predictions under one derived metric,0.9701866181156122,0.9563040509786072,0.013882567137005086,0.947600594646048,0.9102514016569246,0.037349192989123314,0.6643680626794787,0.5651483613418962,0.09921970133758251,0.7529355015834904,0.6489561501851431,0.10397935139834735,0.7304879479404688,0.6205993953295337,0.10988855261093511,160,160,0,20.0,20.0,0.0,66,62,4,14,18,-4,161,161,0,30.19377863407135,49.69592770282179,-19.50214906875044,62.12995500676334,35.977016425691545,26.152938581071794,178.5973880328238,184.10404405044392,-5.5066560176201165,8.201511821243912,8.229622649028897,-0.028110827784985304,294.114741130732,289.2272563939914,4.887484736740589,20,False,0,"exact uncompressed NPY arrays: RGB-D excluding frame_id only, plus complete scan, including calibration/pose/time/paid_step",20,20,2,62,1,1,4,17,0.08958381058618523,16,0,1,0,0,4,20,20,0,0,bidirectionally unique observed marker anchors within 0.25m at each paid step; no class or GT; unmatched identities not compared,complete_independent_ground_review,complete_independent_v1_review_plus_common_derived_metric
ground_LOOP_B_b160_n92801__vs__dev_LOOP_B_b160_n92801,GroundOn-GroundOff/B,ART1_LOOP_DEV,ground_LOOP_B_b160_n92801,dev_LOOP_B_b160_n92801,reviewed_qualified,reviewed_common_derived_quality,motion_complete_common_derived_metric,common_actual_prefix_only,True,original online failures remain failures; paired score concerns motion-complete saved predictions under one derived metric,0.9701866181156122,0.9563040509786072,0.013882567137005086,0.947600594646048,0.9102514016569246,0.037349192989123314,0.6643680626794787,0.5651483613418962,0.09921970133758251,0.7529355015834904,0.6489561501851431,0.10397935139834735,0.7304879479404688,0.6205993953295337,0.10988855261093511,160,160,0,20.0,20.0,0.0,66,62,4,14,18,-4,161,161,0,31.749586020596325,49.69361678417772,-17.944030763581395,60.94090066663921,37.11921845609322,23.821682210545987,181.2656111922115,186.29953382257372,-5.033922630362213,8.113280946854502,8.540968844201416,-0.4276878973469138,297.210053761024,293.04926634579897,4.160787415225059,20,False,0,"exact uncompressed NPY arrays: RGB-D excluding frame_id only, plus complete scan, including calibration/pose/time/paid_step",20,20,2,62,1,1,4,17,0.08854073906721543,19,0,1,0,0,4,20,20,0,0,bidirectionally unique observed marker anchors within 0.25m at each paid step; no class or GT; unmatched identities not compared,complete_independent_ground_review,complete_independent_v1_review_plus_common_derived_metric
ground_LOOP_S_b160_n92801__vs__dev_LOOP_S_b160_n92801,GroundOn-GroundOff/S,ART1_LOOP_DEV,ground_LOOP_S_b160_n92801,dev_LOOP_S_b160_n92801,reviewed_qualified,reviewed_common_derived_quality,motion_complete_common_derived_metric,common_actual_prefix_only,True,original online failures remain failures; paired score concerns motion-complete saved predictions under one derived metric,0.9701866181156122,0.9563040509786072,0.013882567137005086,0.947600594646048,0.9102514016569246,0.037349192989123314,0.6643680626794787,0.5651483613418962,0.09921970133758251,0.7529355015834904,0.6489561501851431,0.10397935139834735,0.7304879479404688,0.6205993953295337,0.10988855261093511,160,160,0,20.0,20.0,0.0,66,62,4,14,18,-4,161,161,0,29.88651823857799,41.70880671450868,-11.82228847593069,60.46920192614198,30.891573931090534,29.577627995051444,177.97216886887327,160.59127235645428,17.380896512418985,7.936383453197777,6.813020396512002,1.1233630566857755,290.94644633308053,250.2213958390057,40.72505049407482,20,False,0,"exact uncompressed NPY arrays: RGB-D excluding frame_id only, plus complete scan, including calibration/pose/time/paid_step",20,20,2,62,1,1,4,17,0.08854073906721543,19,0,1,0,0,4,20,20,0,0,bidirectionally unique observed marker anchors within 0.25m at each paid step; no class or GT; unmatched identities not compared,complete_independent_ground_review,complete_independent_v1_review_plus_common_derived_metric
ground_LOOP_NBV_b160_n92801__vs__dev_LOOP_NBV_b160_n92801,GroundOn-GroundOff/NBV,ART1_LOOP_DEV,ground_LOOP_NBV_b160_n92801,dev_LOOP_NBV_b160_n92801,reviewed_qualified,reviewed_common_derived_quality,motion_complete_common_derived_metric,common_actual_prefix_only,True,original online failures remain failures; paired score concerns motion-complete saved predictions under one derived metric,0.9701866181156122,0.9563040509786072,0.013882567137005086,0.947600594646048,0.9102514016569246,0.037349192989123314,0.6643680626794787,0.5651483613418962,0.09921970133758251,0.7529355015834904,0.6489561501851431,0.10397935139834735,0.7304879479404688,0.6205993953295337,0.10988855261093511,160,160,0,20.0,20.0,0.0,66,62,4,14,18,-4,161,161,0,21.434933729469776,32.39747314574197,-10.962539416272193,56.18121725227684,34.72157593537122,21.459641316905618,173.96647166460752,175.2367865173146,-1.270314852707088,7.4438853417523205,7.652726288884878,-0.20884094713255763,273.3680980592035,260.92346023069695,12.44463782850653,20,False,0,"exact uncompressed NPY arrays: RGB-D excluding frame_id only, plus complete scan, including calibration/pose/time/paid_step",20,20,2,62,1,1,4,17,0.08958381058618523,16,0,1,0,0,4,20,20,0,0,bidirectionally unique observed marker anchors within 0.25m at each paid step; no class or GT; unmatched identities not compared,complete_independent_ground_review,complete_independent_v1_review_plus_common_derived_metric
dev_LOOP_S_b160_n92801__vs__dev_LOOP_B_b160_n92801,GroundOff/S-B,ART1_LOOP_DEV,dev_LOOP_S_b160_n92801,dev_LOOP_B_b160_n92801,reviewed_common_derived_quality,reviewed_common_derived_quality,motion_complete_common_derived_metric,common_actual_prefix_only,True,original online failures remain failures; paired score concerns motion-complete saved predictions under one derived metric,0.9563040509786072,0.9563040509786072,0.0,0.9102514016569246,0.9102514016569246,0.0,0.5651483613418962,0.5651483613418962,0.0,0.6489561501851431,0.6489561501851431,0.0,0.6205993953295337,0.6205993953295337,0.0,160,160,0,20.0,20.0,0.0,62,62,0,18,18,0,161,161,0,41.70880671450868,49.69361678417772,-7.984810069669038,30.891573931090534,37.11921845609322,-6.227644525002688,160.59127235645428,186.29953382257372,-25.70826146611944,6.813020396512002,8.540968844201416,-1.727948447689414,250.2213958390057,293.04926634579897,-42.82787050679326,,True,0,"exact uncompressed NPY arrays: RGB-D excluding frame_id only, plus complete scan, including calibration/pose/time/paid_step",,161,41,575,0,0,0,,0.0,0,0,0,0,0,,,,0,0,bidirectionally unique observed marker anchors within 0.25m at each paid step; no class or GT; unmatched identities not compared,complete_independent_v1_review_plus_common_derived_metric,complete_independent_v1_review_plus_common_derived_metric
dev_LOOP_B_b160_n92801__vs__dev_LOOP_G_b160_n92801,GroundOff/B-G,ART1_LOOP_DEV,dev_LOOP_B_b160_n92801,dev_LOOP_G_b160_n92801,reviewed_common_derived_quality,reviewed_common_derived_quality,motion_complete_common_derived_metric,common_actual_prefix_only,True,original online failures remain failures; paired score concerns motion-complete saved predictions under one derived metric,0.9563040509786072,0.9563040509786072,0.0,0.9102514016569246,0.9102514016569246,0.0,0.5651483613418962,0.5651483613418962,0.0,0.6489561501851431,0.6489561501851431,0.0,0.6205993953295337,0.6205993953295337,0.0,160,160,0,20.0,20.0,0.0,62,62,0,18,18,0,161,161,0,49.69361678417772,49.69592770282179,-0.0023109186440706253,37.11921845609322,35.977016425691545,1.142202030401677,186.29953382257372,184.10404405044392,2.195489772129804,8.540968844201416,8.229622649028897,0.3113461951725185,293.04926634579897,289.2272563939914,3.8220099518075585,,True,0,"exact uncompressed NPY arrays: RGB-D excluding frame_id only, plus complete scan, including calibration/pose/time/paid_step",,161,41,575,0,1,127,28,0.0014419964212125241,163,0,55,0,39,2,,,0,0,bidirectionally unique observed marker anchors within 0.25m at each paid step; no class or GT; unmatched identities not compared,complete_independent_v1_review_plus_common_derived_metric,complete_independent_v1_review_plus_common_derived_metric
ground_LOOP_S_b160_n92801__vs__ground_LOOP_B_b160_n92801,GroundOn/S-B,ART1_LOOP_DEV,ground_LOOP_S_b160_n92801,ground_LOOP_B_b160_n92801,reviewed_qualified,reviewed_qualified,motion_complete_common_derived_metric,common_actual_prefix_only,True,original online failures remain failures; paired score concerns motion-complete saved predictions under one derived metric,0.9701866181156122,0.9701866181156122,0.0,0.947600594646048,0.947600594646048,0.0,0.6643680626794787,0.6643680626794787,0.0,0.7529355015834904,0.7529355015834904,0.0,0.7304879479404688,0.7304879479404688,0.0,160,160,0,20.0,20.0,0.0,66,66,0,14,14,0,161,161,0,29.88651823857799,31.749586020596325,-1.8630677820183337,60.46920192614198,60.94090066663921,-0.4716987404972315,177.97216886887327,181.2656111922115,-3.2934423233382404,7.936383453197777,8.113280946854502,-0.1768974936567247,290.94644633308053,297.210053761024,-6.263607427943498,,True,0,"exact uncompressed NPY arrays: RGB-D excluding frame_id only, plus complete scan, including calibration/pose/time/paid_step",,161,33,498,0,0,0,,0.0,93,93,24,24,17,65,,,0,0,bidirectionally unique observed marker anchors within 0.25m at each paid step; no class or GT; unmatched identities not compared,complete_independent_ground_review,complete_independent_ground_review
ground_LOOP_B_b160_n92801__vs__ground_LOOP_G_b160_n92801,GroundOn/B-G,ART1_LOOP_DEV,ground_LOOP_B_b160_n92801,ground_LOOP_G_b160_n92801,reviewed_qualified,reviewed_qualified,motion_complete_common_derived_metric,common_actual_prefix_only,True,original online failures remain failures; paired score concerns motion-complete saved predictions under one derived metric,0.9701866181156122,0.9701866181156122,0.0,0.947600594646048,0.947600594646048,0.0,0.6643680626794787,0.6643680626794787,0.0,0.7529355015834904,0.7529355015834904,0.0,0.7304879479404688,0.7304879479404688,0.0,160,160,0,20.0,20.0,0.0,66,66,0,14,14,0,161,161,0,31.749586020596325,30.19377863407135,1.5558073865249753,60.94090066663921,62.12995500676334,-1.1890543401241302,181.2656111922115,178.5973880328238,2.6682231593877077,8.113280946854502,8.201511821243912,-0.08823087438941002,297.210053761024,294.114741130732,3.095312630292028,,True,0,"exact uncompressed NPY arrays: RGB-D excluding frame_id only, plus complete scan, including calibration/pose/time/paid_step",,161,33,498,0,6,218,17,0.006316335177865612,349,0,64,24,35,2,,,0,0,bidirectionally unique observed marker anchors within 0.25m at each paid step; no class or GT; unmatched identities not compared,complete_independent_ground_review,complete_independent_ground_review
