phase,protocol_sha256,run_id,budget,method,noise_seed,scene_id,status,qualified,review_passed,online_status,review_status,C_nav,P,R,F1,J_nav,paid_actions,path_length_m,turns,explicit_observe_actions,observation_frames,collisions,returned_xy_and_yaw,minimum_return_slack_actions,elapsed_episode_s,planning_s,evidence_s,acquisition_s,mapping_s,reference_fingerprint
development,2bfac2bb22995b9b90cdb870f214f6d584439db5d126c02480d806e82cebb4a9,dev_AISLE_B_b160_n92801,160,B,92801,ART1_AISLE_DEV,awaiting_independent_review,,,controller_stop,,,,,,,,,,,,,,,,,,,,
development,2bfac2bb22995b9b90cdb870f214f6d584439db5d126c02480d806e82cebb4a9,dev_AISLE_G_b160_n92801,160,G,92801,ART1_AISLE_DEV,reviewed_qualified,True,True,controller_stop,reviewed,0.9992889310263096,0.9219296742556982,0.8192724375246199,0.8573627321588744,0.8567530881208377,160,24.0,54,10,161,0,True,0,211.16011927695945,38.82764171482995,30.43073151167482,124.5756276184693,6.320189987774938,fc24045b56cf07d5dc2169c917247c3cad4adc0b564f7dc67d12d087c749b44c
development,2bfac2bb22995b9b90cdb870f214f6d584439db5d126c02480d806e82cebb4a9,dev_AISLE_NBV_b160_n92801,160,NBV,92801,ART1_AISLE_DEV,unstarted,,,,,,,,,,,,,,,,,,,,,,,
development,2bfac2bb22995b9b90cdb870f214f6d584439db5d126c02480d806e82cebb4a9,dev_AISLE_S_b160_n92801,160,S,92801,ART1_AISLE_DEV,awaiting_independent_review,,,controller_stop,,,,,,,,,,,,,,,,,,,,
development,2bfac2bb22995b9b90cdb870f214f6d584439db5d126c02480d806e82cebb4a9,dev_CELL_B_b160_n92801,160,B,92801,ART1_CELL_DEV,unstarted,,,,,,,,,,,,,,,,,,,,,,,
development,2bfac2bb22995b9b90cdb870f214f6d584439db5d126c02480d806e82cebb4a9,dev_CELL_G_b160_n92801,160,G,92801,ART1_CELL_DEV,unstarted,,,,,,,,,,,,,,,,,,,,,,,
development,2bfac2bb22995b9b90cdb870f214f6d584439db5d126c02480d806e82cebb4a9,dev_CELL_NBV_b160_n92801,160,NBV,92801,ART1_CELL_DEV,unstarted,,,,,,,,,,,,,,,,,,,,,,,
development,2bfac2bb22995b9b90cdb870f214f6d584439db5d126c02480d806e82cebb4a9,dev_CELL_S_b160_n92801,160,S,92801,ART1_CELL_DEV,unstarted,,,,,,,,,,,,,,,,,,,,,,,
development,2bfac2bb22995b9b90cdb870f214f6d584439db5d126c02480d806e82cebb4a9,dev_LOOP_B_b160_n92801,160,B,92801,ART1_LOOP_DEV,unstarted,,,,,,,,,,,,,,,,,,,,,,,
development,2bfac2bb22995b9b90cdb870f214f6d584439db5d126c02480d806e82cebb4a9,dev_LOOP_G_b160_n92801,160,G,92801,ART1_LOOP_DEV,unstarted,,,,,,,,,,,,,,,,,,,,,,,
development,2bfac2bb22995b9b90cdb870f214f6d584439db5d126c02480d806e82cebb4a9,dev_LOOP_NBV_b160_n92801,160,NBV,92801,ART1_LOOP_DEV,unstarted,,,,,,,,,,,,,,,,,,,,,,,
development,2bfac2bb22995b9b90cdb870f214f6d584439db5d126c02480d806e82cebb4a9,dev_LOOP_S_b160_n92801,160,S,92801,ART1_LOOP_DEV,unstarted,,,,,,,,,,,,,,,,,,,,,,,
