paid_step,kind,selected,target_node,target_heading,score,expected_gain,evi,scheduling_priority,total_cost,followup_count,remaining
0,measurement_initialization,True,n_001_000,1,,,,0.047619047619047616,21,0,160
6,measurement_initialization,True,n_002_000,1,,,,0.038461538461538464,26,0,154
13,direct,False,n_002_000,2,0.0,0.0,,,20,0,147
13,direct,False,n_003_000,0,0.009333333333333334,0.28,,,30,0,147
13,direct,False,n_002_001,3,0.05178571428571429,1.4500000000000002,,,28,0,147
13,direct,False,n_001_000,6,0.0,0.0,,,20,0,147
13,direct,False,n_004_000,0,0.008421052631578949,0.32000000000000006,,,38,0,147
13,direct,False,n_003_001,3,0.029210526315789482,1.1100000000000003,,,38,0,147
13,direct,False,home,6,0.0,0.0,,,20,0,147
13,direct,True,n_001_001,6,0.05785714285714287,1.6200000000000003,,,28,0,147
13,direct,False,n_002_000,3,0.0,0.0,,,20,0,147
13,direct,False,n_002_000,11,0.0,0.0,,,22,0,147
13,direct,False,n_002_000,4,0.0,0.0,,,20,0,147
13,direct,False,n_003_000,1,0.009333333333333334,0.28,,,30,0,147
13,direct,False,n_003_000,11,0.009333333333333334,0.28,,,30,0,147
13,direct,False,n_002_001,2,0.04833333333333334,1.4500000000000002,,,30,0,147
13,direct,False,n_002_001,4,0.05178571428571429,1.4500000000000002,,,28,0,147
13,direct,False,n_003_000,2,0.009333333333333334,0.28,,,30,0,147
13,direct,False,n_002_001,1,0.045312500000000006,1.4500000000000002,,,32,0,147
13,direct,False,n_001_000,5,0.0,0.0,,,22,0,147
13,direct,False,n_001_000,7,0.0,0.0,,,22,0,147
13,direct,False,n_004_000,1,0.008421052631578949,0.32000000000000006,,,38,0,147
13,direct,False,n_004_000,11,0.008421052631578949,0.32000000000000006,,,38,0,147
13,direct,False,n_001_000,4,0.0,0.0,,,24,0,147
13,direct,False,n_004_000,2,0.008421052631578949,0.32000000000000006,,,38,0,147
13,direct,False,n_003_001,0,0.026428571428571437,1.1100000000000003,,,42,0,147
13,direct,False,n_003_001,2,0.027750000000000007,1.1100000000000003,,,40,0,147
13,direct,False,n_003_001,4,0.029210526315789482,1.1100000000000003,,,38,0,147
13,direct,False,n_005_000,0,0.008043478260869567,0.37000000000000005,,,46,0,147
13,direct,False,home,5,0.0,0.0,,,20,0,147
13,direct,False,home,7,0.0,0.0,,,20,0,147
13,direct,False,n_001_001,5,0.05400000000000001,1.6200000000000003,,,30,0,147
13,direct,False,n_001_001,7,0.05400000000000001,1.6200000000000003,,,30,0,147
13,direct,False,n_005_000,1,0.008043478260869567,0.37000000000000005,,,46,0,147
27,direct,False,n_001_001,5,0.0,0.0,,,17,0,133
27,direct,False,n_000_001,6,0.04600000000000001,0.6900000000000002,,,15,0,133
27,direct,False,n_001_000,9,0.0,0.0,,,21,0,133
27,direct,False,n_002_001,0,0.0,0.0,,,35,0,133
27,direct,False,home,9,0.0,0.0,,,15,0,133
27,direct,False,n_000_002,3,0.05206896551724139,1.5100000000000002,,,29,0,133
27,direct,False,n_003_001,0,0.0258139534883721,1.1100000000000003,,,43,0,133
27,direct,False,n_000_003,3,0.06459459459459461,2.3900000000000006,,,37,0,133
27,direct,False,n_001_001,1,0.012475814318406999,0.311895357960175,,,25,0,133
27,direct,False,n_001_001,4,0.004583814674496496,0.08709247881543343,,,19,0,133
27,direct,False,n_003_001,1,0.0258139534883721,1.1100000000000003,,,43,0,133
27,direct,True,home,2,0.0851324509082156,1.6175165672560965,,,19,0,133
27,direct,False,n_001_001,7,0.0,0.0,,,17,0,133
27,direct,False,n_000_001,5,0.040588235294117654,0.6900000000000002,,,17,0,133
27,direct,False,n_000_001,7,0.04600000000000001,0.6900000000000002,,,15,0,133
27,direct,False,n_000_001,4,0.03631578947368422,0.6900000000000002,,,19,0,133
27,direct,False,n_001_000,8,0.0,0.0,,,21,0,133
27,direct,False,n_001_000,10,0.0,0.0,,,23,0,133
27,direct,False,n_001_000,7,0.0,0.0,,,21,0,133
27,direct,False,n_002_001,1,0.0,0.0,,,35,0,133
27,direct,False,n_002_001,11,0.0,0.0,,,35,0,133
27,direct,False,home,8,0.0,0.0,,,17,0,133
27,direct,False,home,10,0.0,0.0,,,15,0,133
27,direct,False,n_000_002,2,0.06140104191009541,1.780630215392767,,,29,0,133
27,direct,False,n_000_002,4,0.05206896551724139,1.5100000000000002,,,29,0,133
27,direct,False,n_002_001,2,0.009154382130316987,0.3204033745610945,,,35,0,133
27,direct,False,n_000_002,1,0.08094241055789549,2.347329906178969,,,29,0,133
27,direct,False,n_002_000,11,0.0,0.0,,,35,0,133
27,direct,False,n_003_001,11,0.0258139534883721,1.1100000000000003,,,43,0,133
27,direct,False,n_000_003,2,0.06459459459459461,2.3900000000000006,,,37,0,133
27,direct,False,n_000_003,4,0.06459459459459461,2.3900000000000006,,,37,0,133
27,direct,False,n_002_000,10,0.0,0.0,,,35,0,133
27,diagnose_then_observe,False,n_001_001,4,0.07682568978933586,,0.0077865749017191205,,,31,133
27,diagnose_then_observe,False,home,2,0.05334840695861295,,0.0,,,31,133
27,diagnose_then_observe,False,n_000_002,1,0.057377465195691396,,0.0004727032909294798,,,31,133
27,diagnose_then_observe,False,n_001_001,1,0.06563182435121431,,0.006948576696740087,,,31,133
27,diagnose_then_observe,False,n_000_002,2,0.07824433020596565,,0.0,,,31,133
27,diagnose_then_observe,False,n_002_001,2,0.047081648930930683,,0.00013505080735130154,,,31,133
44,direct,False,home,3,0.034696600450911635,0.17348300225455818,,,5,0,116
44,direct,False,n_000_001,3,0.0,0.0,,,19,0,116
44,direct,False,n_001_000,11,0.0,0.0,,,23,0,116
44,direct,False,n_000_002,3,0.05222222222222223,1.4100000000000004,,,27,0,116
44,direct,False,n_002_000,11,0.0,0.0,,,31,0,116
44,direct,False,n_001_001,0,0.0,0.0,,,33,0,116
44,direct,False,n_000_003,3,0.06514285714285716,2.2800000000000002,,,35,0,116
44,direct,False,n_003_000,0,0.0058974358974358985,0.23000000000000004,,,39,0,116
44,direct,False,n_000_001,1,0.012530610311021638,0.23808159590941114,,,19,0,116
44,direct,False,n_000_002,0,0.05394808376733282,1.4565982617179862,,,27,0,116
44,direct,False,home,4,0.0,0.0,,,7,0,116
44,direct,False,home,5,0.0,0.0,,,9,0,116
44,direct,False,home,6,0.0,0.0,,,11,0,116
44,direct,False,n_000_001,2,0.01197958887925755,0.22761218870589345,,,19,0,116
44,direct,False,n_000_001,4,0.0,0.0,,,19,0,116
44,direct,False,n_001_000,2,0.006424949560943986,0.14777383990171167,,,23,0,116
44,direct,False,n_001_000,10,0.0,0.0,,,23,0,116
44,direct,False,n_001_000,3,0.006424949560943986,0.14777383990171167,,,23,0,116
44,direct,False,n_000_002,2,0.05222222222222223,1.4100000000000004,,,27,0,116
44,direct,False,n_000_002,4,0.05222222222222223,1.4100000000000004,,,27,0,116
44,direct,False,n_002_000,10,0.0,0.0,,,31,0,116
44,direct,False,n_001_001,1,0.0,0.0,,,33,0,116
44,direct,False,n_001_001,3,0.00026114653904690344,0.008095542710454007,,,31,0,116
44,direct,False,n_001_001,11,0.0,0.0,,,33,0,116
44,direct,False,n_002_000,9,0.0,0.0,,,31,0,116
44,direct,False,n_000_003,2,0.06514285714285716,2.2800000000000002,,,35,0,116
44,direct,False,n_000_003,4,0.06514285714285716,2.2800000000000002,,,35,0,116
44,direct,False,n_002_000,4,0.025145979727546633,0.7795253715539456,,,31,0,116
44,direct,True,n_000_003,1,0.06514285714285716,2.2800000000000002,,,35,0,116
44,direct,False,n_003_000,1,0.0058974358974358985,0.23000000000000004,,,39,0,116
44,direct,False,n_003_000,11,0.0058974358974358985,0.23000000000000004,,,39,0,116
44,direct,False,n_002_001,0,0.0,0.0,,,41,0,116
44,diagnose_then_observe,False,n_000_001,1,0.05700000000000002,,0.0,,,31,116
44,diagnose_then_observe,False,n_000_002,0,0.0542857142857143,,0.0,,,31,116
44,diagnose_then_observe,False,n_002_000,4,0.0367741935483871,,0.0,,,31,116
44,diagnose_then_observe,False,n_001_000,3,0.04222222222222224,,0.0,,,31,116
44,diagnose_then_observe,False,n_001_001,3,0.04222222222222223,,0.0,,,31,116
44,diagnose_then_observe,False,n_000_001,2,0.06000000000000002,,0.0,,,31,116
44,diagnose_then_observe,False,n_001_000,2,0.04222222222222224,,0.0,,,31,116
44,diagnose_then_observe,False,home,3,0.06333333333333334,,0.0,,,31,116
60,direct,False,n_000_003,0,0.09166557644728526,1.8333115289457054,,,20,0,100
60,direct,False,n_001_003,0,0.059411764705882365,2.0200000000000005,,,34,0,100
60,direct,False,n_000_004,3,0.04000000000000001,1.2800000000000002,,,32,0,100
60,direct,False,n_000_002,9,0.0,0.0,,,20,0,100
60,direct,False,n_002_003,0,0.06261904761904763,2.6300000000000003,,,42,0,100
60,direct,False,n_000_005,3,0.03200000000000001,1.2800000000000002,,,40,0,100
60,direct,False,n_000_001,10,0.0,0.0,,,22,0,100
60,direct,False,n_000_006,3,0.009166666666666668,0.44000000000000006,,,48,0,100
60,direct,False,n_000_003,10,0.06980763323580826,1.396152664716165,,,20,0,100
60,direct,False,n_000_002,11,1.1900428039253618e-05,0.00028561027294208684,,,24,0,100
60,direct,True,n_000_003,11,0.09467051767605314,1.893410353521063,,,20,0,100
60,direct,False,n_000_003,4,0.0,0.0,,,24,0,100
60,direct,False,n_001_003,1,0.059411764705882365,2.0200000000000005,,,34,0,100
60,direct,False,n_001_003,11,0.08831200699795312,3.002608237930406,,,34,0,100
60,direct,False,n_000_004,2,0.04000000000000001,1.2800000000000002,,,32,0,100
60,direct,False,n_000_004,4,0.04000000000000001,1.2800000000000002,,,32,0,100
60,direct,False,n_001_003,2,0.059411764705882365,2.0200000000000005,,,34,0,100
60,direct,False,n_000_004,1,0.04000000000000001,1.2800000000000002,,,32,0,100
60,direct,False,n_000_002,8,0.0,0.0,,,22,0,100
60,direct,False,n_000_002,10,1.882471378432826e-08,4.141437032552217e-07,,,22,0,100
60,direct,False,n_002_003,1,0.06261904761904763,2.6300000000000003,,,42,0,100
60,direct,False,n_002_003,11,0.06261904761904763,2.6300000000000003,,,42,0,100
60,direct,False,n_000_005,2,0.03200000000000001,1.2800000000000002,,,40,0,100
60,direct,False,n_000_005,4,0.03200000000000001,1.2800000000000002,,,40,0,100
60,direct,False,n_002_003,2,0.06261904761904763,2.6300000000000003,,,42,0,100
60,direct,False,n_000_005,1,0.03200000000000001,1.2800000000000002,,,40,0,100
60,direct,False,n_000_001,11,0.0,0.0,,,24,0,100
60,direct,False,n_000_001,0,0.004691448022891001,0.12197764859516602,,,26,0,100
60,direct,False,n_000_006,2,0.009166666666666668,0.44000000000000006,,,48,0,100
60,direct,False,n_000_006,4,0.009166666666666668,0.44000000000000006,,,48,0,100
60,direct,False,n_000_001,1,0.006921648764066299,0.19380616539385637,,,28,0,100
60,direct,False,n_000_006,1,0.009166666666666668,0.44000000000000006,,,48,0,100
60,diagnose_then_observe,False,n_000_003,10,0.08232218928352449,,0.0,,,31,100
60,diagnose_then_observe,False,n_000_002,11,0.05459287705328014,,0.0,,,31,100
60,diagnose_then_observe,False,n_000_001,1,0.04766044822111757,,0.0,,,31,100
60,diagnose_then_observe,False,n_000_003,11,0.08115157399811908,,0.0,,,31,100
60,diagnose_then_observe,False,n_000_001,0,0.04766044822111756,,0.0,,,31,100
60,diagnose_then_observe,False,n_000_003,0,0.0901623977867173,,0.0,,,31,100
60,diagnose_then_observe,False,n_001_003,11,0.058444444444444466,,0.0,,,31,100
63,direct,False,n_000_003,10,0.04592526646688165,0.8266547964038697,,,18,0,97
63,direct,False,n_001_003,0,0.059411764705882365,2.0200000000000005,,,34,0,97
63,direct,False,n_000_002,9,0.0,0.0,,,18,0,97
63,direct,False,n_000_004,3,0.03764705882352942,1.2800000000000002,,,34,0,97
63,direct,False,n_002_003,0,0.06261904761904763,2.6300000000000003,,,42,0,97
63,direct,False,n_000_001,10,0.0,0.0,,,20,0,97
63,direct,False,n_000_005,3,0.030476190476190483,1.2800000000000002,,,42,0,97
63,direct,False,home,8,0.0,0.0,,,20,0,97
63,direct,False,n_000_002,11,2.8674085518219655e-09,6.308298814008324e-08,,,22,0,97
63,direct,False,n_000_003,9,0.0005498596700528202,0.009897474060950763,,,18,0,97
63,direct,False,n_000_003,8,0.0,0.0,,,20,0,97
63,direct,False,n_000_003,7,0.0,0.0,,,22,0,97
63,direct,False,n_001_003,1,0.059411764705882365,2.0200000000000005,,,34,0,97
63,direct,True,n_001_003,11,0.0790034552868382,2.686117479752499,,,34,0,97
63,direct,False,n_000_002,8,0.0,0.0,,,20,0,97
63,direct,False,n_000_002,10,4.736894436319006e-12,9.473788872638012e-11,,,20,0,97
63,direct,False,n_001_003,2,0.059411764705882365,2.0200000000000005,,,34,0,97
63,direct,False,n_000_004,2,0.03764705882352942,1.2800000000000002,,,34,0,97
63,direct,False,n_000_004,4,0.03764705882352942,1.2800000000000002,,,34,0,97
63,direct,False,n_000_004,1,0.03764705882352942,1.2800000000000002,,,34,0,97
63,direct,False,n_002_003,1,0.06261904761904763,2.6300000000000003,,,42,0,97
63,direct,False,n_002_003,11,0.06261904761904763,2.6300000000000003,,,42,0,97
63,direct,False,n_002_003,2,0.06261904761904763,2.6300000000000003,,,42,0,97
63,direct,False,n_000_001,11,0.0,0.0,,,22,0,97
63,direct,False,n_000_001,0,0.005075375454639864,0.12180901091135674,,,24,0,97
63,direct,False,n_000_005,2,0.030476190476190483,1.2800000000000002,,,42,0,97
63,direct,False,n_000_005,4,0.030476190476190483,1.2800000000000002,,,42,0,97
63,direct,False,n_000_001,1,0.007444561134494357,0.19355858949685328,,,26,0,97
63,direct,False,n_000_005,1,0.030476190476190483,1.2800000000000002,,,42,0,97
63,direct,False,home,7,0.0,0.0,,,22,0,97
63,direct,False,n_000_006,3,0.0088,0.44000000000000006,,,50,0,97
63,direct,False,home,6,0.0,0.0,,,24,0,97
63,diagnose_then_observe,False,n_000_003,10,0.07259776972304051,,0.0,,,31,97
63,diagnose_then_observe,False,n_000_002,11,0.050681461882122636,,0.0,,,31,97
63,diagnose_then_observe,False,n_000_001,1,0.044034712782827855,,0.0,,,31,97
63,diagnose_then_observe,False,n_000_001,0,0.04403471278282786,,0.0,,,31,97
63,diagnose_then_observe,False,n_000_003,9,0.06887480717314098,,0.0,,,31,97
63,diagnose_then_observe,False,n_001_003,11,0.05844444444444445,,0.0,,,31,97
70,direct,False,n_001_003,10,0.026463852807267645,0.740987878603494,,,28,0,90
70,direct,True,n_002_003,0,0.06921052631578949,2.6300000000000003,,,38,0,90
70,direct,False,n_000_003,6,0.0,0.0,,,28,0,90
70,direct,False,n_000_002,9,0.0,0.0,,,28,0,90
70,direct,False,n_000_004,3,0.030476190476190483,1.2800000000000002,,,42,0,90
70,direct,False,n_000_005,3,0.025600000000000005,1.2800000000000002,,,50,0,90
70,direct,False,n_000_001,10,0.0,0.0,,,30,0,90
70,direct,False,n_000_006,3,0.007586206896551725,0.44000000000000006,,,58,0,90
70,direct,False,n_003_001,1,0.015625000000000003,1.0000000000000002,,,64,0,90
70,direct,False,n_001_003,8,0.00455925260831289,0.12765907303276092,,,28,0,90
70,direct,False,n_000_002,11,1.9532401204057034e-09,6.250368385298251e-08,,,32,0,90
70,direct,False,n_001_003,1,0.0,0.0,,,30,0,90
70,direct,False,n_001_003,9,0.013185579292782844,0.36919622019791964,,,28,0,90
70,direct,False,n_002_003,1,0.06921052631578949,2.6300000000000003,,,38,0,90
70,direct,False,n_002_003,11,0.06921052631578949,2.6300000000000003,,,38,0,90
70,direct,False,n_002_003,2,0.06921052631578949,2.6300000000000003,,,38,0,90
70,direct,False,n_000_003,5,0.0,0.0,,,30,0,90
70,direct,False,n_000_003,7,0.0,0.0,,,28,0,90
70,direct,False,n_000_003,4,0.0,0.0,,,32,0,90
70,direct,False,n_000_002,8,0.0,0.0,,,30,0,90
70,direct,False,n_000_002,10,3.1579296242126705e-12,9.473788872638012e-11,,,30,0,90
70,direct,False,n_000_004,2,0.030476190476190483,1.2800000000000002,,,42,0,90
70,direct,False,n_000_004,4,0.030476190476190483,1.2800000000000002,,,42,0,90
70,direct,False,n_000_004,1,0.030476190476190483,1.2800000000000002,,,42,0,90
70,direct,False,n_000_005,2,0.025600000000000005,1.2800000000000002,,,50,0,90
70,direct,False,n_000_005,4,0.025600000000000005,1.2800000000000002,,,50,0,90
70,direct,False,n_000_001,11,0.0,0.0,,,32,0,90
70,direct,False,n_000_005,1,0.025600000000000005,1.2800000000000002,,,50,0,90
70,direct,False,n_000_001,0,0.0035812570440648776,0.12176273949820583,,,34,0,90
70,direct,False,n_000_001,1,0.005375342168991732,0.19351231808370237,,,36,0,90
70,direct,False,home,8,0.0,0.0,,,30,0,90
70,direct,False,n_000_006,2,0.007586206896551725,0.44000000000000006,,,58,0,90
70,diagnose_then_observe,False,n_001_003,8,0.05844444444444446,,0.0,,,31,90
70,diagnose_then_observe,False,n_000_002,11,0.03704225352112677,,0.0,,,31,90
70,diagnose_then_observe,False,n_001_003,9,0.06116279069767443,,0.0,,,31,90
70,diagnose_then_observe,False,n_000_001,1,0.033291139240506334,,0.0,,,31,90
70,diagnose_then_observe,False,n_001_003,10,0.06414634146341465,,0.0,,,31,90
70,diagnose_then_observe,False,n_000_001,0,0.033291139240506334,,0.0,,,31,90
76,direct,False,n_002_003,1,0.0,0.0,,,33,0,84
76,direct,False,n_001_003,6,0.0,0.0,,,33,0,84
76,direct,False,n_000_003,6,0.0,0.0,,,33,0,84
76,direct,False,n_000_002,9,0.0,0.0,,,33,0,84
76,direct,False,n_000_004,3,0.027234042553191496,1.2800000000000002,,,47,0,84
76,direct,False,n_000_005,3,0.023272727272727278,1.2800000000000002,,,55,0,84
76,direct,False,n_000_001,10,0.0,0.0,,,35,0,84
76,direct,False,n_000_006,3,0.006984126984126985,0.44000000000000006,,,63,0,84
76,direct,False,n_002_003,10,0.007936217084928273,0.261895163802633,,,33,0,84
76,direct,False,n_002_003,7,0.02283482124336461,0.7535491010310321,,,33,0,84
76,direct,False,n_003_001,1,0.014347826086956525,0.9900000000000002,,,69,0,84
76,direct,False,n_000_002,11,1.689288752783311e-09,6.250368385298251e-08,,,37,0,84
76,direct,False,n_002_003,11,0.0,0.0,,,33,0,84
76,direct,False,n_001_003,5,0.0,0.0,,,35,0,84
76,direct,False,n_001_003,7,0.0003564230429591234,0.01247480650356932,,,35,0,84
76,direct,False,n_001_003,4,0.0,0.0,,,37,0,84
76,direct,False,n_000_003,5,0.0,0.0,,,35,0,84
76,direct,False,n_000_003,7,0.0,0.0,,,33,0,84
76,direct,False,n_000_003,4,0.0,0.0,,,37,0,84
76,direct,False,n_000_002,8,0.0,0.0,,,35,0,84
76,direct,False,n_000_002,10,2.706796820753718e-12,9.473788872638012e-11,,,35,0,84
76,direct,False,n_000_004,2,0.027234042553191496,1.2800000000000002,,,47,0,84
76,direct,False,n_000_004,4,0.027234042553191496,1.2800000000000002,,,47,0,84
76,direct,True,n_000_004,1,0.027234042553191496,1.2800000000000002,,,47,0,84
76,direct,False,n_000_005,2,0.023272727272727278,1.2800000000000002,,,55,0,84
76,direct,False,n_000_005,4,0.023272727272727278,1.2800000000000002,,,55,0,84
76,direct,False,n_000_001,11,0.0,0.0,,,37,0,84
76,direct,False,n_000_005,1,0.023272727272727278,1.2800000000000002,,,55,0,84
76,direct,False,n_000_001,0,0.0031221215255950213,0.12176273949820583,,,39,0,84
76,direct,False,n_000_001,1,0.004719812636187862,0.19351231808370237,,,41,0,84
76,direct,False,home,8,0.0,0.0,,,35,0,84
76,direct,False,n_000_006,2,0.006984126984126985,0.44000000000000006,,,63,0,84
76,diagnose_then_observe,False,n_002_003,7,0.026666666666666665,,0.0,,,31,84
76,diagnose_then_observe,False,n_000_002,11,0.020645161290322588,,0.0,,,31,84
76,diagnose_then_observe,False,n_000_001,1,0.01828571428571429,,0.0,,,29,84
76,diagnose_then_observe,False,n_000_001,0,0.018285714285714294,,0.0,,,29,84
76,diagnose_then_observe,False,n_002_003,10,0.026666666666666675,,0.0,,,31,84
100,direct,False,n_000_004,0,0.0,0.0,,,24,0,60
100,direct,False,n_000_005,3,0.019166666666666672,0.6900000000000002,,,36,0,60
100,direct,False,n_000_003,9,0.00041239475253961516,0.009897474060950763,,,24,0,60
100,direct,False,n_000_006,3,0.003181818181818182,0.14,,,44,0,60
100,direct,False,n_000_002,9,0.0,0.0,,,24,0,60
100,direct,False,n_001_005,0,0.020600000000000004,1.0300000000000002,,,50,0,60
100,direct,False,n_001_003,1,0.0,0.0,,,44,0,60
100,direct,False,n_000_001,10,0.0,0.0,,,26,0,60
100,direct,False,n_003_001,1,0.016500000000000004,0.9900000000000002,,,60,0,60
100,direct,False,n_000_004,9,0.032582380725311076,0.7819771374074658,,,24,0,60
100,direct,False,n_000_002,11,2.232274423320804e-09,6.250368385298251e-08,,,28,0,60
100,direct,True,n_000_004,11,0.05621758889102246,1.3492221333845391,,,24,0,60
100,direct,False,n_000_004,4,0.0,0.0,,,28,0,60
100,direct,False,n_000_005,2,0.019166666666666672,0.6900000000000002,,,36,0,60
100,direct,False,n_000_005,4,0.019166666666666672,0.6900000000000002,,,36,0,60
100,direct,False,n_000_005,1,0.019166666666666672,0.6900000000000002,,,36,0,60
100,direct,False,n_000_003,8,0.0,0.0,,,26,0,60
100,direct,False,n_000_003,10,0.03130874606463887,0.8140273976806106,,,26,0,60
100,direct,False,n_000_003,7,0.0,0.0,,,28,0,60
100,direct,False,n_000_006,2,0.003181818181818182,0.14,,,44,0,60
100,direct,False,n_000_006,4,0.003181818181818182,0.14,,,44,0,60
100,direct,False,n_000_006,1,0.003181818181818182,0.14,,,44,0,60
100,direct,False,n_000_002,8,0.0,0.0,,,26,0,60
100,direct,False,n_000_002,10,3.64376495101462e-12,9.473788872638012e-11,,,26,0,60
100,direct,False,n_001_005,1,0.020600000000000004,1.0300000000000002,,,50,0,60
100,direct,False,n_001_005,11,0.028544752164533803,1.4272376082266902,,,50,0,60
100,direct,False,n_001_005,2,0.020600000000000004,1.0300000000000002,,,50,0,60
100,direct,False,n_001_003,2,0.0,0.0,,,44,0,60
100,direct,False,n_001_003,10,0.016840633604624865,0.740987878603494,,,44,0,60
100,direct,False,n_001_006,0,0.009655172413793104,0.56,,,58,0,60
100,direct,False,n_002_005,0,0.016724137931034486,0.9700000000000002,,,58,0,60
100,direct,False,n_000_001,11,0.0,0.0,,,28,0,60
100,diagnose_then_observe,False,n_000_004,9,0.046524901151191,,0.0,,,28,60
100,diagnose_then_observe,False,n_000_002,11,0.025457021384613938,,0.0,,,16,60
100,diagnose_then_observe,False,n_000_003,10,0.029982714075211976,,0.0,,,20,60
100,diagnose_then_observe,False,n_001_003,10,0.022868171752280324,,0.0,,,16,60
100,diagnose_then_observe,False,n_000_003,9,0.030149162877059654,,0.0,,,20,60
100,diagnose_then_observe,False,n_000_004,11,0.03127908549629863,,0.0,,,28,60
100,diagnose_then_observe,False,n_001_005,11,0.024531311516082524,,0.0,,,20,60
103,direct,True,n_000_004,10,0.06037418957108704,1.3282321705639148,,,22,0,57
103,direct,False,n_000_003,9,0.0004498851845886711,0.009897474060950763,,,22,0,57
103,direct,False,n_000_005,3,0.01815789473684211,0.6900000000000002,,,38,0,57
103,direct,False,n_000_002,9,0.0,0.0,,,22,0,57
103,direct,False,n_000_006,3,0.0030434782608695656,0.14,,,46,0,57
103,direct,False,n_001_003,1,0.0,0.0,,,42,0,57
103,direct,False,n_000_001,10,0.0,0.0,,,24,0,57
103,direct,False,n_001_005,0,0.01980769230769231,1.0300000000000002,,,52,0,57
103,direct,False,n_000_002,11,2.3763637102986834e-09,6.178545646776577e-08,,,26,0,57
103,direct,False,n_000_004,9,0.035068940246023354,0.7715166854125137,,,22,0,57
103,direct,False,n_000_001,1,0.006308841782756763,0.1892652534827029,,,30,0,57
103,direct,False,n_000_004,8,0.0,0.0,,,24,0,57
103,direct,False,n_000_004,7,0.0,0.0,,,26,0,57
103,direct,False,n_000_003,8,0.0,0.0,,,24,0,57
103,direct,False,n_000_003,10,0.03348200489325218,0.8035681174380523,,,24,0,57
103,direct,False,n_000_003,7,0.0,0.0,,,26,0,57
103,direct,False,n_000_005,2,0.01815789473684211,0.6900000000000002,,,38,0,57
103,direct,False,n_000_005,4,0.01815789473684211,0.6900000000000002,,,38,0,57
103,direct,False,n_000_005,1,0.01815789473684211,0.6900000000000002,,,38,0,57
103,direct,False,n_000_002,8,0.0,0.0,,,24,0,57
103,direct,False,n_000_002,10,0.0,0.0,,,24,0,57
103,direct,False,n_000_006,2,0.0030434782608695656,0.14,,,46,0,57
103,direct,False,n_000_006,4,0.0030434782608695656,0.14,,,46,0,57
103,direct,False,n_000_006,1,0.0030434782608695656,0.14,,,46,0,57
103,direct,False,n_001_003,2,0.0,0.0,,,42,0,57
103,direct,False,n_001_003,10,0.017442860105817894,0.7326001244443515,,,42,0,57
103,direct,False,n_000_001,11,0.0,0.0,,,26,0,57
103,direct,False,n_001_003,3,0.0,0.0,,,42,0,57
103,direct,False,n_001_005,1,0.01980769230769231,1.0300000000000002,,,52,0,57
103,direct,False,n_001_005,11,0.01980769230769231,1.0300000000000002,,,52,0,57
103,direct,False,n_000_001,0,0.0043481487135970465,0.1217481639807173,,,28,0,57
103,direct,False,n_001_005,2,0.01980769230769231,1.0300000000000002,,,52,0,57
103,diagnose_then_observe,False,n_000_004,9,0.0531292868225566,,0.0,,,31,57
103,diagnose_then_observe,False,n_000_002,11,0.02604376805027284,,0.0,,,19,57
103,diagnose_then_observe,False,n_000_001,1,0.015756237596824558,,0.0,,,11,57
103,diagnose_then_observe,False,n_000_004,10,0.03354420371358756,,0.0,,,31,57
103,diagnose_then_observe,False,n_000_003,10,0.030889120245672443,,0.0,,,23,57
103,diagnose_then_observe,False,n_001_003,10,0.02330231878182307,,0.0,,,19,57
103,diagnose_then_observe,False,n_000_001,0,0.015756237596824558,,0.0,,,11,57
103,diagnose_then_observe,False,n_000_003,9,0.032142724697522086,,0.0,,,23,57
105,direct,True,n_000_004,9,0.03633789100136255,0.7630957110286136,,,21,0,55
105,direct,False,n_000_003,9,0.000471308288616703,0.009897474060950763,,,21,0,55
105,direct,False,n_000_002,9,0.0,0.0,,,21,0,55
105,direct,False,n_000_005,3,0.017692307692307698,0.6900000000000002,,,39,0,55
105,direct,False,n_000_006,3,0.0029787234042553193,0.14,,,47,0,55
105,direct,False,n_001_003,1,0.0,0.0,,,41,0,55
105,direct,False,n_000_001,10,0.0,0.0,,,23,0,55
105,direct,False,n_001_005,0,0.019433962264150947,1.0300000000000002,,,53,0,55
105,direct,False,n_000_002,11,2.459070399056406e-09,6.147675997641015e-08,,,25,0,55
105,direct,False,n_000_001,1,0.006452800961597162,0.1871312278863177,,,29,0,55
105,direct,False,n_000_004,8,0.0,0.0,,,23,0,55
105,direct,False,n_000_004,7,0.0,0.0,,,25,0,55
105,direct,False,n_000_004,6,0.0,0.0,,,27,0,55
105,direct,False,n_000_003,8,0.0,0.0,,,23,0,55
105,direct,False,n_000_003,10,0.03438858575870466,0.7909374724502072,,,23,0,55
105,direct,False,n_000_003,7,0.0,0.0,,,25,0,55
105,direct,False,n_000_002,8,0.0,0.0,,,23,0,55
105,direct,False,n_000_002,10,4.119038640277397e-12,9.473788872638012e-11,,,23,0,55
105,direct,False,n_000_005,2,0.017692307692307698,0.6900000000000002,,,39,0,55
105,direct,False,n_000_005,4,0.017692307692307698,0.6900000000000002,,,39,0,55
105,direct,False,n_000_005,1,0.017692307692307698,0.6900000000000002,,,39,0,55
105,direct,False,n_000_006,2,0.0029787234042553193,0.14,,,47,0,55
105,direct,False,n_000_006,4,0.0029787234042553193,0.14,,,47,0,55
105,direct,False,n_001_003,2,0.0,0.0,,,41,0,55
105,direct,False,n_001_003,10,0.017458162114797778,0.7157846467067089,,,41,0,55
105,direct,False,n_000_001,11,0.0,0.0,,,25,0,55
105,direct,False,n_000_006,1,0.0029787234042553193,0.14,,,47,0,55
105,direct,False,n_001_003,3,0.0,0.0,,,41,0,55
105,direct,False,n_000_001,0,0.004508543930405328,0.12173068612094384,,,27,0,55
105,direct,False,n_001_005,1,0.019433962264150947,1.0300000000000002,,,53,0,55
105,direct,False,n_001_005,11,0.019433962264150947,1.0300000000000002,,,53,0,55
105,direct,False,n_002_003,11,0.0,0.0,,,49,0,55
105,diagnose_then_observe,False,n_000_002,11,0.01883184458214779,,0.0,,,15,55
105,diagnose_then_observe,False,n_000_001,1,0.015818749449004146,,0.0,,,11,55
105,diagnose_then_observe,False,n_000_003,10,0.01816894550068128,,0.0,,,24,55
105,diagnose_then_observe,False,n_000_004,9,0.03295572801875862,,0.0,,,28,55
105,diagnose_then_observe,False,n_001_003,10,0.01797585164659562,,0.0,,,16,55
105,diagnose_then_observe,False,n_000_001,0,0.015818749449004146,,0.0,,,11,55
105,diagnose_then_observe,False,n_000_003,9,0.03295572801875863,,0.0,,,24,55
107,direct,False,n_000_004,8,0.0,0.0,,,22,0,53
107,direct,False,n_000_003,9,0.0004948737030475382,0.009897474060950763,,,20,0,53
107,direct,False,n_000_002,9,0.0,0.0,,,20,0,53
107,direct,False,n_000_005,3,0.017250000000000005,0.6900000000000002,,,40,0,53
107,direct,False,n_001_003,1,0.0,0.0,,,40,0,53
107,direct,False,n_000_001,10,0.0,0.0,,,22,0,53
107,direct,False,n_000_006,3,0.002916666666666667,0.14,,,48,0,53
107,direct,False,n_002_003,11,0.0,0.0,,,48,0,53
107,direct,False,n_000_002,11,2.5615316656837564e-09,6.147675997641015e-08,,,24,0,53
107,direct,False,n_000_001,1,0.006682674650012821,0.18711489020035899,,,28,0,53
107,direct,False,n_000_004,7,0.0,0.0,,,24,0,53
107,direct,False,n_000_004,6,0.0,0.0,,,26,0,53
107,direct,False,n_000_004,5,0.0,0.0,,,28,0,53
107,direct,False,n_000_003,8,0.0,0.0,,,22,0,53
107,direct,True,n_000_003,10,0.03566440283770097,0.7846168624294213,,,22,0,53
107,direct,False,n_000_003,7,0.0,0.0,,,24,0,53
107,direct,False,n_000_002,8,0.0,0.0,,,22,0,53
107,direct,False,n_000_002,10,4.306267669380914e-12,9.473788872638012e-11,,,22,0,53
107,direct,False,n_000_005,2,0.017250000000000005,0.6900000000000002,,,40,0,53
107,direct,False,n_000_005,4,0.017250000000000005,0.6900000000000002,,,40,0,53
107,direct,False,n_000_005,1,0.017250000000000005,0.6900000000000002,,,40,0,53
107,direct,False,n_001_003,2,0.0,0.0,,,40,0,53
107,direct,False,n_001_003,10,0.01784240247296116,0.7136960989184464,,,40,0,53
107,direct,False,n_000_001,11,0.0,0.0,,,24,0,53
107,direct,False,n_001_003,3,0.0,0.0,,,40,0,53
107,direct,False,n_000_001,0,0.004681949463569912,0.12173068605281771,,,26,0,53
107,direct,False,n_000_006,2,0.002916666666666667,0.14,,,48,0,53
107,direct,False,n_000_006,4,0.002916666666666667,0.14,,,48,0,53
107,direct,False,n_000_006,1,0.002916666666666667,0.14,,,48,0,53
107,direct,False,home,8,0.0,0.0,,,22,0,53
107,direct,False,n_002_003,10,0.0,0.0,,,48,0,53
107,diagnose_then_observe,False,n_000_002,11,0.019136996644620034,,0.0,,,16,53
107,diagnose_then_observe,False,n_000_001,1,0.016012589029171867,,0.0,,,12,53
107,diagnose_then_observe,False,n_000_003,10,0.017407221924840156,,0.0,,,26,53
107,diagnose_then_observe,False,n_001_003,10,0.018246903777428405,,0.0,,,18,53
107,diagnose_then_observe,False,n_000_001,0,0.016012589029171867,,0.0,,,12,53
107,diagnose_then_observe,False,n_000_003,9,0.03411377662736615,,0.0,,,26,53
113,direct,False,n_000_003,8,0.0,0.0,,,19,0,47
113,direct,False,n_000_002,9,0.0,0.0,,,17,0,47
113,direct,False,n_001_003,1,0.0,0.0,,,35,0,47
113,direct,False,n_000_001,10,0.0,0.0,,,19,0,47
113,direct,False,n_000_004,4,0.0,0.0,,,35,0,47
113,direct,False,n_002_003,11,0.0,0.0,,,43,0,47
113,direct,False,n_000_005,3,0.01604651162790698,0.6900000000000002,,,43,0,47
113,direct,False,home,8,0.0,0.0,,,19,0,47
113,direct,False,n_000_002,11,2.9274647607814357e-09,6.147675997641015e-08,,,21,0,47
113,direct,False,n_000_001,1,0.007400366218590172,0.1850091554647543,,,25,0,47
113,direct,False,n_000_003,7,0.0,0.0,,,21,0,47
113,direct,False,n_000_002,8,0.0,0.0,,,19,0,47
113,direct,False,n_000_002,10,4.98620466980948e-12,9.473788872638012e-11,,,19,0,47
113,direct,False,n_001_003,2,0.0,0.0,,,35,0,47
113,direct,False,n_001_003,10,0.020391317111955614,0.7136960989184464,,,35,0,47
113,direct,False,n_001_003,3,0.0,0.0,,,35,0,47
113,direct,False,n_000_001,11,0.0,0.0,,,21,0,47
113,direct,False,n_000_004,5,0.0,0.0,,,35,0,47
113,direct,False,n_000_001,0,0.0052926385240355525,0.12173068605281771,,,23,0,47
113,direct,False,n_000_004,6,0.0,0.0,,,35,0,47
113,direct,False,n_002_003,10,0.0,0.0,,,43,0,47
113,direct,False,n_000_004,7,0.0,0.0,,,35,0,47
113,direct,False,n_002_003,9,0.011735866386092326,0.50464225460197,,,43,0,47
113,direct,False,n_000_005,2,0.01604651162790698,0.6900000000000002,,,43,0,47
113,direct,False,n_000_005,4,0.01604651162790698,0.6900000000000002,,,43,0,47
113,direct,True,n_002_003,8,0.022174845320397728,0.9535183487771023,,,43,0,47
113,direct,False,home,7,0.0,0.0,,,21,0,47
113,direct,False,n_000_005,1,0.01604651162790698,0.6900000000000002,,,43,0,47
113,direct,False,home,6,0.0,0.0,,,23,0,47
113,direct,False,n_001_001,0,0.0,0.0,,,37,0,47
113,direct,False,home,5,0.0,0.0,,,23,0,47
113,diagnose_then_observe,False,n_000_002,11,0.006166971848825143,,0.0,,,18,47
113,diagnose_then_observe,False,n_000_001,1,0.004681949463569914,,0.0,,,14,47
113,diagnose_then_observe,False,n_002_003,8,0.010970483795695,,0.0,,,8,47
113,diagnose_then_observe,False,n_001_003,10,0.004204753533289872,,0.0,,,17,47
113,diagnose_then_observe,False,n_000_001,0,0.0071157367486443975,,0.0,,,14,47
113,diagnose_then_observe,False,n_002_003,9,0.021670871563115965,,0.0,,,9,47
128,direct,True,n_002_003,7,0.024901605780721238,0.7221465676409159,,,29,0,32
128,direct,False,n_001_003,5,0.0,0.0,,,31,0,32
128,direct,False,n_000_003,7,0.0,0.0,,,29,0,32
128,direct,False,n_000_002,9,0.0,0.0,,,29,0,32
128,direct,False,n_000_001,10,0.0,0.0,,,31,0,32
128,direct,False,n_001_003,7,0.00040241311301836513,0.01247480650356932,,,31,0,32
128,direct,False,n_000_003,8,0.0,0.0,,,29,0,32
128,direct,False,n_000_002,8,0.0,0.0,,,31,0,32
128,direct,False,n_000_002,10,3.056060926657423e-12,9.473788872638012e-11,,,31,0,32
128,direct,False,home,8,0.0,0.0,,,31,0,32
128,diagnose_then_observe,False,n_002_003,7,0.0003898377032365411,,0.0,,,9,32
130,direct,False,n_001_003,5,0.0,0.0,,,30,0,30
130,direct,False,n_000_003,7,0.0,0.0,,,28,0,30
130,direct,False,n_000_002,9,0.0,0.0,,,28,0,30
130,direct,False,n_000_001,10,0.0,0.0,,,30,0,30
130,direct,False,home,8,0.0,0.0,,,30,0,30
130,direct,True,n_001_003,7,0.00041582688345231066,0.01247480650356932,,,30,0,30
130,direct,False,n_000_003,8,0.0,0.0,,,28,0,30
130,direct,False,n_000_002,8,0.0,0.0,,,30,0,30
130,direct,False,n_000_002,10,3.1579296242126705e-12,9.473788872638012e-11,,,30,0,30
137,no_feasible_target,False,,,,,,,,0,23
138,no_feasible_target,False,,,,,,,,0,22
139,no_feasible_target,False,,,,,,,,0,21
140,no_feasible_target,False,,,,,,,,0,20
141,no_feasible_target,False,,,,,,,,0,19
