stage,paid_step,observation_sha256,observed_instances,qualified_instances,uncertain_instances,applied_feedback,qualified_peer_edges,informative_peer_edges,S_B_max_absolute_posterior_difference,association_rejection_reasons,ground_accepted,ground_reason,ground_excluded_pixels,ground_support_pixels,ground_standardized_rms,ground_measured_z_m,ground_xy_span_m
control,0,17367702906da9f197797edcb0ba260ab89b53c3304f96b93e62967ff2b9f1fb,1,0,0,0,0,0,0.0,"{""oversize_without_local_geometric_support"":1,""unregistered_without_marker"":2}",False,original_no_ground_revision,0,,,,
control,1,4772a0f227b4a4852e4935c53860ed7f69668cbffe9f7f6d66e60eda4ff35b68,1,1,0,0,0,0,0.0,"{""oversize_without_local_geometric_support"":1,""unregistered_without_marker"":3}",False,original_no_ground_revision,0,,,,
control,2,061cc6f69914900559185c997204fb33293c6db5f849bed2b6e0e5f706541bee,1,1,0,0,0,0,0.0,"{""oversize_without_local_geometric_support"":1}",False,original_no_ground_revision,0,,,,
control,3,37974300a25c264b9e97244a6db551cd20d21f6ca7b4446d8fefa56c3ede4314,1,1,0,0,0,0,0.0,"{""unregistered_without_marker"":3}",False,original_no_ground_revision,0,,,,
control,4,6dea67676900410886a5b7fd41226c6b93008a0aa3db2ff5ef1f61d10e3da97a,1,1,0,0,0,0,0.0,"{""unregistered_without_marker"":2,""oversize_without_local_geometric_support"":1}",False,original_no_ground_revision,0,,,,
control,5,10b3e918adfc467798a91bfc96ad83c330d389367aab9ab318b7f42c3dc6b38d,1,0,1,0,0,0,0.0,"{""unregistered_without_marker"":2,""multiple_components_claim_instance"":3}",False,original_no_ground_revision,0,,,,
control,6,4d997304379b43c735c4e63335a5a2f9abe64c1facce4959e6d2afea0ad8fe1e,2,1,0,0,0,0,0.0,"{""unregistered_without_marker"":2}",False,original_no_ground_revision,0,,,,
control,7,276f074328dff2eb293845aa8107d0b2672c523f881df6fdf9bdb6fb654a506f,2,2,0,0,0,0,0.0,{},False,original_no_ground_revision,0,,,,
control,8,a8157730cb3baa48ebd9f2cf651e2ccbb660811323bf981acb5a3ff6a72754bb,2,0,2,0,0,0,0.0,"{""overlapping_local_support_proposals"":2}",False,original_no_ground_revision,0,,,,
control,9,2b08b7f6eea35044b1c5033f443a088df6df3c4eae9478d3f8b842ecfa47ad2e,2,0,2,0,0,0,0.0,"{""overlapping_local_support_proposals"":2,""unregistered_without_marker"":1}",False,original_no_ground_revision,0,,,,
control,10,e3488035c000deb4841c803ffa5946f7909d2340c2490c5e37407d5fd53749fe,2,0,2,0,0,0,0.0,"{""multiple_components_claim_instance"":2}",False,original_no_ground_revision,0,,,,
control,11,dfdf3729d0525c7b3803e9783ece0e6f6961c1c2f2df1803eeccf21fd0aff094,2,1,1,0,0,0,0.0,"{""oversize_without_local_geometric_support"":1}",False,original_no_ground_revision,0,,,,
control,12,590223721f2265e515f8302db7a7feae321e39bc3f30dccdd478afce7b8b6f86,2,1,1,0,0,0,0.0,"{""oversize_without_local_geometric_support"":1}",False,original_no_ground_revision,0,,,,
control,13,632eabdb3b4a321874ba2ec4b17dcf103e2c60d5c04002d465d58d25a16f4ed9,2,1,1,0,0,0,0.0,"{""oversize_without_local_geometric_support"":1}",False,original_no_ground_revision,0,,,,
control,14,2fc10afc9c5ae9a75975a978c1ad0ed98576c8ec1b24792f2cfb583e42ace573,2,1,1,0,0,0,0.0,"{""oversize_without_local_geometric_support"":1,""unregistered_without_marker"":1}",False,original_no_ground_revision,0,,,,
control,15,d24e5788bb2a5a770ac2e5162c1e397906af9285ac2af91ec8fdfaafca174bbb,2,1,1,0,0,0,0.0,"{""oversize_without_local_geometric_support"":1}",False,original_no_ground_revision,0,,,,
control,16,ff63d71bb709b232887a435725a10e73cc059ae514a3ff9dfd278296c92924ee,2,1,1,0,0,0,0.0,"{""oversize_without_local_geometric_support"":1}",False,original_no_ground_revision,0,,,,
control,17,2c8be239eabeaaa940b1fc00d0a75b59e2ac0f49d4b992a3d7a94236804bf72d,2,1,1,0,0,0,0.0,"{""unregistered_without_marker"":1}",False,original_no_ground_revision,0,,,,
control,18,06d17e4c86c80dab1069e92d024ac459ce5ac230aebb970ac4b6b57da06ee437,2,1,1,0,0,0,0.0,"{""unregistered_without_marker"":1}",False,original_no_ground_revision,0,,,,
control,19,4df75240f871fc10c1bf0f8f4cbb8c2edc6b12fe1f9f34d9d9e635a5deb873a9,2,1,1,0,0,0,0.0,"{""unregistered_without_marker"":1}",False,original_no_ground_revision,0,,,,
control,20,d156393f80294578b48021dd6ec00b3d5c6529ec700d3118451b82ac4e542d86,2,1,1,0,0,0,0.0,"{""oversize_without_local_geometric_support"":1}",False,original_no_ground_revision,0,,,,
control,21,e53d78e9cf76ab8dd79589cad29eb52c2d7b2b445ab454bbaaad16c6464de566,2,1,1,0,0,0,0.0,"{""oversize_without_local_geometric_support"":1,""unregistered_without_marker"":2}",False,original_no_ground_revision,0,,,,
control,22,4c501f685acddb93de9df923d38079319672a516a604379c8ecc577e5c884dd1,2,1,1,0,0,0,0.0,"{""insufficient_overlap_fraction"":1,""unregistered_without_marker"":1}",False,original_no_ground_revision,0,,,,
control,23,0520951aa730c29e11e0ca839e7a968095873f8b793ebe2ecf8d4690ac7e56b5,2,0,2,0,0,0,0.0,"{""overlapping_local_support_proposals"":2,""unregistered_without_marker"":3}",False,original_no_ground_revision,0,,,,
control,24,458d9dcd5cdb8f0fd9df3fff05cecd449192478599f52da9ba30acb3b0399844,2,0,2,0,0,0,0.0,"{""overlapping_local_support_proposals"":2,""multiple_components_claim_instance"":2}",False,original_no_ground_revision,0,,,,
control,25,7bc91266c8dd174e8128e8f523b0a2a466d0d224712e2e8540523a5f1e50f7d7,2,0,2,0,0,0,0.0,"{""overlapping_local_support_proposals"":2,""insufficient_bounded_support"":1,""multiple_components_claim_instance"":2}",False,original_no_ground_revision,0,,,,
control,26,61db8fa7b3272520406949bfe2d446e507910af45aa699c8e41c52efd3746b21,2,1,1,0,0,0,0.0,"{""overlapping_local_support_proposals"":2,""unregistered_without_marker"":3}",False,original_no_ground_revision,0,,,,
control,27,9296fbe5b8e78827b8da407275c7026fbfc636b9f13129767a9a7ae989f998fc,2,1,1,0,0,0,0.0,"{""insufficient_overlap_fraction"":1,""unregistered_without_marker"":2}",False,original_no_ground_revision,0,,,,
control,28,5a363dca7c877220eddaf9a6ac52ad5b5ff6875bf2c4c87160c020a5046561b5,2,1,1,0,0,0,0.0,"{""oversize_without_local_geometric_support"":1,""unregistered_without_marker"":3}",False,original_no_ground_revision,0,,,,
control,29,2a020c7ed2794d9035c1c1e4cc837fa08a636e664d0f5b6dd76f0d6aeda03eb5,2,1,1,0,0,0,0.0,"{""oversize_without_local_geometric_support"":1,""unregistered_without_marker"":3}",False,original_no_ground_revision,0,,,,
control,30,4622cfadb6f26f81906b5d7ca3e0b1ed666ec1c89128b473528730f4bb7d82d5,2,1,1,0,0,0,0.0,"{""unregistered_without_marker"":3}",False,original_no_ground_revision,0,,,,
control,31,c984bff1c93b45f3528550404a98e3234576abb6336b79523b8d4833b9372153,2,1,1,0,0,0,0.0,"{""unregistered_without_marker"":4}",False,original_no_ground_revision,0,,,,
control,32,c002963d2800d1b34dc37295c50903ed5f4411d010dc5a58578fcc8161d646e5,2,1,1,0,0,0,0.0,"{""unregistered_without_marker"":3}",False,original_no_ground_revision,0,,,,
control,33,428bb034069e5258e3322f00b8d2e22e385a82e9a74dc60e4f4228c21d01aa2f,2,1,1,0,0,0,0.0,"{""oversize_without_local_geometric_support"":2,""unregistered_without_marker"":1}",False,original_no_ground_revision,0,,,,
control,34,5b758db8bdc661e0adb311e198f633d3e521df8c1000ce447d3688420b4727ca,2,1,1,0,0,0,0.0,"{""oversize_without_local_geometric_support"":3,""unregistered_without_marker"":2}",False,original_no_ground_revision,0,,,,
control,35,5cd0094af75ad39dfec4cd6436ac1f1468d1655f11464c6e22a510d6ddc09992,2,1,1,0,0,0,0.0,"{""oversize_without_local_geometric_support"":1,""unregistered_without_marker"":1}",False,original_no_ground_revision,0,,,,
control,36,3eb1e9eb03e63c7a4ae00c86a8d33ff1b976d6d4e86fce23eee3975b660f7000,2,1,1,0,0,0,0.0,"{""oversize_without_local_geometric_support"":1}",False,original_no_ground_revision,0,,,,
control,37,c50085d95e3ddee897e3c4d795296d6984e713efbdb5207023578a2f33c30220,2,1,1,0,0,0,0.0,{},False,original_no_ground_revision,0,,,,
control,38,67225ea2a5cb8769b3e43a623b0be0d65b7646fa46575bc5ca8667aa388ab344,2,1,1,0,0,0,0.0,"{""unregistered_without_marker"":1}",False,original_no_ground_revision,0,,,,
control,39,1118c77f87e8a922857ae748fe8d17b0d42c3e27110c1f2fd2d7aff0438d8870,2,1,1,0,0,0,0.0,{},False,original_no_ground_revision,0,,,,
control,40,cd81ecec726fc697c32189b4dc23b2c2906286089cfe5a98a299ab8d13f98576,2,1,1,0,0,0,0.0,{},False,original_no_ground_revision,0,,,,
control,41,c612baab4586876c6de2c9846ba071e89f08246a86c8cfbceec5476bc3a227a7,2,1,1,0,0,0,0.0,{},False,original_no_ground_revision,0,,,,
control,42,d16c4f88a1e2cff855cf3bc0962da091d52072387bd8da96c0f29ceca7372ef7,2,0,2,0,0,0,0.0,"{""multiple_components_claim_instance"":2}",False,original_no_ground_revision,0,,,,
control,43,5e4a3fc660491409e26cf281f9bbf0a19c34d0b9aedf34e886f4601fbc20ebd8,2,1,1,0,0,0,0.0,"{""insufficient_overlap_fraction"":1}",False,original_no_ground_revision,0,,,,
control,44,6efc85d758f1a8ad473d6a1338274f633a36e18d12b8ccd1672cfbe4b2110b7d,2,1,1,0,0,0,0.0,"{""insufficient_overlap_fraction"":2,""oversize_depth_component"":1,""unregistered_without_marker"":2}",False,original_no_ground_revision,0,,,,
control,45,b2135bfaea1c947306a171ae374ee62da61a41bc5e61cc8328506cdfb5d137a3,2,1,1,0,0,0,0.0,"{""unregistered_without_marker"":5,""oversize_depth_component"":1}",False,original_no_ground_revision,0,,,,
control,46,0a7e93883c305f8ec7facd782e430b9d7c2a0432c47852fcee504abdb4157b21,2,1,1,0,0,0,0.0,"{""oversize_depth_component"":1,""unregistered_without_marker"":4}",False,original_no_ground_revision,0,,,,
control,47,2b4aefa25ecd0a6c621f792edc909608074d7a55117465ec305fe15089168d73,2,0,2,0,0,0,0.0,"{""unregistered_without_marker"":5,""multiple_components_claim_instance"":2}",False,original_no_ground_revision,0,,,,
control,48,ba084704fdf8d7168279277d3ec2f715543360116d9f176e9fe70f96f1898f03,2,0,2,0,0,0,0.0,"{""unregistered_without_marker"":5,""multiple_components_claim_instance"":2}",False,original_no_ground_revision,0,,,,
control,49,79d98b81e68c02ef58f940a646a8ad884855464cb35990e48280056d33786794,2,0,2,0,0,0,0.0,"{""unregistered_without_marker"":2,""multiple_components_claim_instance"":2}",False,original_no_ground_revision,0,,,,
control,50,ef3096a9d7c6da8a8b6a156d9a3add99e6f12bcc79d237529c9f266e7110de96,2,1,1,0,0,0,0.0,"{""unregistered_without_marker"":2,""insufficient_overlap_fraction"":1}",False,original_no_ground_revision,0,,,,
control,51,73952b95b1a33c1b5f4a8386706dd09eaa227b71e52e2cf24a59c13e447446b0,2,1,1,0,0,0,0.0,"{""unregistered_without_marker"":5}",False,original_no_ground_revision,0,,,,
control,52,cd6ff71d67c810642f3df215cac70d2fafd80a6d7377cbea591af54e33087120,2,1,1,0,0,0,0.0,"{""unregistered_without_marker"":2}",False,original_no_ground_revision,0,,,,
control,53,691e1cbb941079cf2380f25aa1c823f950960625efbcfbb39cf5b72604c83ef8,2,1,1,0,0,0,0.0,"{""oversize_without_local_geometric_support"":1}",False,original_no_ground_revision,0,,,,
control,54,817c6e2221e1578da7331d1f5972e301710d50204c8b26fff2e936a7cd437709,2,1,1,0,0,0,0.0,"{""oversize_without_local_geometric_support"":1,""unregistered_without_marker"":1}",False,original_no_ground_revision,0,,,,
control,55,c2601acf259ebc87cf2edc00613ab40f6f0f853271b7ef93a72a89907dc2ff4a,2,1,1,0,0,0,0.0,"{""unregistered_without_marker"":2,""oversize_without_local_geometric_support"":1}",False,original_no_ground_revision,0,,,,
control,56,d58093fc36623a979a6fce18bb31da7ce82ef5b9304dad44d418510d20419a5c,2,1,1,0,0,0,0.0,"{""unregistered_without_marker"":1,""oversize_without_local_geometric_support"":1}",False,original_no_ground_revision,0,,,,
control,57,08913ba9fa14d198a285f8a9df0c9b44e35cc564fbe400d62ad79d65c26d51aa,2,1,1,0,0,0,0.0,"{""oversize_without_local_geometric_support"":1}",False,original_no_ground_revision,0,,,,
control,58,24548a702b135d874839012bbb0c857400785eb6543aafe8e59820e45f1273a0,2,1,1,0,0,0,0.0,"{""oversize_without_local_geometric_support"":1}",False,original_no_ground_revision,0,,,,
control,59,b8af4c22e56724832d68068c799c3a0e170132e24dfde3059bfd12c402971d3e,2,1,1,0,0,0,0.0,"{""oversize_without_local_geometric_support"":1}",False,original_no_ground_revision,0,,,,
control,60,f9d3787255a4849d781bd5fc561f52a38257d3d364d29923e27725557c2010bf,2,1,1,0,0,0,0.0,"{""unregistered_without_marker"":1}",False,original_no_ground_revision,0,,,,
control,61,16fc5c4d9314fab332f806277c4dd96261d2d8c2697ed0b70ae3c23ed963ba8a,2,1,1,0,0,0,0.0,"{""unregistered_without_marker"":1}",False,original_no_ground_revision,0,,,,
control,62,2666779c8e28b972ef4f39eab904bd35c6fc414a783552a5b9dd79f1f04fdffc,2,1,1,0,0,0,0.0,"{""unregistered_without_marker"":1}",False,original_no_ground_revision,0,,,,
control,63,cedb965a70fc6323a2ff9c3b4ed3bcad93d5868259b3d7858043fb7c0b0a858a,2,1,1,0,0,0,0.0,"{""oversize_without_local_geometric_support"":1}",False,original_no_ground_revision,0,,,,
control,64,465ac0d3160d2715819a68843e490db641fe1583b94b835c12e5602220cc8cba,2,1,1,0,0,0,0.0,"{""oversize_without_local_geometric_support"":1}",False,original_no_ground_revision,0,,,,
control,65,43b5d7f5aea26fe79e9c00242d5397482156292e9472661f0bf63a29720b6243,2,1,1,0,0,0,0.0,"{""oversize_without_local_geometric_support"":1}",False,original_no_ground_revision,0,,,,
control,66,185ae8e0c76305ebd2b33c8ae3ad30e5d453c3696893ff9b6e939ff333344ed4,2,1,1,0,0,0,0.0,"{""oversize_without_local_geometric_support"":1,""unregistered_without_marker"":1}",False,original_no_ground_revision,0,,,,
control,67,502f0bdccb10ce75382e96fcd7d60de3c18e878337a4638743f6cb066b24937e,2,1,1,0,0,0,0.0,"{""oversize_without_local_geometric_support"":1}",False,original_no_ground_revision,0,,,,
control,68,1f1e25bf79f89c9113395a214236e97d47b21c85fd7e1daefdf6e64fb8fb579d,2,1,1,0,0,0,0.0,"{""oversize_without_local_geometric_support"":1}",False,original_no_ground_revision,0,,,,
control,69,6cf9f0a7494b0ae8fb5f991921986904d4263fbe90b7c4b61f7459ed00c5f2f6,2,1,1,0,0,0,0.0,"{""oversize_without_local_geometric_support"":1}",False,original_no_ground_revision,0,,,,
control,70,d829a7edc4ce54046d41d9a16eaad488ce39f8e84369a28ca52232ee2ec7cb01,2,1,1,0,0,0,0.0,"{""oversize_without_local_geometric_support"":1,""unregistered_without_marker"":2}",False,original_no_ground_revision,0,,,,
control,71,917ef7f427d48b757ffed62d8f07a9230cbd5eddc91419cece922909b89c6001,2,1,1,0,0,0,0.0,"{""oversize_without_local_geometric_support"":1,""unregistered_without_marker"":1}",False,original_no_ground_revision,0,,,,
control,72,232770a4d34dfc3dfbda628f198486b12d629a42af7e813a5ffea3fd675839f2,2,1,1,0,0,0,0.0,"{""oversize_without_local_geometric_support"":1,""unregistered_without_marker"":1}",False,original_no_ground_revision,0,,,,
control,73,0a0f801dc49f0dc5cea77513e632f8c43f65d4e9ad06e87bc77a55b63aa8543f,2,1,1,0,0,0,0.0,"{""oversize_without_local_geometric_support"":1,""unregistered_without_marker"":2}",False,original_no_ground_revision,0,,,,
control,74,e7d45493b59108b194e0e680f7fd14a11e40d0ee5db7f305feac24d8ad439729,2,1,1,0,0,0,0.0,"{""oversize_without_local_geometric_support"":1}",False,original_no_ground_revision,0,,,,
control,75,f7c342948633024a12584a6bbb6710f228b62f4183df194483bca87dee6a173c,2,1,1,0,0,0,0.0,"{""oversize_without_local_geometric_support"":1}",False,original_no_ground_revision,0,,,,
control,76,b5bbac2cd47738d0a229b7a349a8556e0ac70ce1e17f4d5f3543d3f2bac4a3ab,2,1,1,0,0,0,0.0,"{""oversize_without_local_geometric_support"":1}",False,original_no_ground_revision,0,,,,
control,77,45367030d288516ae02e3e5c7a8f1167c278f86e4a13c0dd316a2119fb78200c,2,1,1,0,0,0,0.0,"{""oversize_without_local_geometric_support"":1}",False,original_no_ground_revision,0,,,,
control,78,811d5b88892e8749efb91444b1b379c075deca90f0bb2d117fcb97580875a4bd,2,1,1,0,0,0,0.0,"{""unregistered_without_marker"":1}",False,original_no_ground_revision,0,,,,
control,79,04e7dfae6da1c32134ec87296d300eaac0423bdabd4de04a0541e62b29a90a3f,2,1,1,0,0,0,0.0,"{""oversize_without_local_geometric_support"":1}",False,original_no_ground_revision,0,,,,
control,80,adaa2d2ce8ee2377e25a54759d156cb2f25f751ae5fb8f335d5e951c25b67766,2,1,1,0,0,0,0.0,"{""oversize_without_local_geometric_support"":1,""unregistered_without_marker"":2}",False,original_no_ground_revision,0,,,,
control,81,b7a2a300d3f226903319a3de596fc0ceefb31914ef7e51d561dd33012a5e9954,3,1,1,0,0,0,0.0,{},False,original_no_ground_revision,0,,,,
control,82,9800bf0b6a16f4f441d37c32d884cfb0943ddfe1dc49c62d8f6aeb716ceb985b,3,0,3,0,0,0,0.0,"{""overlapping_local_support_proposals"":2}",False,original_no_ground_revision,0,,,,
control,83,690199d43d657a8927d96091f7ec5b74cd2d13ac8343fc00303ae23b1dd15b4d,3,0,3,0,0,0,0.0,"{""overlapping_local_support_proposals"":2}",False,original_no_ground_revision,0,,,,
control,84,a2401bf4732f46142173670c012e6aa6918aa3e98723aa16bf51395fbcb97fd3,3,1,2,0,0,0,0.0,"{""unregistered_without_marker"":1}",False,original_no_ground_revision,0,,,,
control,85,78969202e07979509db543b2ef7b528d39dbfce01e73f156eeb008c89274e48c,3,1,2,1,0,0,0.0,{},False,original_no_ground_revision,0,,,,
control,86,dcdf362117bb3d6730e19d96c51f69b4288a5b9d01d8a330476f41c2da4fdf27,3,1,2,1,0,0,0.0,"{""unregistered_without_marker"":1}",False,original_no_ground_revision,0,,,,
control,87,b2180002d23f5a8671c30b2d28c2b9955977957844a23490752e7967efc50a70,3,0,3,0,0,0,0.0,"{""overlapping_local_support_proposals"":2,""unregistered_without_marker"":2}",False,original_no_ground_revision,0,,,,
control,88,d6ee311781b76868d578f32df8132942182c6a5b4cdf69eaa6c1ff4cb9ea6c1c,3,0,3,0,0,0,0.0,"{""overlapping_local_support_proposals"":2,""insufficient_overlap_fraction"":1,""unregistered_without_marker"":2}",False,original_no_ground_revision,0,,,,
control,89,f3dea0bea65d9ae0e6b9867d7cd73e9304ddf387b0535d5905cdead61496b63c,3,0,3,0,0,0,0.0,"{""overlapping_local_support_proposals"":2,""insufficient_overlap_fraction"":1,""unregistered_without_marker"":2}",False,original_no_ground_revision,0,,,,
control,90,541fb8b534d75c4ace849c1c716b2c84bb3f71c71e9ab52522abb974e7714787,3,0,3,0,0,0,0.0,"{""overlapping_local_support_proposals"":2,""unregistered_without_marker"":2}",False,original_no_ground_revision,0,,,,
control,91,d2058d38a536e3a1cd6b789e07cd04316cc39a73c931112d29b1aa9d132a27b8,3,1,2,1,0,0,0.0,{},False,original_no_ground_revision,0,,,,
control,92,093af219767a3adb089c7f9929365ba2a97dd6a51744024a860bf155ed7a8f35,3,1,2,0,0,0,0.0,"{""overlapping_local_support_proposals"":2,""unregistered_without_marker"":1}",False,original_no_ground_revision,0,,,,
control,93,78448835d9f29afa13dc387e96c03a471e02775735378c8880f21af45f01b334,3,1,2,0,0,0,0.0,"{""overlapping_local_support_proposals"":2,""unregistered_without_marker"":5}",False,original_no_ground_revision,0,,,,
control,94,530d7c5090ab778282c8b6d11fea49eae6dffc31cdc7de7ce9694499f23a3708,4,0,3,0,0,0,0.0,"{""overlapping_local_support_proposals"":2,""unregistered_without_marker"":2}",False,original_no_ground_revision,0,,,,
control,95,87efd7a7446ef4fd25545c574646e63b8496e50da62716bbdcb579cb68b2d43a,4,1,3,1,0,0,0.0,"{""unregistered_without_marker"":4,""multiple_components_claim_instance"":2}",False,original_no_ground_revision,0,,,,
control,96,e03466d72d14ffb47dad538e6473f5c34f53b19c39dcde974ff098ac86ac3f2c,4,2,2,0,0,0,0.0,"{""oversize_depth_component"":1,""unregistered_without_marker"":6}",False,original_no_ground_revision,0,,,,
control,97,9f483593473308bf11e2f6f33d3cf2a1e94442f3a71b62714422f06ba5d09da5,4,1,3,1,0,0,0.0,"{""unregistered_without_marker"":2,""multiple_components_claim_instance"":2}",False,original_no_ground_revision,0,,,,
control,98,aea626d53128b58230f834749539d3e64279c794455e6ba78c42b1b0cb06d1f6,4,0,4,0,0,0,0.0,"{""overlapping_local_support_proposals"":2,""unregistered_without_marker"":4}",False,original_no_ground_revision,0,,,,
control,99,132e88a71e2175a4af45c47c7be5ca1a08d45a8b2451550a4a10bd832e95c90f,4,1,3,1,0,0,0.0,"{""overlapping_local_support_proposals"":2,""unregistered_without_marker"":3}",False,original_no_ground_revision,0,,,,
control,100,cf415359d49fd2414db8b9ff3d6c23698502a41e8e0533af3fd801ca4e18ccfc,4,0,4,0,0,0,0.0,"{""overlapping_local_support_proposals"":2,""unregistered_without_marker"":4}",False,original_no_ground_revision,0,,,,
control,101,757e6accaa3287163ca27712a0069ef9e4f9c31f37c5195b16a61d9c41c0c43d,4,0,4,0,0,0,0.0,"{""overlapping_local_support_proposals"":3,""unregistered_without_marker"":3}",False,original_no_ground_revision,0,,,,
control,102,9113aca9f39ce98c5e2528d6090b08bbde887b2c3551006a1e8acb85eabd55ae,4,1,3,0,0,0,0.0,"{""overlapping_local_support_proposals"":3,""unregistered_without_marker"":7}",False,original_no_ground_revision,0,,,,
control,103,cde849b4e0cafe2b690fd88bca1254915001fc9d6febfc46739189efb65fd219,4,0,4,0,0,0,0.0,"{""overlapping_local_support_proposals"":3,""unregistered_without_marker"":1}",False,original_no_ground_revision,0,,,,
control,104,097176ef024e314a5b81df0f657736902455b3129f5d16b80bcad7aa4b735f5f,4,1,3,0,0,0,0.0,"{""overlapping_local_support_proposals"":3,""unregistered_without_marker"":1}",False,original_no_ground_revision,0,,,,
control,105,c2da219558498b83dd35b7d5e0a6977cb1a555f788dba5748d15f833c6dc0483,4,1,3,1,0,0,0.0,"{""multiple_components_claim_instance"":3}",False,original_no_ground_revision,0,,,,
control,106,8fc036fee223244d5a18129109c8058030f75579398e1673aee5468c69bec077,4,1,3,0,0,0,0.0,"{""ambiguous_geometric_association"":1,""multiple_components_claim_instance"":2}",False,original_no_ground_revision,0,,,,
control,107,98cc6477c3d6f803715ee0eee3c696e3d3e51696c1c0d1a66bd174e76b52e5bb,4,1,3,0,0,0,0.0,"{""ambiguous_geometric_association"":1,""multiple_components_claim_instance"":2}",False,original_no_ground_revision,0,,,,
control,108,542d1ef25ca17e587e34cde9688050875a5fde9307151107d9a4b0117bb43b0c,4,1,3,1,0,0,0.0,"{""unregistered_without_marker"":2,""overlapping_local_support_proposals"":2,""multiple_components_claim_instance"":2}",False,original_no_ground_revision,0,,,,
control,109,da84f77810457b02a7f62a764dc24075675e9173461d6f94ef5a0aa051ad4aad,4,1,3,1,0,0,0.0,"{""unregistered_without_marker"":2,""overlapping_local_support_proposals"":2}",False,original_no_ground_revision,0,,,,
control,110,6fcaff60f12735b17adf0d6c96723efc0cf86e826e228df1bdcdc6983b89cf35,4,1,3,0,0,0,0.0,"{""unregistered_without_marker"":1,""overlapping_local_support_proposals"":2}",False,original_no_ground_revision,0,,,,
control,111,d2173e41b89fdd3716bd9f7515c9faa162cc743d2f768f4830d7b511e36a3d86,4,2,2,1,0,0,0.0,"{""oversize_without_local_geometric_support"":1,""unregistered_without_marker"":1}",False,original_no_ground_revision,0,,,,
control,112,afcc58fa0f7d185b28ec9d7934c106f5f3a63e9aa0e9771b4ea8f1cc24859650,4,1,3,0,0,0,0.0,"{""unregistered_without_marker"":1,""multiple_components_claim_instance"":2}",False,original_no_ground_revision,0,,,,
control,113,61d329b0a7328729b79988c3a8b8d710d613848da92532590d33966a2af5124a,4,1,3,0,0,0,0.0,"{""unregistered_without_marker"":1,""multiple_components_claim_instance"":2}",False,original_no_ground_revision,0,,,,
control,114,17a1eeb30be42af73c35ae2d60830d80dc7dcc37d99f0420c3af1ef59d1540fe,4,1,3,0,0,0,0.0,"{""oversize_depth_component"":1}",False,original_no_ground_revision,0,,,,
control,115,670365bca702d9e2afab03be50213432fc92ccb658f27bf2d3a469e73fceaeb7,4,1,3,0,0,0,0.0,"{""oversize_depth_component"":1}",False,original_no_ground_revision,0,,,,
control,116,c80a4c04b32dddab0d276be193b99de274943d205108ebc10639550372f928c6,4,2,2,1,0,0,0.0,{},False,original_no_ground_revision,0,,,,
control,117,d4e766dc6291a77f3ab38d48af2677c77fe4ccb6599065d57638df4f1f3703cc,4,2,2,0,0,0,0.0,"{""oversize_depth_component"":1}",False,original_no_ground_revision,0,,,,
control,118,c8c1df7cf889ccdae1b227d186c7d693df6b48d5c2a52f459fd809d0ae17eaab,4,2,2,0,0,0,0.0,"{""oversize_depth_component"":1}",False,original_no_ground_revision,0,,,,
control,119,7fc84504d4ba3d0caf38d9d5e87263b98debd29023bf3ebc706a88caceaf7802,4,2,2,0,0,0,0.0,{},False,original_no_ground_revision,0,,,,
control,120,97929ce73c5637b4be811055d10b299adb743ad9d6ae65dded3f9e20e25ce712,4,2,2,0,0,0,0.0,{},False,original_no_ground_revision,0,,,,
control,121,98f80335ace1451ca213fa9f37a4619b3eeb8b63e056048d687cfc86cff5b9c1,4,2,2,1,0,0,0.0,"{""unregistered_without_marker"":1}",False,original_no_ground_revision,0,,,,
control,122,2b0b3ae8b011cc1b03cfe6f63bd4e0c0581097c504faef2d283120c1cb0728ef,4,2,2,1,0,0,0.0,{},False,original_no_ground_revision,0,,,,
control,123,5190a6e5964db0da4a33e5c98b2a63144372c7c0da575850ae025228892faa20,4,2,2,1,0,0,0.0,{},False,original_no_ground_revision,0,,,,
control,124,b0fd919a55271ee3bfabda128a193f179f32101854c6e2d3c48ede32b3be1a75,4,2,2,1,0,0,0.0,{},False,original_no_ground_revision,0,,,,
control,125,89bf87f4de0aa27b1f3ba9cebdd80309dadf9b7401edaa8e1770ffa91816d3d5,4,2,2,0,0,0,0.0,"{""insufficient_overlap_fraction"":1,""oversize_without_local_geometric_support"":1}",False,original_no_ground_revision,0,,,,
control,126,2e6e5723ca1543bc89f83cb6a26f69b2d4c5ccf3fedf6766ba85eb4f4c32de35,4,2,2,0,0,0,0.0,"{""insufficient_overlap_fraction"":1,""oversize_without_local_geometric_support"":1}",False,original_no_ground_revision,0,,,,
control,127,c6ea680d1dbab2cdc0a22ef3ae26e02add1f698c0fb70614876bb2eafd69cc10,4,2,2,0,0,0,0.0,"{""unregistered_without_marker"":1,""oversize_without_local_geometric_support"":1}",False,original_no_ground_revision,0,,,,
control,128,464a35e4ec6edd5a7ada63eb1cc1b799852b8138e81cbbfbd1b846c952354860,4,2,2,0,0,0,0.0,"{""oversize_without_local_geometric_support"":1}",False,original_no_ground_revision,0,,,,
control,129,7b7a40aec16a75dbb0b127a1137ead17af704b31c911db73b5e830a650b6d9b9,4,2,2,0,0,0,0.0,"{""oversize_without_local_geometric_support"":1}",False,original_no_ground_revision,0,,,,
control,130,e812832fbb9afb02265234e86722d3dd1ed1aef2d9fa2291bd9775472c765bcc,4,2,2,0,0,0,0.0,"{""oversize_without_local_geometric_support"":1}",False,original_no_ground_revision,0,,,,
control,131,9eb7abf48acc700a52356d4d4ddd317d2520cf8496e6a1d42819c9d2d5e189bd,4,2,2,0,0,0,0.0,"{""oversize_without_local_geometric_support"":1}",False,original_no_ground_revision,0,,,,
control,132,2184b441ad28e49c1079fe9ba969479052cc93e1af250effdf6fe96ac77e2d30,4,2,2,0,0,0,0.0,"{""unregistered_without_marker"":1}",False,original_no_ground_revision,0,,,,
control,133,c2ddc207f9edc64bda5518045e00fa81d54b99fe1ed772da49b99b256cacc180,4,2,2,0,0,0,0.0,"{""unregistered_without_marker"":1}",False,original_no_ground_revision,0,,,,
control,134,b70e3d7c0b5c3024c8122add8ce964f73eff4c57eb382068124ca9c62ec624cf,4,2,2,0,0,0,0.0,"{""unregistered_without_marker"":1}",False,original_no_ground_revision,0,,,,
control,135,39860dc586fb579f452f40eccce05d41f1e1e6c58afa426aa7289f7afdf2109f,4,2,2,0,0,0,0.0,"{""oversize_without_local_geometric_support"":1}",False,original_no_ground_revision,0,,,,
control,136,0724d6c7b7be1d9b2791e9e966fb26e870ce9709c3140d82f8e6f09af552d42b,4,3,1,1,2,2,0.00790184777135211,"{""unregistered_without_marker"":3}",False,original_no_ground_revision,0,,,,
control,137,fa618fcab3dccf4ba13689bbef7b4d175df0cf03c3f3b96dd1f0ed9bb8028534,4,1,3,0,0,0,0.0,"{""overlapping_local_support_proposals"":2,""insufficient_bounded_support"":2}",False,original_no_ground_revision,0,,,,
control,138,b7536dba75924ee16fbfcb06d7764b2970650d94cf3bd7b19eff6e43e5f51770,4,1,3,0,0,0,0.0,"{""overlapping_local_support_proposals"":2,""unregistered_without_marker"":1,""insufficient_bounded_support"":1,""multiple_components_claim_instance"":2}",False,original_no_ground_revision,0,,,,
control,139,cc8e9867b8253750e5488f63122767a741dce937af27d93a4e5e434ce2f2c9dd,4,2,2,1,2,2,0.00790184777135211,"{""overlapping_local_support_proposals"":2,""unregistered_without_marker"":1}",False,original_no_ground_revision,0,,,,
control,140,bbda5ba9695cd2afb4913bd9f5ef50199b5feb51c0371dfbc4b3446a7aa65ab8,4,1,3,0,0,0,0.0,"{""overlapping_local_support_proposals"":2,""unregistered_without_marker"":2}",False,original_no_ground_revision,0,,,,
control,141,df17ffa502ec62b65c1cd2c9b88d8824ad8d8b60e302d079993b6793e094f8b0,4,1,3,0,0,0,0.0,"{""overlapping_local_support_proposals"":2,""unregistered_without_marker"":3}",False,original_no_ground_revision,0,,,,
control,142,5f851e1bfef4a5cfc266bcf092a2b5e98e2464505b49f78e1a93a63309d45327,4,2,2,1,2,2,0.006865872552883456,"{""unregistered_without_marker"":3}",False,original_no_ground_revision,0,,,,
control,143,a5590075ab39d6759504d4be9a16173d740352493a95590db7a685df7d7179e6,4,2,2,1,2,2,0.00633765853926499,"{""unregistered_without_marker"":2}",False,original_no_ground_revision,0,,,,
control,144,81250d1fc7a6c46cedc6d6dc0b17adf9e747dd9390ac9c9da3748d791ff860c4,4,2,2,1,2,2,0.0062184035160795514,"{""unregistered_without_marker"":2,""oversize_without_local_geometric_support"":1}",False,original_no_ground_revision,0,,,,
control,145,8f548eba0440144c83e2f2b5856d3713660cddb69b36522f13a410701cb3eeaf,4,2,2,0,2,2,0.0062184035160795514,"{""oversize_depth_component"":1,""oversize_without_local_geometric_support"":1}",False,original_no_ground_revision,0,,,,
control,146,186d19afd4c13befb3d3f5f5fc1b7a68d7aae2ebf850401d85dbf103bfa9df32,4,1,3,0,0,0,0.0,"{""oversize_without_local_geometric_support"":1,""multiple_components_claim_instance"":2}",False,original_no_ground_revision,0,,,,
control,147,28ebbf6ea0bcf2f3d2594f46a346250611426371ebd2d50de7637980a4efed3d,4,2,2,0,2,2,0.0062184035160795514,"{""oversize_depth_component"":1}",False,original_no_ground_revision,0,,,,
control,148,c440e09218bca14591c92592d1d82e18a06a6a2fcd89842a8ef458c836452290,4,2,2,0,2,2,0.0062184035160795514,"{""oversize_depth_component"":1}",False,original_no_ground_revision,0,,,,
control,149,bb20a453c37be7fb93ebe580a528c533df5e14c7965f3c06503cc83d742b59a1,4,2,2,1,2,2,0.0062184035160795514,{},False,original_no_ground_revision,0,,,,
control,150,1d64661393ae5af71832e5cb936b1ddf2ef090653c6274bfe0c349510b1cca92,4,2,2,0,2,2,0.0062184035160795514,{},False,original_no_ground_revision,0,,,,
control,151,2f062b8e6faed55ff3a8e7a7e06f221d55f76c2cff616f84159d1c4ee077d003,4,2,2,0,2,2,0.0062184035160795514,{},False,original_no_ground_revision,0,,,,
control,152,0c89df106bfb0e775cbc40f825b1f0a88885c3ea84c72140bba1a0a6a513b925,4,2,2,0,2,2,0.0062184035160795514,{},False,original_no_ground_revision,0,,,,
control,153,0296a3007ae544f32134b50f584676aa57f836826a4d9fc2a9c165e0bf060e17,4,2,2,0,2,2,0.0062184035160795514,"{""insufficient_overlap_fraction"":1}",False,original_no_ground_revision,0,,,,
control,154,eb45f1e6d9136b086797a27d3f43eb55aa28f8085d3d29e489bfab6665506a52,4,2,2,0,2,2,0.0062184035160795514,"{""insufficient_overlap_fraction"":1}",False,original_no_ground_revision,0,,,,
control,155,7b9ffb27009a0d5c321b46c38adf3bfdc05f3c1b6fd1108388555a7df0333d1e,4,2,2,0,2,2,0.0062184035160795514,"{""unregistered_without_marker"":1}",False,original_no_ground_revision,0,,,,
control,156,df10fafef8981f865fe87c93ca0e9ecff3681acb003c0f1fb3cfcf258c6db402,4,2,2,0,2,2,0.0062184035160795514,"{""unregistered_without_marker"":1}",False,original_no_ground_revision,0,,,,
control,157,5d22cfca164473387a303f43bdac046aa73f6585e525ddb0a4682c152b93aee2,4,2,2,0,2,2,0.0062184035160795514,"{""unregistered_without_marker"":1}",False,original_no_ground_revision,0,,,,
control,158,0b7b0a3f75eb7e05ede7df160138947d6b890725a274de28b0b457c0905c2528,4,2,2,0,2,2,0.0062184035160795514,"{""oversize_without_local_geometric_support"":1}",False,original_no_ground_revision,0,,,,
control,159,0dd63e9fd99d78459af83daef220cea175ab0566c43af2fa6f1ec390486e5d11,4,2,2,0,2,2,0.0062184035160795514,"{""insufficient_overlap_fraction"":1,""unregistered_without_marker"":3,""multiple_components_claim_instance"":2}",False,original_no_ground_revision,0,,,,
control,160,bab2ba39454a894b90bf051a05c3f28f180adb1ee16a1b9c192ec9cc19b635f9,4,1,3,0,0,0,0.0,"{""overlapping_local_support_proposals"":2,""insufficient_bounded_support"":1,""multiple_components_claim_instance"":2}",False,original_no_ground_revision,0,,,,
new_ground,0,17367702906da9f197797edcb0ba260ab89b53c3304f96b93e62967ff2b9f1fb,1,0,0,0,0,0,0.0,"{""unregistered_without_marker"":6}",True,measured_ground_band_excluded_from_association_only,1511,1511,1.2965304212267927,0.0009008884429930752,"[2.6288068294525146,3.2171296154459315]"
new_ground,1,4772a0f227b4a4852e4935c53860ed7f69668cbffe9f7f6d66e60eda4ff35b68,1,1,0,0,0,0,0.0,"{""unregistered_without_marker"":6}",True,measured_ground_band_excluded_from_association_only,1543,1543,1.2019290192528036,0.0005906028052170553,"[2.7853490114212036,3.4001808563868203]"
new_ground,2,061cc6f69914900559185c997204fb33293c6db5f849bed2b6e0e5f706541bee,1,1,0,0,0,0,0.0,"{""unregistered_without_marker"":5}",True,measured_ground_band_excluded_from_association_only,1556,1556,1.2533799843005882,0.001031877100467704,"[2.7815054655075073,3.7741181924939156]"
new_ground,3,37974300a25c264b9e97244a6db551cd20d21f6ca7b4446d8fefa56c3ede4314,1,1,0,0,0,0,0.0,"{""unregistered_without_marker"":5}",True,measured_ground_band_excluded_from_association_only,1556,1556,1.24189948969585,0.0010711590449017372,"[2.663933753967285,4.061276707798243]"
new_ground,4,6dea67676900410886a5b7fd41226c6b93008a0aa3db2ff5ef1f61d10e3da97a,1,1,0,0,0,0,0.0,"{""unregistered_without_marker"":5}",True,measured_ground_band_excluded_from_association_only,1560,1560,1.3668960590603332,0.0007062047719956777,"[2.793878197669983,4.249759450554848]"
new_ground,5,10b3e918adfc467798a91bfc96ad83c330d389367aab9ab318b7f42c3dc6b38d,1,1,0,0,0,0,0.0,"{""unregistered_without_marker"":6}",True,measured_ground_band_excluded_from_association_only,1883,1883,1.3176591526963644,0.000884412725766337,"[4.234395789862846,3.649641981251529]"
new_ground,6,4d997304379b43c735c4e63335a5a2f9abe64c1facce4959e6d2afea0ad8fe1e,2,1,0,0,0,0,0.0,"{""unregistered_without_marker"":2}",True,measured_ground_band_excluded_from_association_only,1780,1780,1.5463170992221897,0.0016161690155667152,"[6.451942510306378,4.639418485432939]"
new_ground,7,276f074328dff2eb293845aa8107d0b2672c523f881df6fdf9bdb6fb654a506f,2,2,0,0,0,0,0.0,"{""unregistered_without_marker"":2}",True,measured_ground_band_excluded_from_association_only,1627,1627,1.6220390390449553,0.0019344454010326029,"[5.137945165236792,2.655180335044861]"
new_ground,8,a8157730cb3baa48ebd9f2cf651e2ccbb660811323bf981acb5a3ff6a72754bb,2,2,0,1,0,0,0.0,"{""unregistered_without_marker"":2}",True,measured_ground_band_excluded_from_association_only,1373,1373,1.7971563724137425,0.0017245501279830044,"[3.6001696797708664,2.6118903160095215]"
new_ground,9,2b08b7f6eea35044b1c5033f443a088df6df3c4eae9478d3f8b842ecfa47ad2e,2,2,0,0,0,0,0.0,"{""unregistered_without_marker"":3}",True,measured_ground_band_excluded_from_association_only,951,951,2.191866374252195,0.0020787134766580007,"[3.597360232224067,2.6334035396575928]"
new_ground,10,e3488035c000deb4841c803ffa5946f7909d2340c2490c5e37407d5fd53749fe,2,2,0,0,0,0,0.0,"{""unregistered_without_marker"":1}",True,measured_ground_band_excluded_from_association_only,757,757,1.3867908385046006,0.0008495067556700819,"[1.4098469826082385,2.6075533628463745]"
new_ground,11,dfdf3729d0525c7b3803e9783ece0e6f6961c1c2f2df1803eeccf21fd0aff094,2,2,0,0,0,0,0.0,"{""unregistered_without_marker"":1}",True,measured_ground_band_excluded_from_association_only,652,652,1.3806167515975183,0.0011840378244717398,"[1.302820233007272,2.6281347274780273]"
new_ground,12,590223721f2265e515f8302db7a7feae321e39bc3f30dccdd478afce7b8b6f86,2,2,0,0,0,0,0.0,"{""unregistered_without_marker"":1}",True,measured_ground_band_excluded_from_association_only,654,654,1.4078648949180121,0.0019784957170487782,"[1.2851048596203325,2.5810022354125977]"
new_ground,13,632eabdb3b4a321874ba2ec4b17dcf103e2c60d5c04002d465d58d25a16f4ed9,2,2,0,0,0,0,0.0,"{""oversize_without_local_geometric_support"":1}",True,measured_ground_band_excluded_from_association_only,888,888,1.6490121781422438,0.0015823557972908242,"[1.3140743833686503,3.26661230795296]"
new_ground,14,2fc10afc9c5ae9a75975a978c1ad0ed98576c8ec1b24792f2cfb583e42ace573,2,2,0,0,0,0,0.0,"{""oversize_without_local_geometric_support"":1,""unregistered_without_marker"":1}",True,measured_ground_band_excluded_from_association_only,1303,1303,1.7507214987517472,0.0020537987351417764,"[1.2180110920324487,5.373438095219701]"
new_ground,15,d24e5788bb2a5a770ac2e5162c1e397906af9285ac2af91ec8fdfaafca174bbb,2,2,0,0,0,0,0.0,"{""oversize_without_local_geometric_support"":1}",False,insufficient_ground_spatial_extent,0,1034,1.969425126513777,0.002852929383516334,"[0.4844928979873653,3.28430629024903]"
new_ground,16,ff63d71bb709b232887a435725a10e73cc059ae514a3ff9dfd278296c92924ee,2,2,0,0,0,0,0.0,"{""oversize_without_local_geometric_support"":1}",False,insufficient_ground_spatial_extent,0,595,2.5959110262944636,0.008601740250984924,"[0.23543894290923717,2.720979619771242]"
new_ground,17,2c8be239eabeaaa940b1fc00d0a75b59e2ac0f49d4b992a3d7a94236804bf72d,2,2,0,0,0,0,0.0,"{""unregistered_without_marker"":1}",False,ground_height_inconsistent_with_public_mount,0,,,0.06920006523529698,
new_ground,18,06d17e4c86c80dab1069e92d024ac459ce5ac230aebb970ac4b6b57da06ee437,2,2,0,0,0,0,0.0,"{""unregistered_without_marker"":1}",False,insufficient_near_ground_support,0,,,,
new_ground,19,4df75240f871fc10c1bf0f8f4cbb8c2edc6b12fe1f9f34d9d9e635a5deb873a9,2,2,0,0,0,0,0.0,"{""unregistered_without_marker"":1}",False,insufficient_near_ground_support,0,,,,
new_ground,20,d156393f80294578b48021dd6ec00b3d5c6529ec700d3118451b82ac4e542d86,2,2,0,0,0,0,0.0,"{""oversize_without_local_geometric_support"":1}",False,insufficient_ground_spatial_extent,0,109,2.7220980391033502,0.008617535481850402,"[0.18816280432990523,1.0255561609409383]"
new_ground,21,e53d78e9cf76ab8dd79589cad29eb52c2d7b2b445ab454bbaaad16c6464de566,2,2,0,0,0,0,0.0,"{""oversize_without_local_geometric_support"":1,""unregistered_without_marker"":4}",True,measured_ground_band_excluded_from_association_only,1005,1005,1.2698136265963513,0.0019360534846781796,"[1.9835849960390668,4.082653560878928]"
new_ground,22,4c501f685acddb93de9df923d38079319672a516a604379c8ecc577e5c884dd1,2,2,0,0,0,0,0.0,"{""unregistered_without_marker"":5,""insufficient_overlap_fraction"":1}",True,measured_ground_band_excluded_from_association_only,1059,1059,1.522952309159226,0.0013393712540469283,"[1.9940071838597455,2.636030435562134]"
new_ground,23,0520951aa730c29e11e0ca839e7a968095873f8b793ebe2ecf8d4690ac7e56b5,2,2,0,1,0,0,0.0,"{""unregistered_without_marker"":6}",True,measured_ground_band_excluded_from_association_only,1324,1324,1.5702694814904221,0.0011991873383521146,"[4.483854066241939,4.261884894092571]"
new_ground,24,458d9dcd5cdb8f0fd9df3fff05cecd449192478599f52da9ba30acb3b0399844,2,2,0,1,0,0,0.0,"{""unregistered_without_marker"":1}",True,measured_ground_band_excluded_from_association_only,1473,1473,1.4656966521588821,0.00033069923520090416,"[4.602853721563635,6.432002693734681]"
new_ground,25,7bc91266c8dd174e8128e8f523b0a2a466d0d224712e2e8540523a5f1e50f7d7,2,2,0,0,0,0,0.0,"{""unregistered_without_marker"":1}",True,measured_ground_band_excluded_from_association_only,1472,1472,1.5417441895257555,0.0008764492968720283,"[4.686089914922132,6.446634168190093]"
new_ground,26,61db8fa7b3272520406949bfe2d446e507910af45aa699c8e41c52efd3746b21,2,2,0,0,0,0,0.0,"{""unregistered_without_marker"":5}",True,measured_ground_band_excluded_from_association_only,1324,1324,1.6156182278745903,0.0010839454829693063,"[4.48985748826102,4.522685321062722]"
new_ground,27,9296fbe5b8e78827b8da407275c7026fbfc636b9f13129767a9a7ae989f998fc,2,2,0,0,0,0,0.0,"{""unregistered_without_marker"":6}",True,measured_ground_band_excluded_from_association_only,1055,1055,1.5000470214383863,0.0009342869122824782,"[1.9420688500006997,2.6694549322128296]"
new_ground,28,5a363dca7c877220eddaf9a6ac52ad5b5ff6875bf2c4c87160c020a5046561b5,2,2,0,0,0,0,0.0,"{""unregistered_without_marker"":5}",True,measured_ground_band_excluded_from_association_only,1123,1123,1.3650042460959855,0.0016419008374215505,"[2.1563607901334763,2.633512854576111]"
new_ground,29,2a020c7ed2794d9035c1c1e4cc837fa08a636e664d0f5b6dd76f0d6aeda03eb5,2,2,0,0,0,0,0.0,"{""unregistered_without_marker"":4}",True,measured_ground_band_excluded_from_association_only,1224,1224,1.3949490673163845,0.0010766414304576033,"[2.310188776503007,2.6518712043762207]"
new_ground,30,4622cfadb6f26f81906b5d7ca3e0b1ed666ec1c89128b473528730f4bb7d82d5,2,2,0,0,0,0,0.0,"{""unregistered_without_marker"":5}",True,measured_ground_band_excluded_from_association_only,1298,1298,1.4645805035509256,0.0013263240456581338,"[2.38944332425793,2.6282846927642822]"
new_ground,31,c984bff1c93b45f3528550404a98e3234576abb6336b79523b8d4833b9372153,2,2,0,0,0,0,0.0,"{""unregistered_without_marker"":6}",True,measured_ground_band_excluded_from_association_only,1231,1231,1.5067039741150559,0.000680959721406249,"[2.1877392008900642,2.6388221979141235]"
new_ground,32,c002963d2800d1b34dc37295c50903ed5f4411d010dc5a58578fcc8161d646e5,2,2,0,0,0,0,0.0,"{""unregistered_without_marker"":6}",True,measured_ground_band_excluded_from_association_only,1182,1182,1.5025829102189572,0.002014643450578224,"[2.4003647851447263,2.665182590484619]"
new_ground,33,428bb034069e5258e3322f00b8d2e22e385a82e9a74dc60e4f4228c21d01aa2f,2,2,0,0,0,0,0.0,"{""unregistered_without_marker"":5}",True,measured_ground_band_excluded_from_association_only,1181,1181,1.4450340380407498,0.0014002300798894307,"[2.6197175818185015,2.6426442861557007]"
new_ground,34,5b758db8bdc661e0adb311e198f633d3e521df8c1000ce447d3688420b4727ca,2,2,0,0,0,0,0.0,"{""unregistered_without_marker"":6,""oversize_without_local_geometric_support"":1}",True,measured_ground_band_excluded_from_association_only,1239,1239,1.5103110047409272,0.0010430827736856996,"[2.9963357833524547,2.779637575149536]"
new_ground,35,5cd0094af75ad39dfec4cd6436ac1f1468d1655f11464c6e22a510d6ddc09992,2,2,0,0,0,0,0.0,"{""unregistered_without_marker"":4,""oversize_without_local_geometric_support"":1}",True,measured_ground_band_excluded_from_association_only,1336,1336,1.3185765555653386,0.0010374103983241678,"[3.320070152481397,2.526133179664612]"
new_ground,36,3eb1e9eb03e63c7a4ae00c86a8d33ff1b976d6d4e86fce23eee3975b660f7000,2,2,0,0,0,0,0.0,"{""unregistered_without_marker"":2}",True,measured_ground_band_excluded_from_association_only,1336,1336,1.6204540809515198,0.001668164134025707,"[2.8773377592750453,3.245181779702901]"
new_ground,37,c50085d95e3ddee897e3c4d795296d6984e713efbdb5207023578a2f33c30220,2,2,0,0,0,0,0.0,"{""unregistered_without_marker"":3}",True,measured_ground_band_excluded_from_association_only,1482,1482,1.6760546908091345,0.0017460823059082253,"[3.56150292056617,4.438928800428381]"
new_ground,38,67225ea2a5cb8769b3e43a623b0be0d65b7646fa46575bc5ca8667aa388ab344,2,2,0,0,0,0,0.0,"{""unregistered_without_marker"":3}",True,measured_ground_band_excluded_from_association_only,1477,1477,1.6768092549889284,0.001961381733417533,"[3.5594885219066286,4.454961665502575]"
new_ground,39,1118c77f87e8a922857ae748fe8d17b0d42c3e27110c1f2fd2d7aff0438d8870,2,2,0,1,0,0,0.0,"{""unregistered_without_marker"":2}",True,measured_ground_band_excluded_from_association_only,716,716,1.6343935114000792,0.0016790568828582986,"[2.80822503566742,1.640241734683514]"
new_ground,40,cd81ecec726fc697c32189b4dc23b2c2906286089cfe5a98a299ab8d13f98576,2,2,0,1,0,0,0.0,"{""unregistered_without_marker"":2}",True,measured_ground_band_excluded_from_association_only,690,690,1.6903304623550934,0.002118838578462512,"[2.5989226102828975,1.7053320780396475]"
new_ground,41,c612baab4586876c6de2c9846ba071e89f08246a86c8cfbceec5476bc3a227a7,2,2,0,1,0,0,0.0,"{""unregistered_without_marker"":2}",True,measured_ground_band_excluded_from_association_only,699,699,1.8957283170922101,0.0019503921270371816,"[2.3639630079269405,1.9038383240501093]"
new_ground,42,d16c4f88a1e2cff855cf3bc0962da091d52072387bd8da96c0f29ceca7372ef7,2,2,0,0,0,0,0.0,"{""unregistered_without_marker"":3}",True,measured_ground_band_excluded_from_association_only,715,715,1.8080245530606693,0.0013673804700373715,"[2.0664724111556994,2.3844951018691063]"
new_ground,43,5e4a3fc660491409e26cf281f9bbf0a19c34d0b9aedf34e886f4601fbc20ebd8,2,2,0,0,0,0,0.0,"{""unregistered_without_marker"":3}",True,measured_ground_band_excluded_from_association_only,764,764,1.9026295771566835,0.002657720446586631,"[2.5601253509521507,3.4359423468510313]"
new_ground,44,6efc85d758f1a8ad473d6a1338274f633a36e18d12b8ccd1672cfbe4b2110b7d,2,2,0,0,0,0,0.0,"{""unregistered_without_marker"":5}",True,measured_ground_band_excluded_from_association_only,929,929,1.8256445774374068,0.0021052077412603287,"[2.635059952735899,4.641656974951426]"
new_ground,45,b2135bfaea1c947306a171ae374ee62da61a41bc5e61cc8328506cdfb5d137a3,2,2,0,0,0,0,0.0,"{""unregistered_without_marker"":6}",True,measured_ground_band_excluded_from_association_only,1252,1252,1.767894447516004,0.002893061935901664,"[2.678778886795042,6.530806119243303]"
new_ground,46,0a7e93883c305f8ec7facd782e430b9d7c2a0432c47852fcee504abdb4157b21,2,2,0,0,0,0,0.0,"{""unregistered_without_marker"":4}",True,measured_ground_band_excluded_from_association_only,1001,1001,2.1919183524334316,0.0023696710666020193,"[2.772195458412174,7.325278816123802]"
new_ground,47,2b4aefa25ecd0a6c621f792edc909608074d7a55117465ec305fe15089168d73,2,2,0,0,0,0,0.0,"{""unregistered_without_marker"":4}",True,measured_ground_band_excluded_from_association_only,621,621,1.484123356101187,0.0015919968485830216,"[2.6126441955566397,7.290658896168072]"
new_ground,48,ba084704fdf8d7168279277d3ec2f715543360116d9f176e9fe70f96f1898f03,2,2,0,0,0,0,0.0,"{""unregistered_without_marker"":4}",True,measured_ground_band_excluded_from_association_only,623,623,1.4270899626077642,0.0004172513882317874,"[2.636474609374999,7.263825411597887]"
new_ground,49,79d98b81e68c02ef58f940a646a8ad884855464cb35990e48280056d33786794,2,2,0,0,0,0,0.0,"{""unregistered_without_marker"":4}",True,measured_ground_band_excluded_from_association_only,1047,1047,1.272175645773908,0.0008593961596489175,"[2.810307506809368,3.1358574279046563]"
new_ground,50,ef3096a9d7c6da8a8b6a156d9a3add99e6f12bcc79d237529c9f266e7110de96,2,2,0,0,0,0,0.0,"{""unregistered_without_marker"":4}",True,measured_ground_band_excluded_from_association_only,979,979,1.269429439815679,0.0007416509091854318,"[3.584695770730826,2.8862772492628093]"
new_ground,51,73952b95b1a33c1b5f4a8386706dd09eaa227b71e52e2cf24a59c13e447446b0,2,2,0,0,0,0,0.0,"{""unregistered_without_marker"":2}",True,measured_ground_band_excluded_from_association_only,765,765,0.9382296287770542,0.0009277502695721473,"[3.175636020799478,2.500216007232666]"
new_ground,52,cd6ff71d67c810642f3df215cac70d2fafd80a6d7377cbea591af54e33087120,2,2,0,0,0,0,0.0,"{""unregistered_without_marker"":2}",True,measured_ground_band_excluded_from_association_only,306,306,1.5043458659910025,0.0013956628739834054,"[1.4115946012182228,0.9075011334223735]"
new_ground,53,691e1cbb941079cf2380f25aa1c823f950960625efbcfbb39cf5b72604c83ef8,2,2,0,0,0,0,0.0,"{""unregistered_without_marker"":2}",True,measured_ground_band_excluded_from_association_only,841,841,1.5995801363428397,0.0008899807929992898,"[1.6210126066798676,2.0225953632431253]"
new_ground,54,817c6e2221e1578da7331d1f5972e301710d50204c8b26fff2e936a7cd437709,2,2,0,0,0,0,0.0,"{""unregistered_without_marker"":1,""oversize_without_local_geometric_support"":1}",True,measured_ground_band_excluded_from_association_only,925,925,1.2477438941751222,0.0014314144849777444,"[1.5151629447937018,2.4900529955824218]"
new_ground,55,c2601acf259ebc87cf2edc00613ab40f6f0f853271b7ef93a72a89907dc2ff4a,2,2,0,0,0,0,0.0,"{""unregistered_without_marker"":1,""oversize_without_local_geometric_support"":1}",True,measured_ground_band_excluded_from_association_only,1127,1127,1.7041137213160569,0.0009693592786789162,"[1.2337491512298544,2.923072112103303]"
new_ground,56,d58093fc36623a979a6fce18bb31da7ce82ef5b9304dad44d418510d20419a5c,2,2,0,0,0,0,0.0,"{""oversize_without_local_geometric_support"":1}",True,measured_ground_band_excluded_from_association_only,1411,1411,1.7852692188378072,0.0015050075948238595,"[0.9939129352569576,3.7647165680925045]"
new_ground,57,08913ba9fa14d198a285f8a9df0c9b44e35cc564fbe400d62ad79d65c26d51aa,2,2,0,0,0,0,0.0,"{""oversize_without_local_geometric_support"":1}",True,measured_ground_band_excluded_from_association_only,1345,1345,1.6877536913824243,0.0012646307547886648,"[0.7405174970626827,3.7107107664148016]"
new_ground,58,24548a702b135d874839012bbb0c857400785eb6543aafe8e59820e45f1273a0,2,2,0,0,0,0,0.0,"{""oversize_without_local_geometric_support"":1}",False,insufficient_ground_spatial_extent,0,1026,1.9643611943669383,0.0035705506801604336,"[0.4898531436920184,3.259177437673012]"
new_ground,59,b8af4c22e56724832d68068c799c3a0e170132e24dfde3059bfd12c402971d3e,2,2,0,0,0,0,0.0,"{""oversize_without_local_geometric_support"":1}",False,insufficient_ground_spatial_extent,0,596,2.597483717903723,0.008468698958555954,"[0.22628712654113858,2.7441254382332163]"
new_ground,60,f9d3787255a4849d781bd5fc561f52a38257d3d364d29923e27725557c2010bf,2,2,0,0,0,0,0.0,"{""unregistered_without_marker"":1}",False,ground_height_inconsistent_with_public_mount,0,,,0.07149518181880321,
new_ground,61,16fc5c4d9314fab332f806277c4dd96261d2d8c2697ed0b70ae3c23ed963ba8a,2,2,0,0,0,0,0.0,"{""unregistered_without_marker"":1}",False,insufficient_near_ground_support,0,,,,
new_ground,62,2666779c8e28b972ef4f39eab904bd35c6fc414a783552a5b9dd79f1f04fdffc,2,2,0,0,0,0,0.0,"{""unregistered_without_marker"":1}",False,insufficient_near_ground_support,0,,,,
new_ground,63,cedb965a70fc6323a2ff9c3b4ed3bcad93d5868259b3d7858043fb7c0b0a858a,2,2,0,0,0,0,0.0,"{""oversize_without_local_geometric_support"":1}",False,insufficient_ground_spatial_extent,0,110,2.7594780064064564,0.009121398379405288,"[0.19419180691447896,1.0628083411657805]"
new_ground,64,465ac0d3160d2715819a68843e490db641fe1583b94b835c12e5602220cc8cba,2,2,0,0,0,0,0.0,"{""oversize_without_local_geometric_support"":1,""unregistered_without_marker"":3}",True,measured_ground_band_excluded_from_association_only,918,918,1.5463015723528672,0.0014041081070901296,"[1.598299206652924,2.687356396344925]"
new_ground,65,43b5d7f5aea26fe79e9c00242d5397482156292e9472661f0bf63a29720b6243,2,2,0,0,0,0,0.0,"{""unregistered_without_marker"":4,""oversize_without_local_geometric_support"":1}",True,measured_ground_band_excluded_from_association_only,1331,1331,1.3363929871011853,0.0014878588418167915,"[3.2599494419991975,2.5233956575393677]"
new_ground,66,185ae8e0c76305ebd2b33c8ae3ad30e5d453c3696893ff9b6e939ff333344ed4,2,2,0,0,0,0,0.0,"{""unregistered_without_marker"":3,""oversize_without_local_geometric_support"":1}",True,measured_ground_band_excluded_from_association_only,1476,1476,1.4490596201061596,0.0017289596299329135,"[3.724989235401154,2.2685004472732544]"
new_ground,67,502f0bdccb10ce75382e96fcd7d60de3c18e878337a4638743f6cb066b24937e,2,2,0,0,0,0,0.0,"{""unregistered_without_marker"":2,""oversize_without_local_geometric_support"":1}",True,measured_ground_band_excluded_from_association_only,1513,1513,1.6438522410925689,0.0014879494905469803,"[3.7657333090901375,2.0084980726242065]"
new_ground,68,1f1e25bf79f89c9113395a214236e97d47b21c85fd7e1daefdf6e64fb8fb579d,2,2,0,0,0,0,0.0,"{""unregistered_without_marker"":1,""oversize_without_local_geometric_support"":1}",True,measured_ground_band_excluded_from_association_only,1443,1443,1.5817021774821185,0.0013657450675964578,"[3.493897719929616,1.7521281242370605]"
new_ground,69,6cf9f0a7494b0ae8fb5f991921986904d4263fbe90b7c4b61f7459ed00c5f2f6,2,2,0,0,0,0,0.0,"{""oversize_without_local_geometric_support"":1}",True,measured_ground_band_excluded_from_association_only,1341,1341,1.3508046665804612,0.0009681324164073635,"[3.261334827790658,1.510050654411316]"
new_ground,70,d829a7edc4ce54046d41d9a16eaad488ce39f8e84369a28ca52232ee2ec7cb01,2,2,0,0,0,0,0.0,"{""oversize_without_local_geometric_support"":1,""unregistered_without_marker"":1}",True,measured_ground_band_excluded_from_association_only,1930,1930,1.3204549574839595,0.0012254456679027248,"[5.3769736114488715,2.1918584028963606]"
new_ground,71,917ef7f427d48b757ffed62d8f07a9230cbd5eddc91419cece922909b89c6001,2,2,0,0,0,0,0.0,"{""unregistered_without_marker"":2}",True,measured_ground_band_excluded_from_association_only,1258,1258,1.2070026370785707,0.0008918099105358346,"[3.13364676736097,2.2779675565694175]"
new_ground,72,232770a4d34dfc3dfbda628f198486b12d629a42af7e813a5ffea3fd675839f2,2,2,0,0,0,0,0.0,"{""unregistered_without_marker"":2}",True,measured_ground_band_excluded_from_association_only,1257,1257,1.229875078027273,0.0008186986049019129,"[3.1787936384339313,2.263330927634229]"
new_ground,73,0a0f801dc49f0dc5cea77513e632f8c43f65d4e9ad06e87bc77a55b63aa8543f,2,2,0,0,0,0,0.0,"{""oversize_without_local_geometric_support"":1,""unregistered_without_marker"":1}",True,measured_ground_band_excluded_from_association_only,1936,1936,1.2844582630200954,0.0007801766196887661,"[5.325272898860267,2.1696890991102418]"
new_ground,74,e7d45493b59108b194e0e680f7fd14a11e40d0ee5db7f305feac24d8ad439729,2,2,0,0,0,0,0.0,"{""oversize_without_local_geometric_support"":1}",True,measured_ground_band_excluded_from_association_only,1342,1342,1.3650805393449943,0.0006962334116301649,"[3.22359503681461,1.5177581310272217]"
new_ground,75,f7c342948633024a12584a6bbb6710f228b62f4183df194483bca87dee6a173c,2,2,0,0,0,0,0.0,"{""oversize_without_local_geometric_support"":1}",True,measured_ground_band_excluded_from_association_only,1263,1263,1.8421722031508059,0.001098548620939166,"[2.997266311198473,1.2477703094482422]"
new_ground,76,b5bbac2cd47738d0a229b7a349a8556e0ac70ce1e17f4d5f3543d3f2bac4a3ab,2,2,0,0,0,0,0.0,"{""oversize_without_local_geometric_support"":1}",True,measured_ground_band_excluded_from_association_only,1136,1136,1.8450798057718265,0.002022051811218395,"[2.7623629545172057,1.0103377103805542]"
new_ground,77,45367030d288516ae02e3e5c7a8f1167c278f86e4a13c0dd316a2119fb78200c,2,2,0,0,0,0,0.0,"{""oversize_without_local_geometric_support"":1}",True,measured_ground_band_excluded_from_association_only,968,968,1.8313855770615453,0.002369086196025161,"[2.4883181862533092,0.7405290603637695]"
new_ground,78,811d5b88892e8749efb91444b1b379c075deca90f0bb2d117fcb97580875a4bd,2,2,0,0,0,0,0.0,"{""unregistered_without_marker"":1}",False,insufficient_ground_spatial_extent,0,754,2.0484989833059344,0.004139556487401275,"[2.2449029038349786,0.4796478748321533]"
new_ground,79,04e7dfae6da1c32134ec87296d300eaac0423bdabd4de04a0541e62b29a90a3f,2,2,0,0,0,0,0.0,"{""oversize_without_local_geometric_support"":1}",True,measured_ground_band_excluded_from_association_only,1346,1346,1.7690721418113504,0.002233126759529136,"[5.498279095267427,1.225957926343443]"
new_ground,80,adaa2d2ce8ee2377e25a54759d156cb2f25f751ae5fb8f335d5e951c25b67766,2,2,0,0,0,0,0.0,"{""oversize_without_local_geometric_support"":1,""unregistered_without_marker"":1}",True,measured_ground_band_excluded_from_association_only,1761,1761,1.5984921359245148,0.0013377085328100113,"[4.233756129413338,2.707272667095152]"
new_ground,81,b7a2a300d3f226903319a3de596fc0ceefb31914ef7e51d561dd33012a5e9954,3,2,0,0,0,0,0.0,"{""unregistered_without_marker"":1}",True,measured_ground_band_excluded_from_association_only,1492,1492,2.1046100048943543,0.0021924403806526938,"[2.7701073884964,2.8497044891118977]"
new_ground,82,9800bf0b6a16f4f441d37c32d884cfb0943ddfe1dc49c62d8f6aeb716ceb985b,3,3,0,0,2,1,0.017022949887198158,"{""unregistered_without_marker"":2}",True,measured_ground_band_excluded_from_association_only,1505,1505,2.3637347458391336,0.002330813805262344,"[2.639721512794494,2.9557925388216955]"
new_ground,83,690199d43d657a8927d96091f7ec5b74cd2d13ac8343fc00303ae23b1dd15b4d,3,3,0,0,2,1,0.017022949887198158,"{""unregistered_without_marker"":2}",True,measured_ground_band_excluded_from_association_only,1524,1524,2.440890019538212,0.002689437568187625,"[2.617885470390318,2.994384663800399]"
new_ground,84,a2401bf4732f46142173670c012e6aa6918aa3e98723aa16bf51395fbcb97fd3,3,3,0,0,2,1,0.017022949887198158,"{""unregistered_without_marker"":2}",True,measured_ground_band_excluded_from_association_only,1553,1553,2.1735178221126197,0.0017125919461250527,"[2.680287122726441,3.11229038486878]"
new_ground,85,78969202e07979509db543b2ef7b528d39dbfce01e73f156eeb008c89274e48c,3,3,0,0,2,1,0.017022949887198158,"{""unregistered_without_marker"":2}",True,measured_ground_band_excluded_from_association_only,1639,1639,1.5771882880426182,0.0009134612977504952,"[2.666310548782348,3.7021405374010388]"
new_ground,86,dcdf362117bb3d6730e19d96c51f69b4288a5b9d01d8a330476f41c2da4fdf27,3,3,0,0,2,1,0.017022949887198158,"{""unregistered_without_marker"":2}",True,measured_ground_band_excluded_from_association_only,1638,1638,1.5575415690895251,0.0015298838416734073,"[2.6813569068908696,3.7509396970272046]"
new_ground,87,b2180002d23f5a8671c30b2d28c2b9955977957844a23490752e7967efc50a70,3,3,0,1,2,2,0.009023755397848943,"{""unregistered_without_marker"":1}",True,measured_ground_band_excluded_from_association_only,1159,1159,2.5075180586723786,0.002689837416013363,"[4.115807083207241,3.069818172609252]"
new_ground,88,d6ee311781b76868d578f32df8132942182c6a5b4cdf69eaa6c1ff4cb9ea6c1c,3,3,0,2,2,2,0.0033705386224632816,"{""unregistered_without_marker"":2}",False,measured_ground_residual_exceeds_noise_contract,0,,3.1273966829903896,0.004831855744123481,
new_ground,89,f3dea0bea65d9ae0e6b9867d7cd73e9304ddf387b0535d5905cdead61496b63c,3,3,0,1,2,2,0.003370538639095755,"{""unregistered_without_marker"":2}",False,measured_ground_residual_exceeds_noise_contract,0,,3.0967133087748135,0.004434606929619944,
new_ground,90,541fb8b534d75c4ace849c1c716b2c84bb3f71c71e9ab52522abb974e7714787,3,3,0,0,2,2,0.003370538639095755,"{""unregistered_without_marker"":1}",True,measured_ground_band_excluded_from_association_only,1162,1162,2.483854269582701,0.003090651333332084,"[4.2001007836975575,3.117148414492812]"
new_ground,91,d2058d38a536e3a1cd6b789e07cd04316cc39a73c931112d29b1aa9d132a27b8,3,3,0,0,2,2,0.003370538639095755,"{""unregistered_without_marker"":2}",True,measured_ground_band_excluded_from_association_only,1639,1639,1.5833992984106782,0.001379111409187339,"[2.640432834625244,3.7335729512075564]"
new_ground,92,093af219767a3adb089c7f9929365ba2a97dd6a51744024a860bf155ed7a8f35,3,3,0,0,2,2,0.003370538639095755,"{""unregistered_without_marker"":3}",True,measured_ground_band_excluded_from_association_only,1790,1790,1.4779701249888506,0.0009755432605745851,"[2.615178227424621,4.202867380032934]"
new_ground,93,78448835d9f29afa13dc387e96c03a471e02775735378c8880f21af45f01b334,3,3,0,0,2,2,0.003370538639095755,"{""unregistered_without_marker"":6}",True,measured_ground_band_excluded_from_association_only,2040,2040,1.5200475012804544,0.0009303977092107729,"[2.6358438730239873,4.3086668203274385]"
new_ground,94,530d7c5090ab778282c8b6d11fea49eae6dffc31cdc7de7ce9694499f23a3708,4,3,0,0,2,2,0.003370538639095755,"{""unregistered_without_marker"":5}",True,measured_ground_band_excluded_from_association_only,2038,2038,1.6211776929809776,0.001506235698858771,"[2.6379014253616315,4.507765375077724]"
new_ground,95,87efd7a7446ef4fd25545c574646e63b8496e50da62716bbdcb579cb68b2d43a,4,3,1,0,2,2,0.003370538639095755,"{""unregistered_without_marker"":6,""multiple_components_claim_instance"":2}",True,measured_ground_band_excluded_from_association_only,1998,1998,1.8300228569024268,0.0012530177831650002,"[2.641167283058169,4.767938683430352]"
new_ground,96,e03466d72d14ffb47dad538e6473f5c34f53b19c39dcde974ff098ac86ac3f2c,4,3,1,0,2,2,0.003370538639095755,"{""unregistered_without_marker"":5,""insufficient_overlap_fraction"":1}",True,measured_ground_band_excluded_from_association_only,1921,1921,2.0062419099692934,0.0018996921678385847,"[2.6518380641937265,5.080602031201122]"
new_ground,97,9f483593473308bf11e2f6f33d3cf2a1e94442f3a71b62714422f06ba5d09da5,4,3,0,0,2,2,0.003370538639095755,"{""unregistered_without_marker"":2,""insufficient_overlap_fraction"":1}",True,measured_ground_band_excluded_from_association_only,1827,1827,2.24871197881813,0.0019425056874753377,"[2.657135367393497,5.369406829277672]"
new_ground,98,aea626d53128b58230f834749539d3e64279c794455e6ba78c42b1b0cb06d1f6,4,3,0,0,2,2,0.003370538639095755,"{""unregistered_without_marker"":1,""insufficient_overlap_fraction"":1}",True,measured_ground_band_excluded_from_association_only,1770,1770,2.580654140619916,0.0038254785041015316,"[2.6692066192626953,5.423548723260559]"
new_ground,99,132e88a71e2175a4af45c47c7be5ca1a08d45a8b2451550a4a10bd832e95c90f,4,3,0,0,2,2,0.003370538639095755,"{""unregistered_without_marker"":2,""insufficient_overlap_fraction"":1}",True,measured_ground_band_excluded_from_association_only,1727,1727,2.6426244914716817,0.0028383026520413246,"[2.6968809366226205,5.405589985350765]"
new_ground,100,cf415359d49fd2414db8b9ff3d6c23698502a41e8e0533af3fd801ca4e18ccfc,4,3,0,0,2,2,0.003370538639095755,"{""unregistered_without_marker"":1,""insufficient_overlap_fraction"":1}",True,measured_ground_band_excluded_from_association_only,1729,1729,2.631245128496618,0.0022900516788163516,"[2.6633204221725446,5.449887404839196]"
new_ground,101,757e6accaa3287163ca27712a0069ef9e4f9c31f37c5195b16a61d9c41c0c43d,4,3,0,0,2,2,0.003370538639095755,"{""insufficient_overlap_fraction"":1,""unregistered_without_marker"":1}",True,measured_ground_band_excluded_from_association_only,1750,1750,2.515918007789266,0.0031077976028123233,"[3.7485036032993913,4.253242578966345]"
new_ground,102,9113aca9f39ce98c5e2528d6090b08bbde887b2c3551006a1e8acb85eabd55ae,4,4,0,0,4,2,0.003370538639095755,"{""unregistered_without_marker"":4}",True,measured_ground_band_excluded_from_association_only,1587,1587,2.8585304849776394,0.003746503591537498,"[5.551047694651289,4.73275532862377]"
new_ground,103,cde849b4e0cafe2b690fd88bca1254915001fc9d6febfc46739189efb65fd219,4,3,1,1,2,0,0.0,"{""unregistered_without_marker"":2,""multiple_components_claim_instance"":2}",True,measured_ground_band_excluded_from_association_only,1438,1438,2.0627315117386282,0.002091491222381503,"[5.1028562287489585,2.6245183944702175]"
new_ground,104,097176ef024e314a5b81df0f657736902455b3129f5d16b80bcad7aa4b735f5f,4,4,0,1,4,2,0.003521076389230382,"{""unregistered_without_marker"":2}",True,measured_ground_band_excluded_from_association_only,1395,1395,1.604502781300391,0.001371351629495643,"[5.242240386704606,2.6502799987792978]"
new_ground,105,c2da219558498b83dd35b7d5e0a6977cb1a555f788dba5748d15f833c6dc0483,4,4,0,1,4,2,0.0035210763909491183,"{""unregistered_without_marker"":1}",True,measured_ground_band_excluded_from_association_only,1453,1453,1.4945138619638383,0.0009637241562208132,"[3.671662675837676,2.634714841842652]"
new_ground,106,8fc036fee223244d5a18129109c8058030f75579398e1673aee5468c69bec077,4,4,0,0,4,2,0.0035210763909491183,"{""unregistered_without_marker"":1}",True,measured_ground_band_excluded_from_association_only,1389,1389,1.454303349636979,0.001427637040615104,"[3.5547016623119507,2.634302139282229]"
new_ground,107,98cc6477c3d6f803715ee0eee3c696e3d3e51696c1c0d1a66bd174e76b52e5bb,4,4,0,0,4,2,0.0035210763909491183,"{""unregistered_without_marker"":1}",True,measured_ground_band_excluded_from_association_only,1091,1091,1.7888985411092724,0.0014176905155183217,"[3.05449461812774,2.623435735702515]"
new_ground,108,542d1ef25ca17e587e34cde9688050875a5fde9307151107d9a4b0117bb43b0c,4,4,0,0,4,2,0.0035210763909491183,"{""unregistered_without_marker"":3}",True,measured_ground_band_excluded_from_association_only,1041,1041,1.3124639567514202,0.0009641426304974887,"[4.813045211227317,3.993273164182778]"
new_ground,109,da84f77810457b02a7f62a764dc24075675e9173461d6f94ef5a0aa051ad4aad,4,4,0,0,4,2,0.0035210763909491183,"{""unregistered_without_marker"":1}",True,measured_ground_band_excluded_from_association_only,866,866,1.4625520476613687,0.000887625167767303,"[2.7720855090848473,4.089332681795075]"
new_ground,110,6fcaff60f12735b17adf0d6c96723efc0cf86e826e228df1bdcdc6983b89cf35,4,4,0,0,4,2,0.0035210763909491183,"{""unregistered_without_marker"":1}",True,measured_ground_band_excluded_from_association_only,859,859,1.5408626983216591,0.0006425383190314937,"[2.8007465223097103,4.078129947358712]"
new_ground,111,d2173e41b89fdd3716bd9f7515c9faa162cc743d2f768f4830d7b511e36a3d86,4,4,0,0,4,2,0.0035210763909491183,"{""unregistered_without_marker"":2}",True,measured_ground_band_excluded_from_association_only,992,992,1.2384913521609344,0.0014520327250161502,"[2.50560593605042,5.218916830917201]"
new_ground,112,afcc58fa0f7d185b28ec9d7934c106f5f3a63e9aa0e9771b4ea8f1cc24859650,4,4,0,0,4,2,0.0035210763909491183,"{""unregistered_without_marker"":2}",True,measured_ground_band_excluded_from_association_only,1175,1175,1.2721697077248364,0.0002696901559831044,"[3.0489774147442947,2.229660541433036]"
new_ground,113,61d329b0a7328729b79988c3a8b8d710d613848da92532590d33966a2af5124a,4,4,0,0,4,2,0.0035210763909491183,"{""oversize_without_local_geometric_support"":1,""unregistered_without_marker"":1}",True,measured_ground_band_excluded_from_association_only,1771,1771,1.3778075589244994,0.00080012306571009,"[4.354414728472179,2.086703161407236]"
new_ground,114,17a1eeb30be42af73c35ae2d60830d80dc7dcc37d99f0420c3af1ef59d1540fe,4,4,0,0,4,2,0.0035210763909491183,"{""oversize_without_local_geometric_support"":1}",True,measured_ground_band_excluded_from_association_only,1922,1922,1.2010053871546622,0.0008897535502911946,"[5.162758889297644,1.5241773128509486]"
new_ground,115,670365bca702d9e2afab03be50213432fc92ccb658f27bf2d3a469e73fceaeb7,4,4,0,0,4,2,0.0035210763909491183,"{""oversize_without_local_geometric_support"":1}",True,measured_ground_band_excluded_from_association_only,1794,1794,1.706483785121983,0.00151435683170964,"[4.6082325130701065,1.234802722930909]"
new_ground,116,c80a4c04b32dddab0d276be193b99de274943d205108ebc10639550372f928c6,4,4,0,0,4,2,0.0035210763909491183,"{""oversize_without_local_geometric_support"":1}",True,measured_ground_band_excluded_from_association_only,1600,1600,1.753158444386207,0.002160957952340614,"[4.162117280066013,0.9848841428756785]"
new_ground,117,d4e766dc6291a77f3ab38d48af2677c77fe4ccb6599065d57638df4f1f3703cc,4,4,0,0,4,2,0.0035210763909491183,"{""oversize_without_local_geometric_support"":1}",True,measured_ground_band_excluded_from_association_only,1341,1341,1.575946524254797,0.00263922189672805,"[3.774962251385053,0.746578335762023]"
new_ground,118,c8c1df7cf889ccdae1b227d186c7d693df6b48d5c2a52f459fd809d0ae17eaab,4,4,0,0,4,2,0.0035210763909491183,"{""oversize_without_local_geometric_support"":1}",False,insufficient_ground_spatial_extent,0,1030,1.9865936609885493,0.0024097204208374245,"[3.247873081515233,0.48473870754241855]"
new_ground,119,7fc84504d4ba3d0caf38d9d5e87263b98debd29023bf3ebc706a88caceaf7802,4,4,0,0,4,2,0.0035210763909491183,"{""oversize_without_local_geometric_support"":1}",True,measured_ground_band_excluded_from_association_only,1310,1310,1.7973447411135233,0.0025663030644258455,"[4.12834899424144,1.2126912994573518]"
new_ground,120,97929ce73c5637b4be811055d10b299adb743ad9d6ae65dded3f9e20e25ce712,4,4,0,0,4,2,0.0035210763909491183,"{""oversize_without_local_geometric_support"":1}",True,measured_ground_band_excluded_from_association_only,1698,1698,1.5591301858274305,0.0012349749604859683,"[3.275129168692773,2.6021433392041002]"
new_ground,121,98f80335ace1451ca213fa9f37a4619b3eeb8b63e056048d687cfc86cff5b9c1,4,4,0,1,4,2,0.001771074753661006,"{""oversize_without_local_geometric_support"":1}",True,measured_ground_band_excluded_from_association_only,1489,1489,2.3195321532628146,0.0029513192673525923,"[2.5114063024520896,2.8459027285377214]"
new_ground,122,2b0b3ae8b011cc1b03cfe6f63bd4e0c0581097c504faef2d283120c1cb0728ef,4,4,0,0,4,2,0.001771074753661006,"{""oversize_without_local_geometric_support"":1}",True,measured_ground_band_excluded_from_association_only,1481,1481,2.4589400934731174,0.0033671001593272853,"[2.2689477205276516,2.903725819041334]"
new_ground,123,5190a6e5964db0da4a33e5c98b2a63144372c7c0da575850ae025228892faa20,4,4,0,1,4,2,0.00042847940277201957,"{""oversize_without_local_geometric_support"":1}",True,measured_ground_band_excluded_from_association_only,1473,1473,2.3724591416082297,0.0029478137691814066,"[2.0039449930191027,3.0384706929326066]"
new_ground,124,b0fd919a55271ee3bfabda128a193f179f32101854c6e2d3c48ede32b3be1a75,4,4,0,0,4,2,0.00042847940277201957,"{""oversize_without_local_geometric_support"":1}",True,measured_ground_band_excluded_from_association_only,1498,1498,1.8585663102851548,0.0018347876767316196,"[1.7680274248123165,3.2003282370666684]"
new_ground,125,89bf87f4de0aa27b1f3ba9cebdd80309dadf9b7401edaa8e1770ffa91816d3d5,4,4,0,0,4,2,0.00042847940277201957,"{""oversize_without_local_geometric_support"":1}",True,measured_ground_band_excluded_from_association_only,1518,1518,1.3745370282379146,0.0008914870520432272,"[1.4997637271881132,3.387304487327736]"
new_ground,126,2e6e5723ca1543bc89f83cb6a26f69b2d4c5ccf3fedf6766ba85eb4f4c32de35,4,4,0,0,4,2,0.00042847940277201957,"{""oversize_without_local_geometric_support"":1}",True,measured_ground_band_excluded_from_association_only,1524,1524,1.2890648744580435,0.001229148606459174,"[1.5165369510650586,3.385088476041955]"
new_ground,127,c6ea680d1dbab2cdc0a22ef3ae26e02add1f698c0fb70614876bb2eafd69cc10,4,4,0,0,4,2,0.00042847940277201957,"{""oversize_without_local_geometric_support"":1}",True,measured_ground_band_excluded_from_association_only,1616,1616,1.6861607489510113,0.0015107830365497232,"[1.2500560283660875,3.702950658897559]"
new_ground,128,464a35e4ec6edd5a7ada63eb1cc1b799852b8138e81cbbfbd1b846c952354860,4,4,0,0,4,2,0.00042847940277201957,"{""oversize_without_local_geometric_support"":1}",True,measured_ground_band_excluded_from_association_only,1570,1570,1.7853284920288628,0.0018777104715507198,"[0.9984551668167134,3.7343939890464153]"
new_ground,129,7b7a40aec16a75dbb0b127a1137ead17af704b31c911db73b5e830a650b6d9b9,4,4,0,0,4,2,0.00042847940277201957,"{""oversize_without_local_geometric_support"":1}",True,measured_ground_band_excluded_from_association_only,1333,1333,1.697750769347326,0.0025410468379657436,"[0.7347686290740993,3.5284223333001146]"
new_ground,130,e812832fbb9afb02265234e86722d3dd1ed1aef2d9fa2291bd9775472c765bcc,4,4,0,0,4,2,0.00042847940277201957,"{""oversize_without_local_geometric_support"":1}",False,insufficient_ground_spatial_extent,0,1029,1.9647132615292096,0.003323332965374126,"[0.4907939434051529,3.247329507023095]"
new_ground,131,9eb7abf48acc700a52356d4d4ddd317d2520cf8496e6a1d42819c9d2d5e189bd,4,4,0,0,4,2,0.00042847940277201957,"{""oversize_without_local_geometric_support"":1}",False,insufficient_ground_spatial_extent,0,596,2.664708319591055,0.008702689409256115,"[0.24741578102112083,2.7628452330827713]"
new_ground,132,2184b441ad28e49c1079fe9ba969479052cc93e1af250effdf6fe96ac77e2d30,4,4,0,0,4,2,0.00042847940277201957,"{""unregistered_without_marker"":1}",False,ground_height_inconsistent_with_public_mount,0,,,0.07001885548233999,
new_ground,133,c2ddc207f9edc64bda5518045e00fa81d54b99fe1ed772da49b99b256cacc180,4,4,0,0,4,2,0.00042847940277201957,"{""unregistered_without_marker"":1}",False,insufficient_near_ground_support,0,,,,
new_ground,134,b70e3d7c0b5c3024c8122add8ce964f73eff4c57eb382068124ca9c62ec624cf,4,4,0,0,4,2,0.00042847940277201957,"{""unregistered_without_marker"":1}",False,insufficient_near_ground_support,0,,,,
new_ground,135,39860dc586fb579f452f40eccce05d41f1e1e6c58afa426aa7289f7afdf2109f,4,4,0,0,4,2,0.00042847940277201957,"{""oversize_without_local_geometric_support"":1}",False,insufficient_ground_spatial_extent,0,109,2.7939486464426033,0.009237519403298644,"[0.1903402423885926,1.0912745770998762]"
new_ground,136,0724d6c7b7be1d9b2791e9e966fb26e870ce9709c3140d82f8e6f09af552d42b,4,4,0,0,4,2,0.00042847940277201957,"{""unregistered_without_marker"":6}",True,measured_ground_band_excluded_from_association_only,989,989,1.3470907723629073,0.0009878305097420492,"[1.8520988229411581,4.05815044576873]"
new_ground,137,fa618fcab3dccf4ba13689bbef7b4d175df0cf03c3f3b96dd1f0ed9bb8028534,4,4,0,2,4,2,0.00042852399840531685,"{""unregistered_without_marker"":4}",True,measured_ground_band_excluded_from_association_only,1168,1168,1.577543124072675,0.0015040750304856632,"[2.3167232374350224,2.6371178627014142]"
new_ground,138,b7536dba75924ee16fbfcb06d7764b2970650d94cf3bd7b19eff6e43e5f51770,4,4,0,1,4,2,0.00042852613234389825,"{""unregistered_without_marker"":4}",True,measured_ground_band_excluded_from_association_only,1231,1231,1.447196238243348,0.00037548094987871483,"[2.473272815346717,2.630062818527221]"
new_ground,139,cc8e9867b8253750e5488f63122767a741dce937af27d93a4e5e434ce2f2c9dd,4,4,0,0,4,2,0.00042852613234389825,"{""unregistered_without_marker"":3}",True,measured_ground_band_excluded_from_association_only,1322,1322,1.5527551231669086,0.0010883450508119008,"[2.647507892300686,2.661847472190855]"
new_ground,140,bbda5ba9695cd2afb4913bd9f5ef50199b5feb51c0371dfbc4b3446a7aa65ab8,4,4,0,0,4,2,0.00042852613234389825,"{""unregistered_without_marker"":4}",True,measured_ground_band_excluded_from_association_only,1249,1249,1.480098134845282,0.0012514072159927059,"[2.4024123822649326,2.652496933937071]"
new_ground,141,df17ffa502ec62b65c1cd2c9b88d8824ad8d8b60e302d079993b6793e094f8b0,4,4,0,0,4,2,0.00042852613234389825,"{""unregistered_without_marker"":4}",True,measured_ground_band_excluded_from_association_only,1168,1168,1.6378914166729779,0.0016849478085835257,"[2.161003101617098,2.654019594192503]"
new_ground,142,5f851e1bfef4a5cfc266bcf092a2b5e98e2464505b49f78e1a93a63309d45327,4,4,0,0,4,2,0.00042852613234389825,"{""unregistered_without_marker"":3}",True,measured_ground_band_excluded_from_association_only,1078,1078,1.60509003955198,0.0017084755003453633,"[2.1112641034026973,2.64442789554596]"
new_ground,143,a5590075ab39d6759504d4be9a16173d740352493a95590db7a685df7d7179e6,4,4,0,0,4,2,0.00042852613234389825,"{""unregistered_without_marker"":4}",True,measured_ground_band_excluded_from_association_only,1045,1045,1.4834275006958302,0.0017381673057874636,"[2.2553918510675457,2.6574914455413836]"
new_ground,144,81250d1fc7a6c46cedc6d6dc0b17adf9e747dd9390ac9c9da3748d791ff860c4,4,4,0,0,4,2,0.00042852613234389825,"{""unregistered_without_marker"":4,""oversize_without_local_geometric_support"":1}",True,measured_ground_band_excluded_from_association_only,1093,1093,1.5878867584003298,0.0013061217963695748,"[2.573468187203013,2.7934330701828]"
new_ground,145,8f548eba0440144c83e2f2b5856d3713660cddb69b36522f13a410701cb3eeaf,4,4,0,0,4,2,0.00042852613234389825,"{""unregistered_without_marker"":3,""oversize_without_local_geometric_support"":1}",True,measured_ground_band_excluded_from_association_only,1155,1155,1.3591705568672194,0.0017603141566115976,"[2.8197436481714275,2.541111469268798]"
new_ground,146,186d19afd4c13befb3d3f5f5fc1b7a68d7aae2ebf850401d85dbf103bfa9df32,4,4,0,0,4,2,0.00042852613234389825,"{""unregistered_without_marker"":3,""oversize_without_local_geometric_support"":1}",True,measured_ground_band_excluded_from_association_only,1285,1285,1.3740445311845484,0.0017612206439178157,"[3.1621738250056928,2.2694112062454237]"
new_ground,147,28ebbf6ea0bcf2f3d2594f46a346250611426371ebd2d50de7637980a4efed3d,4,4,0,0,4,2,0.00042852613234389825,"{""unregistered_without_marker"":2,""oversize_without_local_geometric_support"":1}",True,measured_ground_band_excluded_from_association_only,1485,1485,1.5594759338219952,0.0016152103741965407,"[3.595498024175566,1.997796535491943]"
new_ground,148,c440e09218bca14591c92592d1d82e18a06a6a2fcd89842a8ef458c836452290,4,4,0,0,4,2,0.00042852613234389825,"{""unregistered_without_marker"":1,""oversize_without_local_geometric_support"":1}",True,measured_ground_band_excluded_from_association_only,1450,1450,1.5182660027805421,0.001421870291233085,"[3.505027227103711,1.775412917137143]"
new_ground,149,bb20a453c37be7fb93ebe580a528c533df5e14c7965f3c06503cc83d742b59a1,4,4,0,0,4,2,0.00042852613234389825,"{""oversize_without_local_geometric_support"":1}",True,measured_ground_band_excluded_from_association_only,1341,1341,1.3853692327660578,0.0007142004867396468,"[3.2142841269572586,1.5053933858871429]"
new_ground,150,1d64661393ae5af71832e5cb936b1ddf2ef090653c6274bfe0c349510b1cca92,4,4,0,0,4,2,0.00042852613234389825,"{""oversize_without_local_geometric_support"":1}",True,measured_ground_band_excluded_from_association_only,1262,1262,1.7651464457868926,0.0018332938353222694,"[3.037880153705677,1.2593165636062604]"
new_ground,151,2f062b8e6faed55ff3a8e7a7e06f221d55f76c2cff616f84159d1c4ee077d003,4,4,0,0,4,2,0.00042852613234389825,"{""oversize_without_local_geometric_support"":1}",True,measured_ground_band_excluded_from_association_only,1130,1130,1.7894671304268606,0.0015391051769256814,"[2.764963390926521,0.9968055486679059]"
new_ground,152,0c89df106bfb0e775cbc40f825b1f0a88885c3ea84c72140bba1a0a6a513b925,4,4,0,0,4,2,0.00042852613234389825,"{""oversize_without_local_geometric_support"":1}",True,measured_ground_band_excluded_from_association_only,968,968,1.7959983490386024,0.002723255753517284,"[2.4780034211774673,0.7329502105712877]"
new_ground,153,0296a3007ae544f32134b50f584676aa57f836826a4d9fc2a9c165e0bf060e17,4,4,0,0,4,2,0.00042852613234389825,"{""unregistered_without_marker"":1}",True,measured_ground_band_excluded_from_association_only,755,755,2.036602544019194,0.0032585427165032765,"[2.265594574312369,0.5037626028060909]"
new_ground,154,eb45f1e6d9136b086797a27d3f43eb55aa28f8085d3d29e489bfab6665506a52,4,4,0,0,4,2,0.00042852613234389825,"{""unregistered_without_marker"":1}",False,insufficient_ground_spatial_extent,0,454,2.6050439056074444,0.007838653028011344,"[2.00086410343647,0.2248936891555775]"
new_ground,155,7b9ffb27009a0d5c321b46c38adf3bfdc05f3c1b6fd1108388555a7df0333d1e,4,4,0,0,4,2,0.00042852613234389825,"{""unregistered_without_marker"":1}",False,ground_height_inconsistent_with_public_mount,0,,,0.07105973387757947,
new_ground,156,df10fafef8981f865fe87c93ca0e9ecff3681acb003c0f1fb3cfcf258c6db402,4,4,0,0,4,2,0.00042852613234389825,"{""unregistered_without_marker"":1}",False,insufficient_near_ground_support,0,,,,
new_ground,157,5d22cfca164473387a303f43bdac046aa73f6585e525ddb0a4682c152b93aee2,4,4,0,0,4,2,0.00042852613234389825,"{""unregistered_without_marker"":1}",False,insufficient_near_ground_support,0,,,,
new_ground,158,0b7b0a3f75eb7e05ede7df160138947d6b890725a274de28b0b457c0905c2528,4,4,0,0,4,2,0.00042852613234389825,"{""oversize_without_local_geometric_support"":1}",False,insufficient_ground_spatial_extent,0,108,2.617668134336797,0.0071683093905449136,"[1.0151201954644118,0.1896074442481555]"
new_ground,159,0dd63e9fd99d78459af83daef220cea175ab0566c43af2fa6f1ec390486e5d11,4,4,0,0,4,2,0.00042852613234389825,"{""oversize_without_local_geometric_support"":1,""unregistered_without_marker"":5}",True,measured_ground_band_excluded_from_association_only,1003,1003,1.2282945597271508,0.0004180163145063309,"[4.120299193581621,1.9811689384144198]"
new_ground,160,bab2ba39454a894b90bf051a05c3f28f180adb1ee16a1b9c192ec9cc19b635f9,4,4,0,0,4,2,0.00042852613234389825,"{""unregistered_without_marker"":6}",True,measured_ground_band_excluded_from_association_only,1514,1514,1.3935678148069541,0.001081475615501426,"[2.6586467027664176,3.1517865136265772]"
