run_id,paid_step,selected_kind,selected_node,selected_heading,selected_score,selected_expected_gain,selected_cost,candidate_options,forecast_candidates,positive_forecast_candidates,remaining,routing_reason,feasible_direct_options,feasible_diagnostic_options
dev_AISLE_B_b160_n92801,0,measurement_initialization,n_001_000,1,,,21,2,0,0,160,upstream_goal_with_paid_return_reserve,0,0
dev_AISLE_B_b160_n92801,5,direct,n_001_001,3,0.07875000000000001,1.8900000000000003,24,32,8,0,155,upstream_goal_with_paid_return_reserve,32,0
dev_AISLE_B_b160_n92801,12,direct,n_000_001,1,0.13546034578665037,3.2510482988796086,24,39,16,7,148,upstream_goal_with_paid_return_reserve,32,7
dev_AISLE_B_b160_n92801,25,direct,n_000_003,1,0.06718750000000001,2.1500000000000004,32,32,16,0,135,upstream_goal_with_paid_return_reserve,32,0
dev_AISLE_B_b160_n92801,38,direct,n_002_003,0,0.09809523809523812,4.120000000000001,42,32,16,0,122,upstream_goal_with_paid_return_reserve,32,0
dev_AISLE_B_b160_n92801,48,direct,n_000_004,1,0.024255319148936173,1.1400000000000001,47,32,16,0,112,upstream_goal_with_paid_return_reserve,32,0
dev_AISLE_B_b160_n92801,72,direct,n_001_005,0,0.024400000000000005,1.2200000000000002,50,32,16,0,88,upstream_goal_with_paid_return_reserve,32,0
dev_AISLE_B_b160_n92801,86,direct,n_001_005,10,0.06360165857615999,2.3532613673179195,37,35,24,3,74,upstream_goal_with_paid_return_reserve,32,3
dev_AISLE_B_b160_n92801,89,direct,n_003_005,0,0.0058181818181818196,0.32000000000000006,55,32,24,0,71,upstream_goal_with_paid_return_reserve,32,0
dev_AISLE_B_b160_n92801,100,direct,n_003_004,7,0.0020338983050847462,0.12000000000000002,59,21,32,0,60,upstream_goal_with_paid_return_reserve,21,0
dev_AISLE_B_b160_n92801,110,direct,n_002_005,6,0.011165039960607068,0.5582519980303534,50,7,32,6,50,upstream_goal_with_paid_return_reserve,7,0
dev_AISLE_B_b160_n92801,126,,,,,,,0,32,5,34,return,0,0
dev_AISLE_B_b160_n92801,127,,,,,,,0,32,5,33,return,0,0
dev_AISLE_B_b160_n92801,128,,,,,,,0,32,4,32,return,0,0
dev_AISLE_B_b160_n92801,129,,,,,,,0,32,3,31,return,0,0
dev_AISLE_B_b160_n92801,130,,,,,,,0,32,3,30,return,0,0
dev_AISLE_B_b160_n92801,131,,,,,,,0,32,4,29,return,0,0
dev_AISLE_B_b160_n92801,132,,,,,,,0,32,3,28,return,0,0
dev_AISLE_B_b160_n92801,133,,,,,,,0,32,3,27,return,0,0
dev_AISLE_B_b160_n92801,134,,,,,,,0,32,4,26,return,0,0
dev_AISLE_B_b160_n92801,135,,,,,,,0,32,4,25,return,0,0
dev_AISLE_B_b160_n92801,136,,,,,,,0,32,11,24,return,0,0
dev_AISLE_B_b160_n92801,137,,,,,,,0,32,5,23,return,0,0
dev_AISLE_B_b160_n92801,138,,,,,,,0,32,6,22,return,0,0
dev_AISLE_B_b160_n92801,139,,,,,,,0,32,14,21,return,0,0
dev_AISLE_B_b160_n92801,140,,,,,,,0,32,7,20,return,0,0
dev_AISLE_B_b160_n92801,141,,,,,,,0,32,6,19,return,0,0
dev_AISLE_B_b160_n92801,142,,,,,,,0,32,12,18,return,0,0
dev_AISLE_B_b160_n92801,143,,,,,,,0,32,10,17,return,0,0
dev_AISLE_B_b160_n92801,144,,,,,,,0,32,10,16,return,0,0
dev_AISLE_B_b160_n92801,145,,,,,,,0,32,12,15,return,0,0
dev_AISLE_B_b160_n92801,146,,,,,,,0,32,6,14,return,0,0
dev_AISLE_B_b160_n92801,147,,,,,,,0,32,13,13,return,0,0
dev_AISLE_B_b160_n92801,148,,,,,,,0,32,12,12,return,0,0
dev_AISLE_B_b160_n92801,149,,,,,,,0,32,12,11,return,0,0
dev_AISLE_B_b160_n92801,150,,,,,,,0,32,12,10,return,0,0
dev_AISLE_B_b160_n92801,151,,,,,,,0,32,12,9,return,0,0
dev_AISLE_B_b160_n92801,152,,,,,,,0,32,14,8,return,0,0
dev_AISLE_B_b160_n92801,153,,,,,,,0,32,15,7,return,0,0
dev_AISLE_B_b160_n92801,154,,,,,,,0,32,13,6,return,0,0
dev_AISLE_B_b160_n92801,155,,,,,,,0,32,12,5,return,0,0
dev_AISLE_B_b160_n92801,156,,,,,,,0,32,14,4,return,0,0
dev_AISLE_B_b160_n92801,157,,,,,,,0,32,16,3,return,0,0
dev_AISLE_B_b160_n92801,158,,,,,,,0,32,16,2,return,0,0
dev_AISLE_B_b160_n92801,159,,,,,,,0,32,16,1,return,0,0
dev_AISLE_B_b160_n92801,160,,,,,,,0,32,8,0,home_xy_and_yaw_reached,0,0
dev_AISLE_G_b160_n92801,0,measurement_initialization,n_001_000,1,,,21,2,0,0,160,upstream_goal_with_paid_return_reserve,0,0
dev_AISLE_G_b160_n92801,5,direct,n_001_001,3,0.07875000000000001,1.8900000000000003,24,32,8,0,155,upstream_goal_with_paid_return_reserve,32,0
dev_AISLE_G_b160_n92801,12,direct,n_000_001,1,0.13821914618149325,3.3172595083558383,24,39,16,7,148,upstream_goal_with_paid_return_reserve,32,7
dev_AISLE_G_b160_n92801,25,direct,n_000_003,1,0.06718750000000001,2.1500000000000004,32,32,16,0,135,upstream_goal_with_paid_return_reserve,32,0
dev_AISLE_G_b160_n92801,38,direct,n_002_003,0,0.09809523809523812,4.120000000000001,42,32,16,0,122,upstream_goal_with_paid_return_reserve,32,0
dev_AISLE_G_b160_n92801,48,direct,n_000_004,1,0.024255319148936173,1.1400000000000001,47,32,16,0,112,upstream_goal_with_paid_return_reserve,32,0
dev_AISLE_G_b160_n92801,72,direct,n_001_005,0,0.024400000000000005,1.2200000000000002,50,32,16,0,88,upstream_goal_with_paid_return_reserve,32,0
dev_AISLE_G_b160_n92801,86,direct,n_001_005,10,0.0638380531087902,2.3620079650252377,37,35,24,3,74,upstream_goal_with_paid_return_reserve,32,3
dev_AISLE_G_b160_n92801,89,direct,n_003_005,0,0.0058181818181818196,0.32000000000000006,55,32,24,0,71,upstream_goal_with_paid_return_reserve,32,0
dev_AISLE_G_b160_n92801,100,direct,n_003_004,7,0.0020338983050847462,0.12000000000000002,59,21,32,0,60,upstream_goal_with_paid_return_reserve,21,0
dev_AISLE_G_b160_n92801,110,direct,n_002_005,6,0.01119568675973702,0.559784337986851,50,7,32,6,50,upstream_goal_with_paid_return_reserve,7,0
dev_AISLE_G_b160_n92801,126,,,,,,,0,32,5,34,return,0,0
dev_AISLE_G_b160_n92801,127,,,,,,,0,32,5,33,return,0,0
dev_AISLE_G_b160_n92801,128,,,,,,,0,32,4,32,return,0,0
dev_AISLE_G_b160_n92801,129,,,,,,,0,32,3,31,return,0,0
dev_AISLE_G_b160_n92801,130,,,,,,,0,32,3,30,return,0,0
dev_AISLE_G_b160_n92801,131,,,,,,,0,32,4,29,return,0,0
dev_AISLE_G_b160_n92801,132,,,,,,,0,32,3,28,return,0,0
dev_AISLE_G_b160_n92801,133,,,,,,,0,32,3,27,return,0,0
dev_AISLE_G_b160_n92801,134,,,,,,,0,32,4,26,return,0,0
dev_AISLE_G_b160_n92801,135,,,,,,,0,32,4,25,return,0,0
dev_AISLE_G_b160_n92801,136,,,,,,,0,32,11,24,return,0,0
dev_AISLE_G_b160_n92801,137,,,,,,,0,32,5,23,return,0,0
dev_AISLE_G_b160_n92801,138,,,,,,,0,32,6,22,return,0,0
dev_AISLE_G_b160_n92801,139,,,,,,,0,32,14,21,return,0,0
dev_AISLE_G_b160_n92801,140,,,,,,,0,32,7,20,return,0,0
dev_AISLE_G_b160_n92801,141,,,,,,,0,32,6,19,return,0,0
dev_AISLE_G_b160_n92801,142,,,,,,,0,32,12,18,return,0,0
dev_AISLE_G_b160_n92801,143,,,,,,,0,32,10,17,return,0,0
dev_AISLE_G_b160_n92801,144,,,,,,,0,32,10,16,return,0,0
dev_AISLE_G_b160_n92801,145,,,,,,,0,32,12,15,return,0,0
dev_AISLE_G_b160_n92801,146,,,,,,,0,32,6,14,return,0,0
dev_AISLE_G_b160_n92801,147,,,,,,,0,32,13,13,return,0,0
dev_AISLE_G_b160_n92801,148,,,,,,,0,32,12,12,return,0,0
dev_AISLE_G_b160_n92801,149,,,,,,,0,32,12,11,return,0,0
dev_AISLE_G_b160_n92801,150,,,,,,,0,32,12,10,return,0,0
dev_AISLE_G_b160_n92801,151,,,,,,,0,32,12,9,return,0,0
dev_AISLE_G_b160_n92801,152,,,,,,,0,32,14,8,return,0,0
dev_AISLE_G_b160_n92801,153,,,,,,,0,32,15,7,return,0,0
dev_AISLE_G_b160_n92801,154,,,,,,,0,32,13,6,return,0,0
dev_AISLE_G_b160_n92801,155,,,,,,,0,32,12,5,return,0,0
dev_AISLE_G_b160_n92801,156,,,,,,,0,32,14,4,return,0,0
dev_AISLE_G_b160_n92801,157,,,,,,,0,32,16,3,return,0,0
dev_AISLE_G_b160_n92801,158,,,,,,,0,32,16,2,return,0,0
dev_AISLE_G_b160_n92801,159,,,,,,,0,32,16,1,return,0,0
dev_AISLE_G_b160_n92801,160,,,,,,,0,32,8,0,home_xy_and_yaw_reached,0,0
dev_AISLE_S_b160_n92801,0,measurement_initialization,n_001_000,1,,,21,2,0,0,160,upstream_goal_with_paid_return_reserve,0,0
dev_AISLE_S_b160_n92801,5,direct,n_001_001,3,0.07875000000000001,1.8900000000000003,24,32,8,0,155,upstream_goal_with_paid_return_reserve,32,0
dev_AISLE_S_b160_n92801,12,direct,n_000_001,1,0.13546034578665037,3.2510482988796086,24,39,16,7,148,upstream_goal_with_paid_return_reserve,32,7
dev_AISLE_S_b160_n92801,25,direct,n_000_003,1,0.06718750000000001,2.1500000000000004,32,32,16,0,135,upstream_goal_with_paid_return_reserve,32,0
dev_AISLE_S_b160_n92801,38,direct,n_002_003,0,0.09809523809523812,4.120000000000001,42,32,16,0,122,upstream_goal_with_paid_return_reserve,32,0
dev_AISLE_S_b160_n92801,48,direct,n_000_004,1,0.024255319148936173,1.1400000000000001,47,32,16,0,112,upstream_goal_with_paid_return_reserve,32,0
dev_AISLE_S_b160_n92801,72,direct,n_001_005,0,0.024400000000000005,1.2200000000000002,50,32,16,0,88,upstream_goal_with_paid_return_reserve,32,0
dev_AISLE_S_b160_n92801,86,direct,n_001_005,10,0.06360165857615999,2.3532613673179195,37,35,24,3,74,upstream_goal_with_paid_return_reserve,32,3
dev_AISLE_S_b160_n92801,89,direct,n_003_005,0,0.0058181818181818196,0.32000000000000006,55,32,24,0,71,upstream_goal_with_paid_return_reserve,32,0
dev_AISLE_S_b160_n92801,100,direct,n_003_004,7,0.0020338983050847462,0.12000000000000002,59,21,32,0,60,upstream_goal_with_paid_return_reserve,21,0
dev_AISLE_S_b160_n92801,110,direct,n_002_005,6,0.011165039960607068,0.5582519980303534,50,7,32,6,50,upstream_goal_with_paid_return_reserve,7,0
dev_AISLE_S_b160_n92801,126,,,,,,,0,32,5,34,return,0,0
dev_AISLE_S_b160_n92801,127,,,,,,,0,32,5,33,return,0,0
dev_AISLE_S_b160_n92801,128,,,,,,,0,32,4,32,return,0,0
dev_AISLE_S_b160_n92801,129,,,,,,,0,32,3,31,return,0,0
dev_AISLE_S_b160_n92801,130,,,,,,,0,32,3,30,return,0,0
dev_AISLE_S_b160_n92801,131,,,,,,,0,32,4,29,return,0,0
dev_AISLE_S_b160_n92801,132,,,,,,,0,32,3,28,return,0,0
dev_AISLE_S_b160_n92801,133,,,,,,,0,32,3,27,return,0,0
dev_AISLE_S_b160_n92801,134,,,,,,,0,32,4,26,return,0,0
dev_AISLE_S_b160_n92801,135,,,,,,,0,32,4,25,return,0,0
dev_AISLE_S_b160_n92801,136,,,,,,,0,32,11,24,return,0,0
dev_AISLE_S_b160_n92801,137,,,,,,,0,32,5,23,return,0,0
dev_AISLE_S_b160_n92801,138,,,,,,,0,32,6,22,return,0,0
dev_AISLE_S_b160_n92801,139,,,,,,,0,32,14,21,return,0,0
dev_AISLE_S_b160_n92801,140,,,,,,,0,32,7,20,return,0,0
dev_AISLE_S_b160_n92801,141,,,,,,,0,32,6,19,return,0,0
dev_AISLE_S_b160_n92801,142,,,,,,,0,32,12,18,return,0,0
dev_AISLE_S_b160_n92801,143,,,,,,,0,32,10,17,return,0,0
dev_AISLE_S_b160_n92801,144,,,,,,,0,32,10,16,return,0,0
dev_AISLE_S_b160_n92801,145,,,,,,,0,32,12,15,return,0,0
dev_AISLE_S_b160_n92801,146,,,,,,,0,32,6,14,return,0,0
dev_AISLE_S_b160_n92801,147,,,,,,,0,32,13,13,return,0,0
dev_AISLE_S_b160_n92801,148,,,,,,,0,32,12,12,return,0,0
dev_AISLE_S_b160_n92801,149,,,,,,,0,32,12,11,return,0,0
dev_AISLE_S_b160_n92801,150,,,,,,,0,32,12,10,return,0,0
dev_AISLE_S_b160_n92801,151,,,,,,,0,32,12,9,return,0,0
dev_AISLE_S_b160_n92801,152,,,,,,,0,32,14,8,return,0,0
dev_AISLE_S_b160_n92801,153,,,,,,,0,32,15,7,return,0,0
dev_AISLE_S_b160_n92801,154,,,,,,,0,32,13,6,return,0,0
dev_AISLE_S_b160_n92801,155,,,,,,,0,32,12,5,return,0,0
dev_AISLE_S_b160_n92801,156,,,,,,,0,32,14,4,return,0,0
dev_AISLE_S_b160_n92801,157,,,,,,,0,32,16,3,return,0,0
dev_AISLE_S_b160_n92801,158,,,,,,,0,32,16,2,return,0,0
dev_AISLE_S_b160_n92801,159,,,,,,,0,32,16,1,return,0,0
dev_AISLE_S_b160_n92801,160,,,,,,,0,32,8,0,home_xy_and_yaw_reached,0,0
