parent,assignment,option,reference,coverage,asset_f1,joint,completed,eligible,global_joint,actions,path_m,collisions
D18-P00,A_open_B_closed,continue_coverage,2026,1.0,0.9572605406642056,0.9572605406642056,1.0,True,0.9952000450610107,188,30.0,0
D18-P00,A_open_B_closed,continue_coverage,2027,1.0,0.9607059276481336,0.9607059276481336,1.0,True,0.9953659909432085,188,30.0,0
D18-P00,A_open_B_closed,continue_coverage,2028,1.0,0.9592713358279523,0.9592713358279523,1.0,True,0.9939767835509853,188,30.0,0
D18-P00,A_open_B_closed,observe_asset_A,2026,1.0,0.959643105502302,0.959643105502302,1.0,True,0.9939076065805122,188,32.0,0
D18-P00,A_open_B_closed,observe_asset_A,2027,1.0,0.9629982816622378,0.9629982816622378,1.0,True,0.9950169763935571,188,32.0,0
D18-P00,A_open_B_closed,observe_asset_A,2028,1.0,0.9615922062938629,0.9615922062938629,1.0,True,0.9926738697193358,188,32.0,0
D18-P00,A_open_B_closed,observe_asset_B,2026,1.0,0.9417518779370414,0.9417518779370414,1.0,True,0.9949431434032516,188,30.400000000000002,0
D18-P00,A_open_B_closed,observe_asset_B,2027,1.0,0.9466975537584285,0.9466975537584285,1.0,True,0.9948515255842274,188,30.400000000000002,0
D18-P00,A_open_B_closed,observe_asset_B,2028,1.0,0.9472473665297414,0.9472473665297414,1.0,True,0.993459301888075,188,30.400000000000002,0
D18-P00,A_closed_B_open,continue_coverage,2026,1.0,0.9564884891472273,0.9564884891472273,1.0,True,0.9947043921044665,188,30.0,0
D18-P00,A_closed_B_open,continue_coverage,2027,1.0,0.956776083124103,0.956776083124103,1.0,True,0.9952609702900823,188,30.0,0
D18-P00,A_closed_B_open,continue_coverage,2028,1.0,0.9565937462341629,0.9565937462341629,1.0,True,0.9939384805528968,188,30.0,0
D18-P00,A_closed_B_open,observe_asset_A,2026,1.0,0.9563946680985353,0.9563946680985353,1.0,True,0.9945996304131369,188,33.2,0
D18-P00,A_closed_B_open,observe_asset_A,2027,1.0,0.9549178311083499,0.9549178311083499,1.0,True,0.9954191920811918,188,33.2,0
D18-P00,A_closed_B_open,observe_asset_A,2028,1.0,0.955813312276881,0.955813312276881,1.0,True,0.9942655141571209,188,33.2,0
D18-P00,A_closed_B_open,observe_asset_B,2026,1.0,0.9595939532283184,0.9595939532283184,1.0,True,0.9947872243659874,186,32.0,0
D18-P00,A_closed_B_open,observe_asset_B,2027,1.0,0.9583767500923215,0.9583767500923215,1.0,True,0.9955145516052897,186,32.0,0
D18-P00,A_closed_B_open,observe_asset_B,2028,1.0,0.9599044398228608,0.9599044398228608,1.0,True,0.994279978353936,186,32.0,0
D18-P01,A_open_B_closed,continue_coverage,2026,1.0,0.946650459108769,0.946650459108769,1.0,True,0.99512070922657,208,36.800000000000004,0
D18-P01,A_open_B_closed,continue_coverage,2027,1.0,0.9486736323645272,0.9486736323645272,1.0,True,0.9936566558509304,208,36.800000000000004,0
D18-P01,A_open_B_closed,continue_coverage,2028,1.0,0.9466873511877754,0.9466873511877754,1.0,True,0.9921628200521423,208,36.800000000000004,0
D18-P01,A_open_B_closed,observe_asset_A,2026,0.9976053639846744,0.9323136764693161,0.930081124562062,1.0,True,0.9909119374947082,208,36.800000000000004,0
D18-P01,A_open_B_closed,observe_asset_A,2027,0.9976053639846744,0.938416614185233,0.9361694479635251,1.0,True,0.9897887990509373,208,36.800000000000004,0
D18-P01,A_open_B_closed,observe_asset_A,2028,0.9976053639846744,0.9363641113250422,0.9341218601006048,1.0,True,0.9882195483934856,208,36.800000000000004,0
D18-P01,A_open_B_closed,observe_asset_B,2026,1.0,0.9545613742963432,0.9545613742963432,1.0,True,0.9958405442804473,208,37.2,0
D18-P01,A_open_B_closed,observe_asset_B,2027,1.0,0.9578457243866956,0.9578457243866956,1.0,True,0.9948071032454586,208,37.2,0
D18-P01,A_open_B_closed,observe_asset_B,2028,1.0,0.9565302092778545,0.9565302092778545,1.0,True,0.993734856395294,208,37.2,0
D18-P01,A_closed_B_open,continue_coverage,2026,1.0,0.9799330546975928,0.9799330546975928,1.0,True,0.9972172098656218,204,36.800000000000004,0
D18-P01,A_closed_B_open,continue_coverage,2027,1.0,0.9806347212696719,0.9806347212696719,1.0,True,0.9971320774801085,204,36.800000000000004,0
D18-P01,A_closed_B_open,continue_coverage,2028,1.0,0.9813352194782863,0.9813352194782863,1.0,True,0.9969744313251268,204,36.800000000000004,0
D18-P01,A_closed_B_open,observe_asset_A,2026,1.0,0.9461244230824029,0.9461244230824029,1.0,True,0.9934924960434841,208,36.800000000000004,0
D18-P01,A_closed_B_open,observe_asset_A,2027,1.0,0.9424169800556967,0.9424169800556967,1.0,True,0.9948639402554268,208,36.800000000000004,0
D18-P01,A_closed_B_open,observe_asset_A,2028,1.0,0.9455627334646926,0.9455627334646926,1.0,True,0.9937006611954222,208,36.800000000000004,0
D18-P01,A_closed_B_open,observe_asset_B,2026,1.0,0.9349818189401071,0.9349818189401071,1.0,True,0.9920897919378837,208,36.0,0
D18-P01,A_closed_B_open,observe_asset_B,2027,1.0,0.9316800733397272,0.9316800733397272,1.0,True,0.9945854667894215,208,36.0,0
D18-P01,A_closed_B_open,observe_asset_B,2028,1.0,0.9350267432504213,0.9350267432504213,1.0,True,0.9939371621397526,208,36.0,0
