case_index,parent,hypothesis,mode,paid_actions,translation_m,saved_frames,C_map,precision,recall,f1,joint,returned,eligible_as_terminal,measurement_scope,mesh_path,measurement_path
0,P00,0,G,18,12.0,19,0.7125850340136054,0.857208251953125,0.305755615234375,0.4507384001426661,0.32118943819689977,True,False,saved_trajectory_intermediate_checkpoint,audit_results/article_stage_20260928/reconstruction_checkpoints/case00/step18_mesh.npz,audit_results/article_stage_20260928/reconstruction_checkpoints/case00/step18_measurement.json
0,P00,0,G,24,16.0,25,0.7840136054421769,0.816802978515625,0.310791015625,0.45025962993332025,0.3530096758490827,False,False,saved_trajectory_intermediate_checkpoint,audit_results/article_stage_20260928/reconstruction_checkpoints/case00/step24_mesh.npz,audit_results/article_stage_20260928/reconstruction_checkpoints/case00/step24_measurement.json
0,P00,0,G,30,20.0,31,0.9574829931972789,0.8447265625,0.574127197265625,0.683622946263416,0.6545573448066382,False,False,saved_trajectory_intermediate_checkpoint,audit_results/article_stage_20260928/reconstruction_checkpoints/case00/step30_mesh.npz,audit_results/article_stage_20260928/reconstruction_checkpoints/case00/step30_measurement.json
0,P00,0,G,36,22.0,37,0.9574829931972789,0.87445068359375,0.749053955078125,0.806909604647027,0.7726022234970684,False,False,saved_trajectory_intermediate_checkpoint,audit_results/article_stage_20260928/reconstruction_checkpoints/case00/step36_mesh.npz,audit_results/article_stage_20260928/reconstruction_checkpoints/case00/step36_measurement.json
0,P00,0,G,42,26.0,43,0.9574829931972789,0.873382568359375,0.749114990234375,0.8064899336236534,0.7722003956294504,True,True,saved_trajectory_endpoint_remeasurement,audit_results/article_stage_20260928/reconstruction_checkpoints/case00/step42_mesh.npz,audit_results/article_stage_20260928/reconstruction_checkpoints/case00/step42_measurement.json
1,P00,0,S,18,12.0,19,0.7125850340136054,0.857208251953125,0.305755615234375,0.4507384001426661,0.32118943819689977,True,False,saved_trajectory_intermediate_checkpoint,audit_results/article_stage_20260928/reconstruction_checkpoints/case01/step18_mesh.npz,audit_results/article_stage_20260928/reconstruction_checkpoints/case01/step18_measurement.json
1,P00,0,S,24,16.0,25,0.7840136054421769,0.816802978515625,0.310791015625,0.45025962993332025,0.3530096758490827,False,False,saved_trajectory_intermediate_checkpoint,audit_results/article_stage_20260928/reconstruction_checkpoints/case01/step24_mesh.npz,audit_results/article_stage_20260928/reconstruction_checkpoints/case01/step24_measurement.json
1,P00,0,S,30,20.0,31,0.9574829931972789,0.8447265625,0.574127197265625,0.683622946263416,0.6545573448066382,False,False,saved_trajectory_intermediate_checkpoint,audit_results/article_stage_20260928/reconstruction_checkpoints/case01/step30_mesh.npz,audit_results/article_stage_20260928/reconstruction_checkpoints/case01/step30_measurement.json
1,P00,0,S,36,22.0,37,0.9574829931972789,0.87445068359375,0.749053955078125,0.806909604647027,0.7726022234970684,False,False,saved_trajectory_intermediate_checkpoint,audit_results/article_stage_20260928/reconstruction_checkpoints/case01/step36_mesh.npz,audit_results/article_stage_20260928/reconstruction_checkpoints/case01/step36_measurement.json
1,P00,0,S,42,26.0,43,0.9574829931972789,0.873382568359375,0.749114990234375,0.8064899336236534,0.7722003956294504,True,True,saved_trajectory_endpoint_remeasurement,audit_results/article_stage_20260928/reconstruction_checkpoints/case01/step42_mesh.npz,audit_results/article_stage_20260928/reconstruction_checkpoints/case01/step42_measurement.json
2,P00,1,G,18,12.0,19,0.7125850340136054,0.857208251953125,0.30682373046875,0.4518979506140953,0.32201571650902366,True,False,saved_trajectory_intermediate_checkpoint,audit_results/article_stage_20260928/reconstruction_checkpoints/case02/step18_mesh.npz,audit_results/article_stage_20260928/reconstruction_checkpoints/case02/step18_measurement.json
2,P00,1,G,24,16.0,25,0.7840136054421769,0.816802978515625,0.311798095703125,0.45131556062377054,0.3538375398767997,False,False,saved_trajectory_intermediate_checkpoint,audit_results/article_stage_20260928/reconstruction_checkpoints/case02/step24_mesh.npz,audit_results/article_stage_20260928/reconstruction_checkpoints/case02/step24_measurement.json
2,P00,1,G,30,20.0,31,0.9574829931972789,0.850372314453125,0.474395751953125,0.6090319109962602,0.5831376970933579,False,False,saved_trajectory_intermediate_checkpoint,audit_results/article_stage_20260928/reconstruction_checkpoints/case02/step30_mesh.npz,audit_results/article_stage_20260928/reconstruction_checkpoints/case02/step30_measurement.json
2,P00,1,G,36,24.0,37,0.9574829931972789,0.85760498046875,0.59576416015625,0.7030977838363404,0.6732041705779925,False,False,saved_trajectory_intermediate_checkpoint,audit_results/article_stage_20260928/reconstruction_checkpoints/case02/step36_mesh.npz,audit_results/article_stage_20260928/reconstruction_checkpoints/case02/step36_measurement.json
2,P00,1,G,42,28.0,43,0.9574829931972789,0.855987548828125,0.595794677734375,0.7025748303948325,0.6727034515515148,True,True,saved_trajectory_endpoint_remeasurement,audit_results/article_stage_20260928/reconstruction_checkpoints/case02/step42_mesh.npz,audit_results/article_stage_20260928/reconstruction_checkpoints/case02/step42_measurement.json
3,P00,1,S,18,12.0,19,0.7125850340136054,0.857208251953125,0.30682373046875,0.4518979506140953,0.32201571650902366,True,False,saved_trajectory_intermediate_checkpoint,audit_results/article_stage_20260928/reconstruction_checkpoints/case03/step18_mesh.npz,audit_results/article_stage_20260928/reconstruction_checkpoints/case03/step18_measurement.json
3,P00,1,S,24,16.0,25,0.7840136054421769,0.81561279296875,0.31097412109375,0.45027057971348805,0.3530182606257109,False,False,saved_trajectory_intermediate_checkpoint,audit_results/article_stage_20260928/reconstruction_checkpoints/case03/step24_mesh.npz,audit_results/article_stage_20260928/reconstruction_checkpoints/case03/step24_measurement.json
3,P00,1,S,30,20.0,31,0.9574829931972789,0.84503173828125,0.549652099609375,0.666062739904317,0.6377437458607661,False,False,saved_trajectory_intermediate_checkpoint,audit_results/article_stage_20260928/reconstruction_checkpoints/case03/step30_mesh.npz,audit_results/article_stage_20260928/reconstruction_checkpoints/case03/step30_measurement.json
3,P00,1,S,36,22.0,37,0.9574829931972789,0.87677001953125,0.724945068359375,0.7936618772588299,0.7599177498243558,False,False,saved_trajectory_intermediate_checkpoint,audit_results/article_stage_20260928/reconstruction_checkpoints/case03/step36_mesh.npz,audit_results/article_stage_20260928/reconstruction_checkpoints/case03/step36_measurement.json
3,P00,1,S,42,26.0,43,0.9574829931972789,0.878143310546875,0.724945068359375,0.7942240373897208,0.7604560085891374,True,True,saved_trajectory_endpoint_remeasurement,audit_results/article_stage_20260928/reconstruction_checkpoints/case03/step42_mesh.npz,audit_results/article_stage_20260928/reconstruction_checkpoints/case03/step42_measurement.json
4,P01,0,G,18,12.0,19,0.7290419161676647,0.850372314453125,0.27398681640625,0.4144419639638551,0.30214556354849914,True,False,saved_trajectory_intermediate_checkpoint,audit_results/article_stage_20260928/reconstruction_checkpoints/case04/step18_mesh.npz,audit_results/article_stage_20260928/reconstruction_checkpoints/case04/step18_measurement.json
4,P01,0,G,24,16.0,25,0.7904191616766467,0.789306640625,0.304351806640625,0.43930882199699334,0.3472381108000187,False,False,saved_trajectory_intermediate_checkpoint,audit_results/article_stage_20260928/reconstruction_checkpoints/case04/step24_mesh.npz,audit_results/article_stage_20260928/reconstruction_checkpoints/case04/step24_measurement.json
4,P01,0,G,30,20.0,31,0.9476047904191617,0.813201904296875,0.57598876953125,0.6743425118823936,0.6390101946430466,False,False,saved_trajectory_intermediate_checkpoint,audit_results/article_stage_20260928/reconstruction_checkpoints/case04/step30_mesh.npz,audit_results/article_stage_20260928/reconstruction_checkpoints/case04/step30_measurement.json
4,P01,0,G,36,24.0,37,0.9476047904191617,0.8660888671875,0.690887451171875,0.7686307400873327,0.728358171370182,False,False,saved_trajectory_intermediate_checkpoint,audit_results/article_stage_20260928/reconstruction_checkpoints/case04/step36_mesh.npz,audit_results/article_stage_20260928/reconstruction_checkpoints/case04/step36_measurement.json
4,P01,0,G,42,28.0,43,0.9476047904191617,0.8631591796875,0.69091796875,0.7674936701015238,0.7272806784045877,True,True,saved_trajectory_endpoint_remeasurement,audit_results/article_stage_20260928/reconstruction_checkpoints/case04/step42_mesh.npz,audit_results/article_stage_20260928/reconstruction_checkpoints/case04/step42_measurement.json
5,P01,0,S,18,12.0,19,0.7290419161676647,0.850372314453125,0.27398681640625,0.4144419639638551,0.30214556354849914,True,False,saved_trajectory_intermediate_checkpoint,audit_results/article_stage_20260928/reconstruction_checkpoints/case05/step18_mesh.npz,audit_results/article_stage_20260928/reconstruction_checkpoints/case05/step18_measurement.json
5,P01,0,S,24,16.0,25,0.7904191616766467,0.789306640625,0.304351806640625,0.43930882199699334,0.3472381108000187,False,False,saved_trajectory_intermediate_checkpoint,audit_results/article_stage_20260928/reconstruction_checkpoints/case05/step24_mesh.npz,audit_results/article_stage_20260928/reconstruction_checkpoints/case05/step24_measurement.json
5,P01,0,S,30,20.0,31,0.9476047904191617,0.813201904296875,0.57598876953125,0.6743425118823936,0.6390101946430466,False,False,saved_trajectory_intermediate_checkpoint,audit_results/article_stage_20260928/reconstruction_checkpoints/case05/step30_mesh.npz,audit_results/article_stage_20260928/reconstruction_checkpoints/case05/step30_measurement.json
5,P01,0,S,36,24.0,37,0.9476047904191617,0.8660888671875,0.690887451171875,0.7686307400873327,0.728358171370182,False,False,saved_trajectory_intermediate_checkpoint,audit_results/article_stage_20260928/reconstruction_checkpoints/case05/step36_mesh.npz,audit_results/article_stage_20260928/reconstruction_checkpoints/case05/step36_measurement.json
5,P01,0,S,42,28.0,43,0.9476047904191617,0.8631591796875,0.69091796875,0.7674936701015238,0.7272806784045877,True,True,saved_trajectory_endpoint_remeasurement,audit_results/article_stage_20260928/reconstruction_checkpoints/case05/step42_mesh.npz,audit_results/article_stage_20260928/reconstruction_checkpoints/case05/step42_measurement.json
6,P01,1,G,18,12.0,19,0.7290419161676647,0.850372314453125,0.27398681640625,0.4144419639638551,0.30214556354849914,True,False,saved_trajectory_intermediate_checkpoint,audit_results/article_stage_20260928/reconstruction_checkpoints/case06/step18_mesh.npz,audit_results/article_stage_20260928/reconstruction_checkpoints/case06/step18_measurement.json
6,P01,1,G,24,16.0,25,0.7904191616766467,0.785491943359375,0.28887939453125,0.4224096995222181,0.33388072058043583,False,False,saved_trajectory_intermediate_checkpoint,audit_results/article_stage_20260928/reconstruction_checkpoints/case06/step24_mesh.npz,audit_results/article_stage_20260928/reconstruction_checkpoints/case06/step24_measurement.json
6,P01,1,G,30,20.0,31,0.9476047904191617,0.811492919921875,0.517791748046875,0.6321961693518735,0.5990721185624789,False,False,saved_trajectory_intermediate_checkpoint,audit_results/article_stage_20260928/reconstruction_checkpoints/case06/step30_mesh.npz,audit_results/article_stage_20260928/reconstruction_checkpoints/case06/step30_measurement.json
6,P01,1,G,36,24.0,37,0.9476047904191617,0.855560302734375,0.555419921875,0.6735675358393263,0.6382758236321759,False,False,saved_trajectory_intermediate_checkpoint,audit_results/article_stage_20260928/reconstruction_checkpoints/case06/step36_mesh.npz,audit_results/article_stage_20260928/reconstruction_checkpoints/case06/step36_measurement.json
6,P01,1,G,42,28.0,43,0.9476047904191617,0.854949951171875,0.555450439453125,0.6734007296728102,0.6381177573097139,True,True,saved_trajectory_endpoint_remeasurement,audit_results/article_stage_20260928/reconstruction_checkpoints/case06/step42_mesh.npz,audit_results/article_stage_20260928/reconstruction_checkpoints/case06/step42_measurement.json
7,P01,1,S,18,12.0,19,0.7290419161676647,0.850372314453125,0.27398681640625,0.4144419639638551,0.30214556354849914,True,False,saved_trajectory_intermediate_checkpoint,audit_results/article_stage_20260928/reconstruction_checkpoints/case07/step18_mesh.npz,audit_results/article_stage_20260928/reconstruction_checkpoints/case07/step18_measurement.json
7,P01,1,S,24,16.0,25,0.7904191616766467,0.78826904296875,0.30743408203125,0.4423475010509797,0.34963994095047496,False,False,saved_trajectory_intermediate_checkpoint,audit_results/article_stage_20260928/reconstruction_checkpoints/case07/step24_mesh.npz,audit_results/article_stage_20260928/reconstruction_checkpoints/case07/step24_measurement.json
7,P01,1,S,30,20.0,31,0.9476047904191617,0.816375732421875,0.563873291015625,0.6670281422109748,0.6320790629035136,False,False,saved_trajectory_intermediate_checkpoint,audit_results/article_stage_20260928/reconstruction_checkpoints/case07/step30_mesh.npz,audit_results/article_stage_20260928/reconstruction_checkpoints/case07/step30_measurement.json
7,P01,1,S,36,24.0,37,0.9476047904191617,0.863861083984375,0.68450927734375,0.7637977851969778,0.723778440164202,False,False,saved_trajectory_intermediate_checkpoint,audit_results/article_stage_20260928/reconstruction_checkpoints/case07/step36_mesh.npz,audit_results/article_stage_20260928/reconstruction_checkpoints/case07/step36_measurement.json
7,P01,1,S,42,28.0,43,0.9476047904191617,0.86334228515625,0.68450927734375,0.7635949312324404,0.7235862147756509,True,True,saved_trajectory_endpoint_remeasurement,audit_results/article_stage_20260928/reconstruction_checkpoints/case07/step42_mesh.npz,audit_results/article_stage_20260928/reconstruction_checkpoints/case07/step42_measurement.json
