fixture,support_Q05,v31_region_Q05,boundary_F1_05
corner_gap_000mm,1.0,1.0,1.0
corner_gap_001mm,0.999999995897238,0.6666666666666666,1.0
corner_gap_005mm,0.9999998974309875,0.6666666666666666,1.0
corner_gap_010mm,0.9999995893981941,0.6666666666666666,1.0
corner_gap_020mm,0.9999974951251245,0.6666666666666666,1.0
corner_gap_050mm,0.9999630717703317,0.6666666666666666,1.0
corner_gap_100mm,0.9994591753669736,0.6666666666666666,1.0
corner_gap_300mm,0.9927780867100954,0.6666666666666666,0.9966329966329966
translate_x_001mm,0.9930566230122332,0.9993336665000833,1.0
translate_x_005mm,0.9660063597774423,0.9966749792186201,1.0
translate_x_010mm,0.9337366853926001,0.9933665008291874,1.0
translate_x_020mm,0.8738614703172504,0.9867986798679867,1.0
translate_x_049mm,0.7287629340921601,0.9681145274117456,1.0
translate_x_050mm,0.7243877780926224,0.9674796747967479,1.0
translate_x_051mm,0.6598148148148147,0.6598148148148147,0.6598148148148147
rotate_z_0p5deg,0.9089256941962901,0.9906785548571162,1.0
rotate_z_1deg,0.8272318747076858,0.9816155564322213,1.0
rotate_z_2deg,0.6688418220442794,0.8391437635567627,0.8551837247104039
one_vertical_side_missing,0.9027636647198826,0.6666666666666666,0.9434697855750488
neighbors_gap_010mm,1.0,1.0,1.0
neighbors_gap_010mm_wrong_bridge,0.9976147594398985,0.999760604659685,1.0
neighbors_gap_050mm,1.0,1.0,1.0
neighbors_gap_050mm_wrong_bridge,0.9882959770646886,0.9988067674256558,1.0
neighbors_gap_200mm,1.0,1.0,1.0
neighbors_gap_200mm_wrong_bridge,0.9702175687430972,0.9843602739329926,0.9843602739329926
concave_l_vertical,1.0,1.0,1.0
independent_face_jitter_001mm,0.986750460245537,0.6656380596618977,1.0
independent_face_jitter_005mm,0.935530266247303,0.6615558295794745,1.0
independent_face_jitter_010mm,0.8752409211487814,0.6565241958429517,1.0
ambiguity_closed_solid_missing_corner,0.9999995893981941,0.6666666666666666,1.0
ambiguity_true_open_shell_same_observation,0.9937122322652288,0.6666666666666666,1.0
thin_walls_continuous_002mm,0.9881116289037807,0.9988900728407725,1.0
thin_walls_001mm_opening,0.9881766156740631,0.6666659457388636,1.0
anchor_box_closed,1.0,1.0,1.0
anchor_box_vertical,1.0,1.0,1.0
anchor_box_retriangulated,1.0,1.0,1.0
anchor_box_vertical_retriangulated,1.0,1.0,1.0
anchor_box_duplicate,1.0,1.0,1.0
anchor_box_vertical_duplicate,1.0,1.0,1.0
anchor_box_four_thin_walls,0.9881116289037807,0.9988900728407725,1.0
anchor_l_closed,0.9999999999999999,1.0,1.0
anchor_l_vertical,1.0,1.0,1.0
anchor_box_vertical_missing_side,0.9027636647198826,0.6666666666666666,0.9434697855750488
anchor_box_expanded_030,0.0,0.0,0.0
anchor_box_shifted_030,0.5168272373363695,0.62,0.62
anchor_l_notch_filled,0.8498150579418996,0.8888888888888888,0.9033333333333333
anchor_l_convex_shortcut,0.8646000736594283,0.9151532327909454,0.9151532327909454
anchor_box_extra_detached_box,0.8943906814212262,0.9419753086419753,0.9419753086419753
anchor_box_extra_open_strip,0.8707334842512395,0.9265734265734266,0.9265734265734266
anchor_empty,0.0,0.0,0.0
anchor_both_present,1.0,1.0,1.0
anchor_one_instance_missing,0.5,0.5,0.5
anchor_all_instances_missing,0.0,0.0,0.0
anchor_duplicate_seed,0.0,0.0,0.0
anchor_extra_unassigned_instance,0.6666666666666666,0.6666666666666666,1.0
anchor_empty_extra_duplicate_seed,1.0,1.0,1.0
